LoadGen 魔龙刷怪.txt
N3  356  334  送宝树妖  0  1  30
12 320 474 弓箭守卫 0 1  4    
12 327 467 送宝树妖 0 1  30    
12 100 100 天狼蜘蛛 100 13  4    
12 100 100 暴牙蜘蛛 100 13  4    
12 100 100 钢牙蜘蛛 100 13  4    
12 100 100 花吻蜘蛛 100 13  4    
12 100 100 黑锷蜘蛛 100 13  4 
12 100 100 钢牙蜘蛛0 100 3  42    
12 100 100 钢牙蜘蛛3 100 1  42    
12 100 300 天狼蜘蛛 100 13  4    
12 100 300 暴牙蜘蛛 100 13  4    
12 100 300 钢牙蜘蛛 100 13  4    
12 100 300 花吻蜘蛛 100 13  4    
12 100 300 黑锷蜘蛛 100 13  4    
12 100 300 黑锷蜘蛛0 100 3  42    
12 300 100 天狼蜘蛛 100 13  4    
12 300 100 暴牙蜘蛛 100 13  4    
12 300 100 钢牙蜘蛛 100 13  4    
12 300 100 花吻蜘蛛 100 13  4    
12 300 100 黑锷蜘蛛 100 13  4    
12 300 100 花吻蜘蛛0 100 3  42    
12 300 100 钢牙蜘蛛3 100 7  28    
12 300 300 天狼蜘蛛 100 13  4    
12 300 300 暴牙蜘蛛 100 13  4    
12 300 300 钢牙蜘蛛 100 13  4    
12 300 300 花吻蜘蛛 100 13  4    
12 300 300 黑锷蜘蛛 100 13  4    
12 300 300 花吻蜘蛛3 100 3  42    
12 200 200 天狼蜘蛛 100 13  4    
12 200 200 暴牙蜘蛛 100 13  4    
12 200 200 钢牙蜘蛛 100 13  4    
12 200 200 花吻蜘蛛 100 13  4    
12 200 200 黑锷蜘蛛 100 13  4    
12 200 200 天狼蜘蛛0 100 3  42    
12 200 200 钢牙蜘蛛3 100 7  28    
B102 11 14 圣域教主 10 1  30    
B103 11 14 圣域牛魔王 10 1  30    
B104 11 14 圣域护卫 10 1  4    
B105 11 14 圣域稻草人 10 1  4    
B106 11 14 圣域金刚 10 1  4    
B107 11 14 圣域雪人 10 1  4    
B108 11 14 圣域蛇王 10 1  4    
B109 11 14 圣域猪卫 10 1  4    
B110 11 14 圣域多钩猫 10 1  4    
B111 11 14 圣域杀手 10 1  4    
B112 11 14 圣域祭司 10 1  4    
B113 11 14 圣域将军 10 1  4    
B114 11 14 圣域冥狼 10 1  4    
B115 11 14 圣域法师 10 1  4    
B116 11 14 圣域斗士 10 1  4    
B117 11 14 圣域钉耙猫 10 1  4    
B118 11 14 圣域战士 10 1  4    
B119 11 14 圣域侍卫 10 1  4    
B120 11 14 圣域月魔 10 1  4    
B121 11 14 圣域钳虫 10 1  4    
B122 11 14 圣域精灵 10 1  4    
B123 11 14 圣域魔魂 10 1  30    
B124 11 14 圣域长枪兵 10 1  4    
B125 11 14 圣域血魔 10 1  4    
B126 11 14 圣域修罗 10 1  4    
B127 11 14 圣域蝙蝠 10 1  4    
B128 11 14 圣域刀斧手 10 1  4    
B129 11 14 圣域弓箭手 10 1  4    
B130 11 14 圣域半兽人 10 1  4    
B131 11 14 圣域蝎卫 10 1  4    
B132 11 14 圣域骷髅 10 1  4    
B133 11 14 圣域尸王 10 1  4    
B134 11 14 圣域蛤蟆 10 1  4    
B135 11 14 圣域蝎子 10 1  4    

D001 30 30 山洞蝙蝠 50 34  7    
D001 190 125 蝎子 30 34  7    
D001 250 90 山洞蝙蝠 30 34  7    
D001 250 260 骷髅 30 34  7    
D001 200 200 洞蛆 200 44  6    
D001 200 200 蝎子 200 44  6    
D001 200 200 骷髅 200 44  6    
D001 200 200 骷髅0 200 5  14    
D001 200 200 骷髅战士0 200 5  14    
D001 200 200 山洞蝙蝠 200 34  6    
D001 200 200 山洞蝙蝠 200 34  6    
D001 200 200 骷髅战士 200 44  6    
D001 200 200 骷髅战士 200 44  14    
D001 200 200 骷髅精灵 200 2  84    
D002 200 200 洞蛆 200 56  6    
D002 200 200 骷髅 200 56  6    
D002 200 200 骷髅 200 56  14    
D002 200 200 骷髅0 200 5  14    
D002 200 200 山洞蝙蝠 200 44  6 50   
D002 200 200 山洞蝙蝠 200 44  14    
D002 200 200 掷斧骷髅0 200 5  14    
D002 200 200 掷斧骷髅 200 56  6    
D002 200 200 掷斧骷髅 200 44  14    
D002 200 200 骷髅战士0 200 5  14    
D002 200 200 骷髅战士 200 56  6    
D002 200 200 骷髅战士 200 56  14    
D002 200 200 骷髅战将 200 56  6    
D002 200 200 骷髅战将 200 56  14    
D002 200 200 骷髅战将 200 5  14    
D002 200 200 骷髅精灵 200 2  84    
D003 200 200 洞蛆 200 56  6    
D003 200 200 骷髅 200 56  6    
D003 200 200 骷髅 200 56  14    
D003 200 200 山洞蝙蝠 200 34  6 50   
D003 200 200 山洞蝙蝠 200 44  14    
D003 200 200 山洞蝙蝠0 200 2  7    
D003 200 200 掷斧骷髅 200 56  6    
D003 200 200 掷斧骷髅 200 56  14    
D003 200 200 骷髅战士 200 56  6    
D003 200 200 骷髅战士 200 56  14    
D003 200 200 骷髅战将0 200 5  14    
D003 200 200 骷髅战将 200 56  6    
D003 200 200 骷髅战将 200 56  14    
D003 200 200 骷髅精灵 200 5  84    
D003 200 200 骷髅精灵2 200 2  168 
D003 112 90 送宝树妖 1 1  30    
D011 200 200 蝎子 200 56  6    
D011 200 200 洞蛆 200 56  6    
D011 200 200 骷髅 200 56  6    
D011 200 200 骷髅 200 56  14    
D011 200 200 山洞蝙蝠 200 56  6 100   
D011 200 200 山洞蝙蝠 200 56  14 100   
D011 200 200 山洞蝙蝠0 200 2  7    
D011 200 200 骷髅战士0 200 5  14    
D011 200 200 骷髅战士 200 56  6    
D011 200 200 骷髅战士 200 56  14    
D011 200 200 骷髅战将 200 5  84    
D012 200 200 蝎子 200 66  6    
D012 200 200 洞蛆 200 66  6    
D012 200 200 骷髅 200 66  6    
D012 200 200 骷髅 200 66  14    
D012 200 200 山洞蝙蝠 200 22  6    
D012 200 200 山洞蝙蝠 200 34  6 100   
D012 200 200 山洞蝙蝠 200 44  14 100   
D012 200 200 山洞蝙蝠0 200 5  14    
D012 200 200 掷斧骷髅 200 56  6    
D012 200 200 掷斧骷髅 200 66  14    
D012 200 200 骷髅战士0 200 5  14    
D012 200 200 骷髅战士 200 56  6    
D012 200 200 骷髅战士 200 66  14    
D012 200 200 骷髅战将0 200 5  14    
D012 200 200 骷髅战将 200 56  6    
D012 200 200 骷髅战将 200 66  14    
D012 200 200 骷髅精灵 200 5  84  
DM011  4  8  送宝树妖  0  1  30  
D021 50 44 洞蛆 60 20  4    
D021 50 44 山洞蝙蝠 60 20  4    
D021 50 44 山洞蝙蝠0 60 3  21    
D022 250 250 粪虫 250 39  7    
D022 250 250 沃玛战士 250 52  7    
D022 250 250 沃玛勇士 250 52  7    
D022 250 250 沃玛战将 250 52  7    
D022 250 250 火焰沃玛 250 52  7    
D022 250 250 沃玛卫士 250 3  84    
D022 250 250 山洞蝙蝠0 250 3  14    
D022 250 250 沃玛战士0 250 3  14    
D022 250 250 沃玛勇士0 250 3  14    
D022 250 250 沃玛战将0 250 3  14    
D022 250 250 火焰沃玛0 250 3  14    
D023 200 200 粪虫 200 39  7    
D023 200 200 山洞蝙蝠 200 26  7 100   
D023 200 200 暗黑战士 200 52  7    
D023 200 200 沃玛战士 200 52  7    
D023 200 200 沃玛勇士 200 52  7    
D023 200 200 沃玛战将 200 52  7    
D023 200 200 火焰沃玛 200 52  7    
D023 200 200 沃玛卫士 200 3  84    
D023 200 200 粪虫0 200 1  168    
D023 200 200 山洞蝙蝠0 200 3  14    
D023 200 200 暗黑战士0 200 3  14    
D023 200 200 沃玛战士0 200 3  14    
D023 200 200 沃玛勇士0 200 3  14    
D023 200 200 沃玛战将0 200 3  14    
D023 200 200 火焰沃玛0 200 3  14    
D023 200 200 山洞蝙蝠0 200 3  14    
D10011 200 200 天狼蜘蛛 200 46  4    
D10011 200 200 暴牙蜘蛛 200 26  4    
D10011 200 200 钢牙蜘蛛 200 26  4    
D10011 200 200 月魔蜘蛛 200 46  4    
D10011 200 200 天狼蜘蛛0 200 26  42    
D10011 200 200 钢牙蜘蛛0 200 13  42    
D10012 150 150 暴牙蜘蛛 150 39  4    
D10012 150 150 钢牙蜘蛛 150 39  4    
D10012 150 150 花吻蜘蛛 150 39  4    
D10012 150 150 月魔蜘蛛 150 39  4    
D10012 150 150 花吻蜘蛛0 150 20  42    
D10012 150 150 钢牙蜘蛛0 150 26  42    
D10013 150 150 花吻蜘蛛 150 39  4    
D10013 150 150 月魔蜘蛛 150 39  4    
D10013 150 150 黑锷蜘蛛 150 39  4    
D10013 150 150 花吻蜘蛛0 150 20  42    
D10013 150 150 黑锷蜘蛛0 150 26  42    
D1002 150 150 花吻蜘蛛 150 52  4    
D1002 150 150 月魔蜘蛛 150 52  4    
D1002 150 150 黑锷蜘蛛 150 52  4    
D1002 150 150 花吻蜘蛛0 150 20  42    
D1002 150 150 黑锷蜘蛛0 150 26  42    
D10031 150 150 花吻蜘蛛 150 52  4    
D10031 150 150 月魔蜘蛛 150 52  4    
D10031 150 150 黑锷蜘蛛 150 52  4    
D10031 150 150 花吻蜘蛛0 150 16  42    
D10031 150 150 黑锷蜘蛛0 150 16  42    
D10031 150 150 邪恶巨人 150 3  4    
D10032 150 150 花吻蜘蛛 150 52  4    
D10032 150 150 月魔蜘蛛 150 52  4    
D10032 150 150 黑锷蜘蛛 150 52  4    
D10032 150 150 花吻蜘蛛0 150 16  42    
D10032 150 150 黑锷蜘蛛0 150 16  42    
D10032 150 150 邪恶巨人 150 26  14    
D1004 150 150 花吻蜘蛛 150 39  4    
D1004 150 150 月魔蜘蛛 150 39  4    
D1004 150 150 血巨人 150 7  42    
D1004 150 150 邪恶巨人 150 26  14    
D1004 150 150 血巨人0 150 1  42    
D1004 150 150 邪恶巨人0 150 1  42    
D1004 150 150 花吻蜘蛛0 150 16  42  
D1004 161 132 送宝树妖 1 1  30     
D10051 150 150 月魔蜘蛛 150 39  4    
D10051 150 150 黑锷蜘蛛 150 39  4    
D10051 150 150 邪恶巨人 150 20  4    
D10051 150 150 血巨人 150 7  42    
D10051 150 150 血僵尸 150 7  42    
D10051 150 150 血巨人0 150 1  42    
D10051 150 150 血僵尸0 150 1  42    
D10051 150 150 邪恶巨人0 150 1  42    
D10051 150 150 黑锷蜘蛛0 150 33  42    
D10052 150 150 月魔蜘蛛 150 39  4    
D10052 150 150 黑锷蜘蛛 150 39  4    
D10052 150 150 邪恶巨人 150 20  4    
D10052 150 150 血巨人 150 7  42    
D10052 150 150 血僵尸 150 7  42    
D10052 150 150 血巨人0 150 1  42    
D10052 150 150 血僵尸0 150 1  42    
D10052 150 150 邪恶巨人0 150 1  42    
D10052 150 150 黑锷蜘蛛0 150 23  42    
D10053 75 75 楔蛾 75 33  7    
D10053 75 75 蝎蛇 75 20  7    
D10053 75 75 红野猪 75 39  7    
D10053 75 75 黑野猪 75 39  7    
D10053 75 75 黑色恶蛆 75 39  7    
D10053 75 75 白野猪0 75 20  7    
D10053 75 75 白野猪 75 3  21    
D10054 75 75 楔蛾 75 33  7    
D10054 75 75 蝎蛇 75 20  7    
D10054 75 75 红野猪 75 39  7    
D10054 75 75 黑野猪 75 39  7    
D10054 75 75 黑色恶蛆 75 39  7    
D10054 75 75 白野猪0 75 20  7    
D10054 75 75 白野猪 75 3  21    
D10054 155 231 虹魔猪卫 75 1  42    
D10054 155 231 虹魔蝎卫 75 1  42    
D10061 14 20 双头血魔 25 3  7    
D10061 14 20 邪恶巨人 25 3  7    
D10061 14 20 双头金刚 25 3  7    
D10061 14 20 血巨人3 25 5  7    
D10061 14 20 血僵尸3 25 5  7    
D10062 17 21 月魔蜘蛛 25 7  2    
D10062 17 21 黑锷蜘蛛 25 7  4    
D10062 17 21 黑锷蜘蛛3 25 4  4    
D10062 17 21 双头血魔 25 3  42    
D10062 17 21 邪恶巨人 25 7  2    
D10062 17 21 双头金刚 25 3  42    
D10062 17 21 血巨人3 25 4  84    
D10062 17 21 血僵尸3 25 4  84    
D10062 23 18 赤月恶魔 0 1  126    
d2 89 84 迷失羽林卫 100 26  11    
d2 89 84 迷失勇士 100 26  11    
d2 89 84 镰骨妖 100 26  11    
d2 89 84 炎骨妖 100 26  11    
d2 89 84 迷失洞主 0 1  60    
D2000 100 100 洞蛆 100 39  7    
D2000 100 100 僵尸2 100 46  7    
D2000 100 100 僵尸20 100 4  56    
D2000 100 100 僵尸3 100 46  7    
D2000 100 100 僵尸30 100 8  46    
D2001 238 120 僵尸1 200 26  7    
D2001 238 120 僵尸1 200 26  7    
D2001 238 120 僵尸10 100 2  52    
D2001 238 120 僵尸10 200 2  55    
D2001 238 120 僵尸2 200 26  7    
D2001 238 120 僵尸2 200 26  7    
D2001 238 120 僵尸20 100 2  70    
D2001 238 120 僵尸20 200 3  70    
D2001 238 120 僵尸3 200 26  7    
D2001 238 120 僵尸3 200 26  7    
D2001 238 120 僵尸30 100 1  52    
D2001 238 120 僵尸30 200 1 39    
D2001 238 120 僵尸4 200 26  7    
D2001 238 120 僵尸4 200 26  7    
D2001 238 120 僵尸40 100 1  38    
D2001 238 120 僵尸40 200 1  48    
D2001 238 120 僵尸5 200 26  7    
D2001 238 120 僵尸5 200 26  7    
D2001 238 120 僵尸50 100 2  70    
D2001 238 120 僵尸50 200 3  54   
D2002 21 23 僵尸1 30 9  4    
D2002 21 23 僵尸10 30 1  30    
D2002 21 23 僵尸2 30 9  4    
D2002 21 23 僵尸20 30 1  30    
D2002 21 23 僵尸3 30 9  4    
D2002 21 23 僵尸30 30 1  30   
D2002 21 23 僵尸4 30 9  4    
D2002 21 23 僵尸40 30 1  30    
D2002 21 23 僵尸5 30 9  4    
D2002 21 23 僵尸50 30 1  30    
D2002 21 23 尸王 30 1  42    
D2002 21 23 尸王3 30 1  21    
D2002 21 23 尸王3 30 1  21    
D2002 21 23 尸王3 30 1  21    
D2004 49 44 红野猪 100 39  7    
D2004 49 44 黑野猪 100 39  7    
D2004 49 44 红野猪3 100 13  7    
D2004 49 44 黑野猪3 100 13  7    
D2004 49 44 黑野猪0 100 1  7    
D2004 49 44 红野猪0 100 1  7    
D2005 41 44 楔蛾 100 26  7    
D2005 41 44 红野猪 100 39  7    
D2005 41 44 黑野猪 100 39  7    
D2005 41 44 黑色恶蛆 100 39  7    
D2005 41 44 红野猪3 100 13  7    
D2005 41 44 白野猪0 100 13  7    
D2005 41 44 白野猪 100 1  7    
D2005 41 44 白野猪 20 1  7    
D2006 31 38 角蝇 100 7  21    
D2006 31 38 楔蛾 100 26  7    
D2006 31 38 黑野猪 100 39  7    
D2006 31 38 红野猪 100 39  7    
D2006 31 38 白野猪 100 3  21    
D2006 31 38 红野猪3 100 26  7    
D2006 31 38 黑野猪3 100 26  7    
D2006 31 38 白野猪0 40 13  7    
D2006 31 38 黑色恶蛆 100 39  7    
D2006 31 38 虹魔猪卫 40 1  42    
D2007 140 135 角蝇 500 7  7    
D2007 140 135 楔蛾 500 26  7    
D2007 140 135 红野猪 500 26  7    
D2007 140 135 黑野猪 500 26  7    
D2007 140 135 白野猪0 500 13  7    
D2008 41 74 角蝇 100 7  42    
D2008 41 74 楔蛾 100 26  7    
D2008 41 74 蝎蛇 100 13  7    
D2008 41 74 大老鼠 100 13  7    
D2008 41 74 红野猪 100 26  7    
D2008 41 74 黑野猪 100 26  7    
D2008 41 74 白野猪0 100 20  7    
D2008 41 74 黑色恶蛆 100 39  7    
D2008 41 74 黑野猪3 100 39  7    
D2008 41 74 红野猪3 100 26  7    
D2008 41 74 白野猪 100 3  21 
D2008 41 74 送宝树妖 2 1  30       
D2009 41 44 楔蛾 100 26  7    
D2009 41 44 蝎蛇 20 7  7    
D2009 41 44 蝎蛇 100 26  7    
D2009 41 44 红野猪 100 26  7    
D2009 41 44 黑野猪 100 26  7    
D2009 41 44 白野猪 40 3  7    
D2009 41 44 虹魔蝎卫 40 1  42    
D2009 41 44 白野猪0 100 13  7    
D2009 41 44 红野猪3 100 26  7    
D2009 41 44 黑野猪3 100 26  7    
D2010 155 231 楔蛾 500 26  7    
D2010 155 231 蝎蛇 500 26  7    
D2010 155 231 红野猪 500 26  7    
D2010 155 231 黑野猪 500 26  7    
D2010 155 231 白野猪0 500 26  7    
D2010 155 231 黑色恶蛆 500 26  7    
D2010 155 231 红野猪3 500 26  7    
D2010 155 231 黑野猪3 500 26  7    
D2010 155 231 邪恶毒蛇 500 5  42    
D2010 155 231 虹魔猪卫 500 1  42    
D2010 155 231 虹魔猪卫0 500 1  21    
D2011 32 31 楔蛾 50 26  7    
D2011 32 31 蝎蛇 50 26  7    
D2011 32 31 红野猪3 50 26  7    
D2011 32 31 黑野猪3 50 26  7    
D2011 32 31 白野猪 50 4  7    
D2011 32 31 白野猪0 50 26  7    
D2011 32 31 祖玛雕像 20 26  7    
D2011 32 31 祖玛卫士 50 26  7    
D2011 32 31 祖玛弓箭手 50 26  7    
D2011 32 31 祖玛弓箭手3 50 7  7    
D2011 32 31 虹魔蝎卫 5 1  42    
D2011 32 31 虹魔蝎卫0 5 1  21    
D2012 48 47 楔蛾 50 20  7    
D2012 48 47 蝎蛇 50 20  7    
D2012 48 47 红野猪3 50 13  7    
D2012 48 47 黑野猪3 50 13  7    
D2012 48 47 白野猪0 50 13  7    
D2012 48 47 大老鼠 50 26  7    
D2012 48 47 祖玛雕像0 50 26  7    
D2012 48 47 祖玛卫士 50 20  7    
D2012 48 47 祖玛卫士3 50 7  7    
D2012 48 47 祖玛弓箭手 50 26  7    
D2012 48 47 祖玛弓箭手3 50 7  7    
D2012 48 47 虹魔蝎卫 50 1  42    
D2012 48 47 虹魔猪卫 50 1  42    
D2051 100 110 恶灵僵尸 100 52  11    
D2051 100 110 恶灵尸王 100 46  11    
D2051 100 110 恶灵僵尸0 100 7  11    
D2051 100 110 恶灵尸王0 100 7  11
D2052 48 53 送宝树妖 0 1  30      
D2052 50 50 恶灵僵尸 50 39  11    
D2052 50 50 恶灵尸王 50 33  11    
D2052 50 50 恶灵僵尸0 50 7  11    
D2052 50 50 恶灵尸王0 50 7  11    
D2053 150 160 恶灵僵尸 150 78  7    
D2053 150 160 恶灵尸王 150 65  7    
D2053 150 160 恶灵僵尸0 150 7  7    
D2053 150 160 恶灵尸王0 150 7  7    
D2061 100 100 骷髅弓箭手 100 46  14    
D2061 100 100 骷髅长枪兵 100 46  14    
D2061 100 100 骷髅刀斧手 100 46  14    
D2061 100 100 恶灵僵尸 100 46  14    
D2061 100 100 恶灵尸王 100 46  14    
D2062 100 90 骷髅长枪兵 100 52  18    
D2062 100 90 骷髅刀斧手 100 52  18    
D2062 100 90 骷髅弓箭手 100 52  18    
D2062 100 90 骷髅弓箭手0 100 3  18    
D2063 100 90 恶灵尸王 100 39  18    
D2063 100 90 骷髅刀斧手 100 52  18    
D2063 100 90 骷髅长枪兵 100 52  18    
D2063 100 90 骷髅弓箭手 100 52  18    
D2063 100 90 骷髅刀斧手0 100 3  18    
D2064 110 115 恶灵僵尸 100 52  18    
D2064 110 115 恶灵尸王 100 52  18    
D2064 110 115 骷髅锤兵 100 52  14    
D2064 110 115 骷髅弓箭手 100 52  14    
D2064 110 115 骷髅长枪兵 100 52  14    
D2064 110 115 恶灵僵尸0 100 7  18 
D2067 163 53 送宝树妖 1 1  35  
D2067 238 156 送宝树妖 1 1  45     
D2067 150 160 骷髅锤兵 150 46  14    
D2067 150 160 骷髅锤兵 150 46  18    
D2067 150 160 骷髅长枪兵 150 46  14    
D2067 150 160 骷髅长枪兵 150 46  18    
D2067 150 160 骷髅刀斧手 150 46  14    
D2067 150 160 骷髅弓箭手 150 46  18    
D2067 100 100 黄泉教主 5 1  42    
D2067 150 160 骷髅锤兵0 150 3  21    
D2067 150 160 骷髅锤兵0 150 3  21    
D2067 150 160 骷髅长枪兵0 150 4  21    
D2067 150 160 骷髅刀斧手0 150 7  21    
D2067 150 160 黄泉教主0 150 1  126    
D2071 150 150 牛头魔 150 65  11    
D2071 150 150 牛魔斗士 150 65  11    
D2071 150 150 牛魔战士 150 65  11    
D2071 150 150 牛头魔0 150 4  14    
D2071 150 150 牛魔斗士0 150 4  14    
D2071 150 150 牛魔战士0 150 4  14    
D2072 150 170 牛头魔 150 78  14    
D2072 150 170 牛魔斗士 150 78  14    
D2072 150 170 牛魔战士 150 78  14    
D2072 150 170 牛魔法师 150 26  14    
D2072 150 170 牛魔斗士0 150 3  14    
D2072 150 170 牛魔法师0 150 7  14    
D2073 200 220 牛头魔 200 65  14    
D2073 200 220 牛魔斗士 200 65  14    
D2073 200 220 牛魔战士 200 65  14    
D2073 200 220 牛魔侍卫 200 65  14    
D2073 200 220 牛魔法师 200 39  14    
D2073 200 220 牛魔祭司 200 26  14    
D2073 200 220 牛头魔0 200 13  14    
D2073 200 220 牛魔斗士0 200 13  14    
D2073 200 220 牛魔战士0 200 7  14    
D2073 200 220 牛魔法师0 200 4  14    
D2073 200 220 牛魔祭司0 200 4  14    
D2073 200 220 牛魔将军 200 13  14    
D2073 200 220 牛魔将军0 200 3  14    
D2076 100 100 牛头魔 100 39  14    
D2076 250 250 牛魔斗士 100 39  14    
D2076 100 100 牛魔斗士 100 39  14    
D2076 100 100 牛魔侍卫 100 39  14    
D2076 100 100 牛魔将军 100 39  14    
D2076 250 250 牛魔将军 100 26  14    
D2076 100 100 牛魔祭司 100 26  14    
D2076 250 250 牛头魔0 250 7  14    
D2076 250 250 牛魔斗士0 250 7  14    
D2076 250 250 牛魔侍卫0 250 7  14    
D2076 250 250 牛魔将军0 250 7  14    
D2076 250 250 牛魔祭司0 250 7  14    
D2078 150 150 牛头魔 150 39  21    
D2078 150 150 牛头魔 150 39  21    
D2078 150 150 牛魔斗士 150 39  21    
D2078 150 150 牛魔侍卫 150 39  21    
D2078 150 150 牛魔将军 150 26  21    
D2078 150 150 牛魔法师 150 26  21    
D2078 150 150 牛魔祭司 150 20  21    
D2078 150 150 牛魔战士0 150 7  21    
D2078 150 150 牛魔将军0 150 1  21    
D2078 150 150 牛魔法师0 150 1  21    
D2078 150 150 牛魔祭司0 150 1  21    
D2078 200 200 牛头魔 150 33  21    
D2078 200 200 牛魔斗士 150 33  21    
D2078 200 200 牛魔战士 150 33  21    
D2078 200 200 牛魔将军 150 26  21    
D2078 200 200 牛魔法师 150 20  21    
D2078 200 200 牛魔祭司 150 20  21    
D401 100 100 洞蛆 100 33  7    
D401 100 100 僵尸2 100 39  7    
D401 100 100 僵尸20 100 2  30    
D401 100 100 僵尸3 100 39  7    
D401 100 100 僵尸30 100 2  42    
D402 100 100 洞蛆 100 33  6 
D402 142 107 送宝树妖 1 1  30    
D402 100 100 僵尸2 100 39  6    
D402 138 107 僵尸2 0 1  32    
D402 100 100 僵尸20 100 2  30    
D402 100 100 僵尸3 100 39  6    
D402 100 100 僵尸30 100 2  30    
D403 100 100 僵尸2 100 39  6    
D403 100 100 僵尸20 100 2  32    
D403 100 100 僵尸3 100 39  6    
D403 100 100 僵尸30 100 2  32    
D403 100 100 僵尸5 100 39  6    
D403 100 100 僵尸50 100 2  32    
D404 100 100 僵尸1 100 39  6    
D404 100 100 僵尸10 100 2  32    
D404 100 100 僵尸3 100 39  6    
D404 100 100 尸王 100 1  84    
D404 100 100 僵尸30 100 2  32    
D404 100 100 僵尸4 100 39  6    
D404 100 100 僵尸40 100 2  32    
D404 100 100 尸王2 100 1  126    
D405 100 100 僵尸1 100 33  6    
D405 100 100 僵尸10 100 1  22    
D405 100 100 僵尸4 100 39  6    
D405 100 100 尸王 100 1  84    
D405 100 100 僵尸40 100 2  22    
D405 100 100 僵尸5 100 46  6    
D405 100 100 僵尸50 100 2  22    
D405 100 100 尸王2 100 1  126    
D406 100 100 僵尸1 100 26  6    
D406 100 100 僵尸10 100 2  42    
D406 100 100 僵尸2 100 26  6    
D406 100 100 僵尸20 100 2  22    
D406 100 100 尸王 100 1  84    
D406 100 100 僵尸4 100 46  6    
D406 100 100 僵尸40 100 2  42    
D406 100 100 僵尸5 100 46  6    
D406 100 100 僵尸50 100 3  22    
D406 100 100 尸王2 100 1  126    
D411 50 50 僵尸2 50 80  6    
D411 50 50 僵尸20 50 2  42    
D412 50 50 僵尸4 50 80  6    
D412 50 50 僵尸40 50 2  22    
D413 50 50 僵尸3 50 39  6    
D413 50 50 僵尸30 50 2  42    
D415 50 50 僵尸5 50 39  6    
D415 50 50 僵尸50 50 2  32    
D416 50 50 僵尸5 50 39  6    
D416 50 50 僵尸50 50 2  42    
D421 200 200 僵尸2 180 200  6    
D421 200 200 僵尸20 180 2  23    
D421 200 200 僵尸3 180 200  6    
D421 100 100 尸王 100 1  84    
D421 200 200 僵尸30 180 3  32    
D421 200 200 僵尸4 180 200  6    
D421 200 200 僵尸40 180 3  42    
D421 100 100 尸王2 100 1  126    
D422 328 384 弓箭守卫 0 1  4    
D422 332 380 弓箭守卫 0 1  4    
D422 200 200 僵尸1 180 200  6    
D422 200 200 僵尸10 180 3  32    
D422 200 200 僵尸2 180 200  6    
D422 200 200 僵尸20 180 3  22    
D422 100 100 尸王 100 1  84    
D422 200 200 僵尸4 180 200  6    
D422 200 200 僵尸40 180 2  42    
D422 200 200 僵尸5 180 200  6    
D422 200 200 僵尸50 180 2  33   
D422 100 100 尸王2 100 1  126    
D501 200 200 楔蛾 100 3  6    
D501 100 300 楔蛾 100 3  6    
D501 300 100 楔蛾 100 3  6    
D501 100 100 楔蛾 100 3  6    
D501 300 300 楔蛾 100 3  6    
D501 200 200 角蝇 100 1  6    
D501 100 300 角蝇 100 1  6    
D501 300 100 角蝇 100 1  6    
D501 100 100 角蝇 100 1  6    
D501 300 300 角蝇 100 1  6    
D501 200 200 大老鼠 100 23  6    
D501 100 660 大老鼠 100 23  6    
D501 660 100 大老鼠 100 23  6    
D501 100 100 大老鼠 100 23  6    
D501 660 660 大老鼠 100 23  6    
D501 200 200 大老鼠0 200 4  14    
D502 200 200 大老鼠 100 33  6    
D502 100 300 大老鼠 100 33  6    
D502 300 100 大老鼠 100 33  6    
D502 100 100 大老鼠 100 33  6    
D502 300 300 大老鼠 100 33  6    
D502 200 200 角蝇 100 1  6    
D502 100 300 角蝇 100 1  6    
D502 300 100 角蝇 100 1  6    
D502 100 100 角蝇 100 1  6    
D502 300 300 角蝇 100 1  6    
D502 200 200 楔蛾 100 4  6    
D502 100 300 楔蛾 100 4  6    
D502 300 100 楔蛾 100 4  6    
D502 100 100 楔蛾 100 4  6    
D502 300 300 楔蛾 100 4  6    
D502 200 200 大老鼠0 200 4  14    
D503 100 100 角蝇 100 1  6    
D503 100 100 楔蛾 100 13  6    
D503 100 100 祖玛雕像 100 13  6    
D503 100 100 祖玛卫士 100 10  6    
D503 100 100 祖玛弓箭手 100 13  6    
D503 100 300 角蝇 100 1  6    
D503 100 300 楔蛾 100 13  6    
D503 100 300 祖玛雕像 100 13  6    
D503 100 300 祖玛卫士 100 10  6    
D503 100 300 祖玛卫士10 100 1  42    
D503 100 300 祖玛弓箭手 100 13  6    
D503 200 200 角蝇 100 1  6    
D503 200 200 楔蛾 100 13  6    
D503 200 200 大老鼠 200 33  6    
D503 200 200 祖玛雕像 100 13  6    
D503 200 200 祖玛卫士 100 10  6    
D503 200 200 祖玛弓箭手 100 13  6    
D503 300 100 角蝇 100 1  6    
D503 300 100 楔蛾 100 13  6    
D503 300 100 祖玛雕像 100 13  6    
D503 300 100 祖玛卫士 100 10  6    
D503 300 100 祖玛弓箭手 100 13  6    
D503 300 300 角蝇 100 1  6    
D503 300 300 楔蛾 100 13  6    
D503 300 300 祖玛雕像 100 13  6    
D503 300 300 祖玛卫士 100 10  6    
D503 300 300 祖玛弓箭手 100 13  6    
D503 200 200 大老鼠0 200 1  14    
D503 200 200 祖玛雕像0 200 1  14    
D503 200 200 祖玛卫士0 200 1  14    
D503 200 200 祖玛弓箭手0 200 1  14    
D503 200 200 祖玛雕像3 200 1  42    
D503 200 200 祖玛卫士3 200 1  42    
D503 200 200 祖玛弓箭手3 200 1  42    
D504 200 200 楔蛾 180 52  6    
D504 200 200 角蝇 100 3  6    
D504 100 300 角蝇 100 3  6    
D504 300 100 角蝇 100 3  6    
D504 100 100 角蝇 100 3  6    
D504 300 300 角蝇 100 3  6    
D504 200 200 大老鼠 200 52  7    
D504 200 200 祖玛弓箭手 180 39  6    
D504 200 200 祖玛雕像 180 39  6    
D504 200 200 祖玛卫士 180 39  6    
D504 200 200 大老鼠0 200 1  14    
D504 200 200 祖玛雕像0 200 1  14    
D504 200 200 祖玛卫士0 200 1  14    
D504 200 200 祖玛弓箭手0 200 1  14    
D504 200 200 祖玛雕像3 200 3  42    
D504 200 200 祖玛卫士3 200 3  42    
D504 200 200 祖玛弓箭手3 200 3  42    
D504 200 200 祖玛卫士10 200 1  42    
D504 225 175 楔蛾 8 7  84 50   
D504 225 175 角蝇 8 4  84 50   
D504 225 175 祖玛雕像 8 7  84 50   
D504 225 175 祖玛卫士 8 7  84 50   
D504 225 175 祖玛弓箭手 8 7  84 50   
D504 225 175 祖玛卫士00 8 1  84 50   
D505 100 100 楔蛾 100 39  7    
D505 100 100 角蝇 100 13  7    
D505 100 100 祖玛雕像 100 39  7    
D505 100 100 祖玛卫士 100 39  7    
D505 100 100 祖玛弓箭手 100 39  7    
D505 100 100 祖玛雕像0 100 1  14    
D505 100 100 祖玛卫士0 100 1  14    
D505 100 100 祖玛弓箭手0 100 1  14    
D505 100 100 祖玛雕像3 100 4  42    
D505 100 100 祖玛卫士3 100 4  42    
D505 100 100 祖玛弓箭手3 100 4  42    
D505 154 172 祖玛卫士 8 9  84 50   
D505 154 172 祖玛卫士10 8 9  1 50   
D505 154 172 楔蛾 8 10  84 50   
D505 154 172 祖玛弓箭手 8 10  84 50   
D505 154 172 角蝇 8 4  84 50   
D505 154 172 祖玛雕像 8 10  84 50   
D505 154 172 祖玛卫士00 8 1  84 50   
D505 100 100 祖玛卫士10 100 1  42 
D505 118 11 送宝树妖 1 1  30     
D5061 11 13 祖玛雕像 2 1  2    
D5061 11 13 祖玛弓箭手 2 1  2    
D5061 11 13 祖玛卫士 2 1  2    
D5061 11 13 楔蛾 2 3  4    
D5061 11 13 角蝇 2 1  4    
D5061 37 13 祖玛雕像 2 1  2    
D5061 37 13 祖玛弓箭手 2 1  2    
D5061 37 13 祖玛卫士 2 1  2    
D5061 37 13 楔蛾 2 3  4    
D5061 37 13 角蝇 2 1  4    
D5061 63 13 祖玛雕像 2 1  2    
D5061 63 13 祖玛卫士 2 1  2    
D5061 63 13 楔蛾 2 3  4    
D5061 63 13 角蝇 2 1  4    
D5061 63 13 祖玛弓箭手 2 1  2    
D5061 88 14 祖玛雕像 2 1  2    
D5061 88 14 祖玛卫士 2 1  2    
D5061 88 14 楔蛾 2 3  4    
D5061 88 14 角蝇 2 1  4    
D5061 88 14 祖玛弓箭手 2 1  2    
D5061 11 41 祖玛雕像 2 1  2    
D5061 11 41 祖玛卫士 2 1  2    
D5061 11 41 祖玛卫士10 2 1  32    
D5061 11 41 楔蛾 2 3  4    
D5061 11 41 角蝇 2 1  4    
D5061 11 41 祖玛弓箭手 2 1  2    
D5061 37 41 祖玛卫士 2 1  2    
D5061 37 41 祖玛雕像 2 1  2    
D5061 37 41 楔蛾 2 3  4    
D5061 37 41 角蝇 2 1  4    
D5061 37 41 祖玛卫士 2 1  2    
D5061 63 41 祖玛雕像 2 1  2    
D5061 63 41 楔蛾 2 3  4    
D5061 63 41 角蝇 2 1  4    
D5061 63 41 祖玛弓箭手 2 1  2    
D5061 63 41 祖玛卫士 2 1  2    
D5061 89 41 祖玛雕像 2 1  2    
D5061 89 41 祖玛卫士 2 1  2    
D5061 89 41 楔蛾 2 3  4    
D5061 89 41 角蝇 2 1  4    
D5061 89 41 祖玛弓箭手 2 1  2    
D5061 12 74 祖玛雕像 2 1  2    
D5061 12 74 祖玛卫士 2 1  2    
D5061 12 74 楔蛾 2 3  4    
D5061 12 74 角蝇 2 1  4    
D5061 12 74 祖玛弓箭手 2 1  2    
D5061 37 73 祖玛雕像 2 1  2    
D5061 37 73 祖玛卫士 2 1  2    
D5061 37 73 楔蛾 2 3  4    
D5061 37 73 角蝇 2 1  4    
D5061 37 73 祖玛弓箭手 2 1  2    
D5061 63 73 祖玛雕像 2 1  2    
D5061 63 73 祖玛卫士 2 1  2    
D5061 63 73 楔蛾 2 3  4    
D5061 63 73 角蝇 2 1  4    
D5061 63 73 祖玛弓箭手 2 1  2    
D5061 87 73 祖玛雕像 2 1  2    
D5061 87 73 祖玛卫士 2 1  2    
D5061 87 73 楔蛾 2 3  4    
D5061 87 73 角蝇 2 1  4    
D5061 87 73 祖玛弓箭手 2 1  2    
D5061 50 50 祖玛雕像0 50 1  84    
D5061 50 50 祖玛卫士0 50 1  84    
D5061 50 50 祖玛弓箭手0 50 1  84    
D5062 11 13 祖玛雕像 2 1  2    
D5062 11 13 祖玛弓箭手 2 1  2    
D5062 11 13 祖玛卫士 2 1  2    
D5062 11 13 楔蛾 2 3  4    
D5062 11 13 角蝇 2 1  4    
D5062 37 13 祖玛雕像 2 1  2    
D5062 37 13 祖玛弓箭手 2 1  2    
D5062 37 13 祖玛卫士 2 1  2    
D5062 37 13 楔蛾 2 3  4    
D5062 37 13 角蝇 2 1  4    
D5062 63 13 祖玛雕像 2 1  2    
D5062 63 13 祖玛卫士 2 1  2    
D5062 63 13 楔蛾 2 3  4    
D5062 63 13 角蝇 2 1  4    
D5062 63 13 祖玛弓箭手 2 1  2    
D5062 88 14 祖玛雕像 2 1  2    
D5062 88 14 祖玛卫士 2 1  2    
D5062 88 14 楔蛾 2 3  4    
D5062 88 14 角蝇 2 1  4    
D5062 88 14 祖玛弓箭手 2 1  2    
D5062 11 41 祖玛雕像 2 1  2    
D5062 11 41 祖玛卫士 2 1  2    
D5062 11 41 祖玛卫士10 2 1  32    
D5062 11 41 楔蛾 2 3  4    
D5062 11 41 角蝇 2 1  4    
D5062 11 41 祖玛弓箭手 2 1  2    
D5062 37 41 祖玛卫士 2 1  2    
D5062 37 41 祖玛雕像 2 1  2    
D5062 37 41 楔蛾 2 3  4    
D5062 37 41 角蝇 2 1  4    
D5062 37 41 祖玛卫士 2 1  2    
D5062 63 41 祖玛卫士 2 1  2    
D5062 63 41 祖玛雕像 2 1  2    
D5062 63 41 楔蛾 2 3  4    
D5062 63 41 角蝇 2 1  4    
D5062 63 41 祖玛弓箭手 2 3  2    
D5062 89 41 祖玛雕像 2 1  2    
D5062 89 41 祖玛卫士 2 1  2    
D5062 89 41 楔蛾 2 3  4    
D5062 89 41 角蝇 2 1  4    
D5062 89 41 祖玛弓箭手 2 1  2    
D5062 12 74 祖玛雕像 2 1  2    
D5062 12 74 祖玛卫士 2 1  2    
D5062 12 74 楔蛾 2 3  4    
D5062 12 74 角蝇 2 1  4    
D5062 12 74 祖玛弓箭手 2 1  2    
D5062 37 73 祖玛雕像 2 1  2    
D5062 37 73 祖玛卫士 2 1  2    
D5062 37 73 楔蛾 2 3  4    
D5062 37 73 角蝇 2 1  4    
D5062 37 73 祖玛弓箭手 2 1  2    
D5062 63 73 祖玛雕像 2 1  2    
D5062 63 73 祖玛卫士 2 1  2    
D5062 63 73 楔蛾 2 3  4    
D5062 63 73 角蝇 2 1  4    
D5062 63 73 祖玛弓箭手 2 1  2    
D5062 87 73 祖玛雕像 2 1  2    
D5062 87 73 祖玛卫士 2 1  2    
D5062 87 73 楔蛾 2 3  4    
D5062 87 73 角蝇 2 1  4    
D5062 87 73 祖玛弓箭手 2 3  2    
D5062 50 50 祖玛雕像0 50 1  84    
D5062 50 50 祖玛卫士0 50 1  84    
D5062 50 50 祖玛弓箭手0 50 1  84    
D5063 11 13 祖玛雕像 2 1  2    
D5063 11 13 祖玛弓箭手 2 1  2    
D5063 11 13 祖玛卫士 2 1  2    
D5063 11 13 楔蛾 2 3  4    
D5063 11 13 角蝇 2 1  4    
D5063 37 13 祖玛雕像 2 1  2    
D5063 37 13 祖玛弓箭手 2 1  2    
D5063 37 13 祖玛卫士 2 1  2    
D5063 37 13 楔蛾 2 3  4    
D5063 37 13 角蝇 2 1  4    
D5063 63 13 祖玛雕像 2 1  2    
D5063 63 13 祖玛卫士 2 1  2    
D5063 63 13 楔蛾 2 3  4    
D5063 63 13 角蝇 2 1  4    
D5063 63 13 祖玛弓箭手 2 1  2    
D5063 88 14 祖玛雕像 2 1  2    
D5063 88 14 祖玛卫士 2 1  2    
D5063 88 14 楔蛾 2 3  4    
D5063 88 14 角蝇 2 1  4    
D5063 88 14 祖玛弓箭手 2 1  2    
D5063 11 41 祖玛雕像 2 1  2    
D5063 11 41 祖玛卫士 2 1  2    
D5063 11 41 楔蛾 2 3  4    
D5063 11 41 角蝇 2 1  4    
D5063 11 41 祖玛弓箭手 2 1  2    
D5063 37 41 祖玛卫士 2 1  2    
D5063 37 41 祖玛雕像 2 1  2    
D5063 37 41 楔蛾 2 3  4    
D5063 37 41 角蝇 2 1  4    
D5063 37 41 祖玛卫士 2 1  2    
D5063 63 41 祖玛雕像 2 1  2    
D5063 63 41 楔蛾 2 3  4    
D5063 63 41 角蝇 2 1  4    
D5063 63 41 祖玛弓箭手 2 1  2    
D5063 63 41 祖玛卫士 2 1  2    
D5063 89 41 祖玛雕像 2 1  2    
D5063 89 41 祖玛卫士 2 1  2    
D5063 89 41 楔蛾 2 3  4    
D5063 89 41 角蝇 2 1  4    
D5063 89 41 祖玛弓箭手 2 1  2    
D5063 12 74 祖玛雕像 2 1  2    
D5063 12 74 祖玛卫士 2 1  2    
D5063 12 74 楔蛾 2 3  4    
D5063 12 74 角蝇 2 1  4    
D5063 12 74 祖玛弓箭手 2 1  2    
D5063 37 73 祖玛雕像 2 1  2    
D5063 37 73 祖玛卫士 2 1  2    
D5063 37 73 楔蛾 2 3  4    
D5063 37 73 角蝇 2 1  4    
D5063 37 73 祖玛弓箭手 2 1  2    
D5063 63 73 祖玛雕像 2 1  2    
D5063 63 73 祖玛卫士 2 1  2    
D5063 63 73 楔蛾 2 3  4    
D5063 63 73 角蝇 2 1  4    
D5063 63 73 祖玛弓箭手 2 1  2    
D5063 87 73 祖玛雕像 2 1  2    
D5063 87 73 祖玛卫士 2 1  2    
D5063 87 73 楔蛾 2 3  4    
D5063 87 73 角蝇 2 1  4    
D5063 87 73 祖玛弓箭手 2 1  2    
D5063 50 50 祖玛雕像0 50 1  84    
D5063 50 50 祖玛卫士0 50 1  84    
D5063 50 50 祖玛弓箭手0 50 1  84    
D5064 11 13 祖玛雕像 2 1  2    
D5064 11 13 祖玛弓箭手 2 1  2    
D5064 11 13 祖玛卫士 2 1  2    
D5064 11 13 楔蛾 2 3  4    
D5064 11 13 角蝇 2 1  4    
D5064 37 13 祖玛雕像 2 1  2    
D5064 37 13 祖玛弓箭手 2 1  2    
D5064 37 13 祖玛卫士 2 1  2    
D5064 37 13 楔蛾 2 3  4    
D5064 37 13 角蝇 2 1  4    
D5064 63 13 祖玛雕像 2 1  2    
D5064 63 13 祖玛卫士 2 1  2    
D5064 63 13 祖玛卫士10 2 1  32    
D5064 63 13 楔蛾 2 3  4    
D5064 63 13 角蝇 2 1  4    
D5064 63 13 祖玛弓箭手 2 1  2    
D5064 88 14 祖玛雕像 2 1  2    
D5064 88 14 祖玛卫士 2 1  2    
D5064 88 14 楔蛾 2 3  4    
D5064 88 14 角蝇 2 1  4    
D5064 88 14 祖玛弓箭手 2 1  2    
D5064 11 41 祖玛雕像 2 1  2    
D5064 11 41 祖玛卫士 2 1  2    
D5064 11 41 楔蛾 2 3  4    
D5064 11 41 角蝇 2 1  4    
D5064 11 41 祖玛弓箭手 2 1  2    
D5064 37 41 祖玛卫士 2 1  2    
D5064 37 41 祖玛雕像 2 1  2    
D5064 37 41 楔蛾 2 3  4    
D5064 37 41 角蝇 2 1  4    
D5064 37 41 祖玛卫士 2 1  2    
D5064 63 41 祖玛雕像 2 1  2    
D5064 63 41 楔蛾 2 3  4    
D5064 63 41 角蝇 2 1  4    
D5064 63 41 祖玛弓箭手 2 1  2    
D5064 63 41 祖玛卫士 2 1  2    
D5064 89 41 祖玛雕像 2 1  2    
D5064 89 41 祖玛卫士 2 1  2    
D5064 89 41 楔蛾 2 3  4    
D5064 89 41 角蝇 2 1  4    
D5064 89 41 祖玛弓箭手 2 1  2    
D5064 12 74 祖玛雕像 2 1  2    
D5064 12 74 祖玛卫士 2 1  2    
D5064 12 74 楔蛾 2 3  4    
D5064 12 74 角蝇 2 1  4    
D5064 12 74 祖玛弓箭手 2 1  2    
D5064 37 73 祖玛雕像 2 1  2    
D5064 37 73 祖玛卫士 2 1  2    
D5064 37 73 楔蛾 2 3  4    
D5064 37 73 角蝇 2 1  4    
D5064 37 73 祖玛弓箭手 2 1  2    
D5064 63 73 祖玛雕像 2 1  2    
D5064 63 73 祖玛卫士 2 1  2    
D5064 63 73 楔蛾 2 3  4    
D5064 63 73 角蝇 2 1  4    
D5064 63 73 祖玛弓箭手 2 1  2    
D5064 87 73 祖玛雕像 2 1  2    
D5064 87 73 祖玛卫士 2 1  2    
D5064 87 73 楔蛾 2 3  4    
D5064 87 73 角蝇 2 1  4    
D5064 87 73 祖玛弓箭手 2 1  2    
D5064 50 50 祖玛雕像0 50 1  84    
D5064 50 50 祖玛卫士0 50 1  84    
D5064 50 50 祖玛弓箭手0 50 1  84    
D5065 11 13 祖玛雕像 2 1  2    
D5065 11 13 祖玛弓箭手 2 1  2    
D5065 11 13 祖玛卫士 2 1  2    
D5065 11 13 楔蛾 2 3  4    
D5065 11 13 角蝇 2 1  4    
D5065 37 13 祖玛雕像 2 1  2    
D5065 37 13 祖玛弓箭手 2 1  2    
D5065 37 13 祖玛卫士 2 1  2    
D5065 37 13 楔蛾 2 3  4    
D5065 37 13 角蝇 2 1  4    
D5065 63 13 祖玛雕像 2 1  2    
D5065 63 13 祖玛卫士 2 1  2    
D5065 63 13 楔蛾 2 3  4    
D5065 63 13 角蝇 2 1  4    
D5065 63 13 祖玛弓箭手 2 1  2    
D5065 88 14 祖玛雕像 2 1  2    
D5065 88 14 祖玛卫士 2 1  2    
D5065 88 14 楔蛾 2 3  4    
D5065 88 14 角蝇 2 1  4    
D5065 88 14 祖玛弓箭手 2 1  2    
D5065 11 41 祖玛雕像 2 1  2    
D5065 11 41 祖玛卫士 2 1  2    
D5065 11 41 楔蛾 2 3  4    
D5065 11 41 角蝇 2 1  4    
D5065 11 41 祖玛弓箭手 2 1  2    
D5065 37 41 祖玛卫士 2 1  2    
D5065 37 41 祖玛卫士10 2 1  32    
D5065 37 41 祖玛雕像 2 1  2    
D5065 37 41 楔蛾 2 3  4    
D5065 37 41 角蝇 2 1  4    
D5065 37 41 祖玛卫士 2 1  2    
D5065 89 41 祖玛雕像 2 1  2    
D5065 63 41 祖玛卫士 2 1  2    
D5065 89 41 祖玛卫士 2 1  2    
D5065 89 41 楔蛾 2 3  4    
D5065 89 41 角蝇 2 1  4    
D5065 89 41 祖玛弓箭手 2 1  2    
D5065 12 74 祖玛雕像 2 1  2    
D5065 12 74 祖玛卫士 2 1  2    
D5065 12 74 楔蛾 2 3  4    
D5065 12 74 角蝇 2 1  4    
D5065 12 74 祖玛弓箭手 2 1  2    
D5065 37 73 祖玛雕像 2 1  2    
D5065 37 73 祖玛卫士 2 1  2    
D5065 37 73 楔蛾 2 3  4    
D5065 37 73 角蝇 2 1  4    
D5065 37 73 祖玛弓箭手 2 1  2    
D5065 63 73 祖玛雕像 2 1  2    
D5065 63 73 祖玛卫士 2 1  2    
D5065 63 73 楔蛾 2 3  4    
D5065 63 73 角蝇 2 1  4    
D5065 63 73 祖玛弓箭手 2 1  2    
D5065 87 73 祖玛雕像 2 1  2    
D5065 87 73 祖玛卫士 2 1  2    
D5065 87 73 楔蛾 2 3  4    
D5065 87 73 角蝇 2 1  4    
D5065 87 73 祖玛弓箭手 2 1  2    
D5065 50 50 祖玛雕像0 50 1  84    
D5065 50 50 祖玛卫士0 50 1  84    
D5065 50 50 祖玛弓箭手0 50 1  84    
D5066 11 13 祖玛雕像 2 1  2    
D5066 11 13 祖玛弓箭手 2 1  2    
D5066 11 13 祖玛卫士 2 1  2    
D5066 11 13 楔蛾 2 3  4    
D5066 11 13 角蝇 2 1  4    
D5066 37 13 祖玛雕像 2 1  2    
D5066 37 13 祖玛弓箭手 2 1  2    
D5066 37 13 祖玛卫士 2 1  2    
D5066 37 13 楔蛾 2 3  4    
D5066 37 13 角蝇 2 1  4    
D5066 63 13 祖玛雕像 2 1  2    
D5066 63 13 祖玛卫士 2 1  2    
D5066 63 13 楔蛾 2 3  4    
D5066 63 13 角蝇 2 1  4    
D5066 63 13 祖玛弓箭手 2 1  2    
D5066 88 14 祖玛雕像 2 1  2    
D5066 88 14 祖玛卫士 2 1  2    
D5066 88 14 楔蛾 2 3  4    
D5066 88 14 角蝇 2 1  4    
D5066 88 14 祖玛弓箭手 2 1  2    
D5066 11 41 祖玛雕像 2 1  2    
D5066 11 41 祖玛卫士 2 1  2    
D5066 11 41 楔蛾 2 3  4    
D5066 11 41 角蝇 2 1  4    
D5066 11 41 祖玛弓箭手 2 1  2    
D5066 37 41 祖玛卫士 2 1  2    
D5066 37 41 祖玛雕像 2 1  2    
D5066 37 41 楔蛾 2 3  4    
D5066 37 41 角蝇 2 1  4    
D5066 37 41 祖玛卫士 2 1  2    
D5066 63 41 祖玛雕像 2 1  2    
D5066 63 41 楔蛾 2 3  4    
D5066 63 41 角蝇 2 1  4    
D5066 63 41 祖玛弓箭手 2 1  2    
D5066 89 41 祖玛雕像 2 1  2    
D5066 63 41 祖玛卫士 2 1  2    
D5066 89 41 祖玛卫士 2 1  2    
D5066 89 41 楔蛾 2 3  4    
D5066 89 41 角蝇 2 1  4    
D5066 89 41 祖玛弓箭手 2 1  2    
D5066 12 74 祖玛雕像 2 1  2    
D5066 12 74 祖玛卫士 2 1  2    
D5066 12 74 祖玛卫士10 2 1  32    
D5066 12 74 楔蛾 2 3  4    
D5066 12 74 角蝇 2 1  4    
D5066 12 74 祖玛弓箭手 2 1  2    
D5066 37 73 祖玛雕像 2 1  2    
D5066 37 73 祖玛卫士 2 1  2    
D5066 37 73 楔蛾 2 3  4    
D5066 37 73 角蝇 2 1  4    
D5066 37 73 祖玛弓箭手 2 1  2    
D5066 63 73 祖玛雕像 2 1  2    
D5066 63 73 祖玛卫士 2 1  2    
D5066 63 73 楔蛾 2 3  4    
D5066 63 73 角蝇 2 1  4    
D5066 63 73 祖玛弓箭手 2 1  2    
D5066 87 73 祖玛雕像 2 1  2    
D5066 87 73 祖玛卫士 2 1  2    
D5066 87 73 楔蛾 2 3  4    
D5066 87 73 角蝇 2 1  4    
D5066 87 73 祖玛弓箭手 2 1  2    
D5066 50 50 祖玛雕像0 50 1  84    
D5066 50 50 祖玛卫士0 50 1  84    
D5066 50 50 祖玛弓箭手0 50 1  84    
D5066 12 74 祖玛卫士 2 1  2    
D5066 12 74 祖玛卫士10 2 1  32    
D5067 11 13 祖玛雕像 2 1  2    
D5067 11 13 祖玛弓箭手 2 1  2    
D5067 11 13 祖玛卫士 2 1  2    
D5067 11 13 楔蛾 2 3  4    
D5067 11 13 角蝇 2 1  4    
D5067 37 13 祖玛雕像 2 1  2    
D5067 37 13 祖玛弓箭手 2 1  2    
D5067 37 13 祖玛卫士 2 1  2    
D5067 37 13 楔蛾 2 3  4    
D5067 37 13 角蝇 2 1  4    
D5067 63 13 祖玛雕像 2 1  2    
D5067 63 13 祖玛卫士 2 1  2    
D5067 63 13 楔蛾 2 3  4    
D5067 63 13 角蝇 2 1  4    
D5067 63 13 祖玛弓箭手 2 1  2    
D5067 88 14 祖玛雕像 2 1  2    
D5067 88 14 祖玛卫士 2 1  2    
D5067 88 14 楔蛾 2 3  4    
D5067 88 14 角蝇 2 1  4    
D5067 88 14 祖玛弓箭手 2 1  2    
D5067 11 41 祖玛雕像 2 1  2    
D5067 11 41 祖玛卫士 2 1  2    
D5067 11 41 楔蛾 2 3  4    
D5067 11 41 角蝇 2 1  4    
D5067 11 41 祖玛弓箭手 2 1  2    
D5067 37 41 祖玛卫士 2 1  2    
D5067 37 41 祖玛雕像 2 1  2    
D5067 37 41 楔蛾 2 3  4    
D5067 37 41 角蝇 2 1  4    
D5067 37 41 祖玛卫士 2 1  2    
D5067 63 41 祖玛雕像 2 1  2    
D5067 63 41 楔蛾 2 3  4    
D5067 63 41 角蝇 2 1  4    
D5067 63 41 祖玛弓箭手 2 1  2    
D5067 89 41 祖玛雕像 2 1  2    
D5067 63 41 祖玛卫士 2 1  2    
D5067 89 41 楔蛾 2 3  4    
D5067 89 41 角蝇 2 1  4    
D5067 89 41 祖玛弓箭手 2 1  2    
D5067 12 74 祖玛雕像 2 1  2    
D5067 12 74 祖玛卫士 2 1  2    
D5067 12 74 楔蛾 2 3  4    
D5067 12 74 角蝇 2 1  4    
D5067 12 74 祖玛弓箭手 2 1  2    
D5067 37 73 祖玛雕像 2 1  2    
D5067 37 73 祖玛卫士 2 1  2    
D5067 37 73 楔蛾 2 3  4    
D5067 37 73 角蝇 2 1  4    
D5067 37 73 祖玛弓箭手 2 1  2    
D5067 63 73 祖玛雕像 2 1  2    
D5067 63 73 祖玛卫士 2 1  2    
D5067 63 73 楔蛾 2 3  4    
D5067 63 73 角蝇 2 1  4    
D5067 63 73 祖玛弓箭手 2 1  2    
D5067 87 73 祖玛雕像 2 1  2    
D5067 87 73 祖玛卫士 2 1  2    
D5067 87 73 楔蛾 2 3  4    
D5067 87 73 角蝇 2 1  4    
D5067 87 73 祖玛弓箭手 2 1  2    
D5067 50 50 祖玛雕像0 50 1  84    
D5067 50 50 祖玛卫士0 50 1  84    
D5067 50 50 祖玛弓箭手0 50 1  84    
D5068 11 13 祖玛雕像 2 1  2    
D5068 11 13 祖玛弓箭手 2 1  2    
D5068 11 13 祖玛卫士 2 1  2    
D5068 11 13 楔蛾 2 3  4    
D5068 11 13 角蝇 2 1  4    
D5068 37 13 祖玛雕像 2 1  2    
D5068 37 13 祖玛弓箭手 2 1  2    
D5068 37 13 祖玛卫士 2 1  2    
D5068 37 13 楔蛾 2 3  4    
D5068 37 13 角蝇 2 1  4    
D5068 63 13 祖玛雕像 2 1  2    
D5068 63 13 祖玛卫士 2 1  2    
D5068 63 13 楔蛾 2 3  4    
D5068 63 13 角蝇 2 1  4    
D5068 63 13 祖玛弓箭手 2 1  2    
D5068 88 14 祖玛雕像 2 1  2    
D5068 88 14 祖玛卫士 2 1  2    
D5068 88 14 楔蛾 2 3  4    
D5068 88 14 角蝇 2 1  4    
D5068 88 14 祖玛弓箭手 2 1  2    
D5068 11 41 祖玛雕像 2 1  2    
D5068 11 41 祖玛卫士 2 1  2    
D5068 11 41 楔蛾 2 3  4    
D5068 11 41 角蝇 2 1  4    
D5068 11 41 祖玛弓箭手 2 1  2    
D5068 37 41 祖玛卫士 2 1  2    
D5068 37 41 祖玛雕像 2 1  2    
D5068 37 41 楔蛾 2 3  4    
D5068 37 41 角蝇 2 1  4    
D5068 37 41 祖玛卫士 2 1  2    
D5068 63 41 祖玛雕像 2 1  2    
D5068 63 41 楔蛾 2 3  4    
D5068 63 41 角蝇 2 1  4    
D5068 63 41 祖玛弓箭手 2 1  2    
D5068 89 41 祖玛雕像 2 1  2    
D5068 63 41 祖玛卫士 2 1  2    
D5068 89 41 祖玛卫士 2 1  2    
D5068 89 41 楔蛾 2 3  4    
D5068 89 41 角蝇 2 1  4    
D5068 89 41 祖玛弓箭手 2 1  2    
D5068 12 74 祖玛雕像 2 1  2    
D5068 12 74 祖玛卫士 2 1  2    
D5068 12 74 楔蛾 2 3  4    
D5068 12 74 角蝇 2 1  4    
D5068 12 74 祖玛弓箭手 2 1  2    
D5068 37 73 祖玛雕像 2 1  2    
D5068 37 73 祖玛卫士 2 1  2    
D5068 37 73 楔蛾 2 3  4    
D5068 37 73 角蝇 2 1  4    
D5068 37 73 祖玛弓箭手 2 1  2    
D5068 63 73 祖玛雕像 2 1  2    
D5068 63 73 祖玛卫士 2 1  2    
D5068 63 73 楔蛾 2 3  4    
D5068 63 73 角蝇 2 1  4    
D5068 63 73 祖玛弓箭手 2 1  2    
D5068 87 73 祖玛雕像 2 1  2    
D5068 87 73 祖玛卫士 2 1  2    
D5068 87 73 楔蛾 2 3  4    
D5068 87 73 角蝇 2 1  4    
D5068 87 73 祖玛弓箭手 2 1  2    
D5068 50 50 祖玛雕像0 50 1  84    
D5068 50 50 祖玛卫士0 50 1  84    
D5068 50 50 祖玛弓箭手0 50 1  84    
D5069 11 13 祖玛雕像 2 1  2    
D5069 11 13 祖玛弓箭手 2 1  2    
D5069 11 13 祖玛卫士 2 1  2    
D5069 11 13 楔蛾 2 3  4    
D5069 11 13 角蝇 2 1  4    
D5069 37 13 祖玛雕像 2 1  2    
D5069 37 13 祖玛弓箭手 2 1  2    
D5069 37 13 祖玛卫士 2 1  2    
D5069 37 13 楔蛾 2 3  4    
D5069 37 13 角蝇 2 1  4    
D5069 63 13 祖玛雕像 2 1  2    
D5069 63 13 祖玛卫士 2 1  2    
D5069 63 13 楔蛾 2 3  4    
D5069 63 13 角蝇 2 1  4    
D5069 63 13 祖玛弓箭手 2 1  2    
D5069 88 14 祖玛雕像 2 1  2    
D5069 88 14 祖玛卫士 2 1  2    
D5069 88 14 楔蛾 2 3  4    
D5069 88 14 角蝇 2 1  4    
D5069 88 14 祖玛弓箭手 2 1  2    
D5069 11 41 祖玛雕像 2 1  2    
D5069 11 41 祖玛卫士 2 1  2    
D5069 11 41 楔蛾 2 3  4    
D5069 11 41 角蝇 2 1  4    
D5069 11 41 祖玛弓箭手 2 1  2    
D5069 37 41 祖玛卫士 2 1  2    
D5069 37 41 祖玛雕像 2 1  2    
D5069 37 41 楔蛾 2 3  4    
D5069 37 41 角蝇 2 1  4    
D5069 37 41 祖玛卫士 2 1  2    
D5069 63 41 祖玛雕像 2 1  2    
D5069 63 41 楔蛾 2 3  4    
D5069 63 41 角蝇 2 1  4    
D5069 63 41 祖玛弓箭手 2 1  2    
D5069 89 41 祖玛雕像 2 1  2    
D5069 63 41 祖玛卫士 2 1  2    
D5069 89 41 祖玛卫士 2 1  2    
D5069 89 41 楔蛾 2 3  4    
D5069 89 41 角蝇 2 1  4    
D5069 89 41 祖玛弓箭手 2 1  2    
D5069 12 74 祖玛雕像 2 1  2    
D5069 12 74 祖玛卫士 2 1  2    
D5069 12 74 楔蛾 2 3  4    
D5069 12 74 角蝇 2 1  4    
D5069 12 74 祖玛弓箭手 2 1  2    
D5069 37 73 祖玛雕像 2 1  2    
D5069 37 73 祖玛卫士 2 1  2    
D5069 37 73 楔蛾 2 3  4    
D5069 37 73 角蝇 2 1  4    
D5069 37 73 祖玛弓箭手 2 1  2    
D5069 63 73 祖玛雕像 2 1  2    
D5069 63 73 祖玛卫士 2 1  2    
D5069 63 73 楔蛾 2 3  4    
D5069 63 73 角蝇 2 1  4    
D5069 63 73 祖玛弓箭手 2 1  2    
D5069 87 73 祖玛雕像 2 1  2    
D5069 87 73 祖玛卫士 2 1  2    
D5069 87 73 楔蛾 2 3  4    
D5069 87 73 角蝇 2 1  4    
D5069 87 73 祖玛弓箭手 2 1  2    
D5069 50 50 祖玛雕像0 50 1  84    
D5069 50 50 祖玛卫士0 50 1  84    
D5069 50 50 祖玛弓箭手0 50 1  84    
D515 22 20 角蝇 20 7  7    
D515 73 22 送宝树妖 5 1  30   
D515 19 24 祖玛教主 0 1  126    
D601 7 201 弓箭守卫 0 1  4   
D601 159 58 送宝树妖 0 1  30     
D601 13 196 弓箭守卫 0 1  4    
D601 18 166 蜈蚣 50 10  4    
D601 18 166 跳跳蜂 50 10  4    
D601 18 166 黑色恶蛆 50 10  4    
D601 40 27 蜈蚣 50 10  4    
D601 40 27 跳跳蜂 50 10  4    
D601 40 27 黑色恶蛆 50 10  4    
D601 84 104 蜈蚣 50 10  4    
D601 84 104 巨型蠕虫 50 10  4    
D601 84 104 黑色恶蛆 50 10  4    
D601 100 100 蜈蚣 100 10  7 50   
D601 100 100 蜈蚣 100 10  7 50   
D601 161 208 蜈蚣 50 10  4    
D601 161 208 跳跳蜂 50 10  4    
D601 161 208 黑色恶蛆 50 10  4    
D601 144 73 蜈蚣 50 10  4    
D601 144 73 巨型蠕虫 50 10  4    
D601 144 73 黑色恶蛆 50 10  4    
D601 187 36 巨型蠕虫 50 10  4    
D601 187 36 蜈蚣 50 10  4    
D601 187 36 黑色恶蛆 50 10  4    
D601 100 100 蜈蚣0 100 1  11    
D601 100 100 跳跳蜂0 100 1  11    
D601 100 100 巨型蠕虫0 100 1  11    
D601 100 100 黑色恶蛆0 100 1  11    
D602 60 47 蜈蚣 60 10  4    
D602 60 47 钳虫 60 10  4    
D602 60 47 黑色恶蛆 60 10  4    
D602 78 167 蜈蚣 60 10  4    
D602 78 167 钳虫 60 10  4    
D602 78 167 黑色恶蛆 60 10  4    
D602 100 100 蜈蚣 100 10  7 50   
D602 100 100 蜈蚣 100 10  7 50   
D602 100 100 钳虫 100 10  7 50   
D602 100 100 钳虫 100 10  7 50   
D602 101 101 蜈蚣 60 10  4    
D602 101 101 钳虫 60 10  4    
D602 101 101 黑色恶蛆 60 10  4    
D602 144 151 蜈蚣 60 10  4    
D602 144 151 钳虫 60 10  4    
D602 144 151 黑色恶蛆 60 10  4    
D602 178 43 蜈蚣 60 10  4    
D602 178 43 钳虫 60 10  4    
D602 178 43 黑色恶蛆 60 10  4    
D602 100 100 蜈蚣0 100 1  11    
D602 100 100 钳虫0 100 1  11    
D602 100 100 黑色恶蛆0 100 1  11    
D603 60 150 蜈蚣 60 10  5    
D603 60 150 钳虫 60 10  5    
D603 60 150 黑色恶蛆 60 10  4    
D603 76 94 蜈蚣 60 10  5    
D603 76 94 钳虫 60 10  5    
D603 76 94 黑色恶蛆 60 10  4    
D603 100 100 蜈蚣 100 10  7 50   
D603 100 100 蜈蚣 100 10  7 50   
D603 100 100 钳虫 100 10  7 50   
D603 100 100 钳虫 100 10  7 50   
D603 100 100 邪恶钳虫 100 1  126    
D603 138 161 蜈蚣 60 10  5    
D603 138 161 钳虫 60 10  5    
D603 138 161 黑色恶蛆 60 10  4    
D603 159 59 蜈蚣 60 10  5    
D603 159 59 钳虫 60 10  5    
D603 159 59 黑色恶蛆 60 10  4    
D603 100 100 蜈蚣0 100 1  11    
D603 100 100 钳虫0 100 1  11    
D603 100 100 黑色恶蛆0 100 1  11    
D604 35 42 蜈蚣 60 10  5    
D604 35 42 钳虫 60 10  5    
D604 35 42 跳跳蜂 60 10  5    
D604 35 42 黑色恶蛆 60 10  5    
D604 52 130 蜈蚣 60 10  5    
D604 52 130 钳虫 60 10  5    
D604 52 130 跳跳蜂 60 10  5    
D604 52 130 黑色恶蛆 60 10  5    
D604 118 112 蜈蚣 60 10  5    
D604 118 112 钳虫 60 10  5    
D604 118 112 跳跳蜂 60 10  5    
D604 118 112 黑色恶蛆 60 10  5    
D604 148 50 蜈蚣 60 10  5    
D604 148 50 钳虫 60 10  5    
D604 148 50 跳跳蜂 60 10  5    
D604 148 50 黑色恶蛆 60 10  5    
D604 100 100 蜈蚣 100 10  7 50   
D604 100 100 蜈蚣 100 10  7 50   
D604 100 100 钳虫 100 10  7 50   
D604 100 100 钳虫 100 10  7 50   
D604 100 100 邪恶钳虫 100 1  126    
D604 100 100 蜈蚣0 100 1  11    
D604 100 100 钳虫0 100 1  11    
D604 100 100 跳跳蜂0 100 1  11    
D604 100 100 黑色恶蛆0 100 1  11    
D605 51 131 蜈蚣 50 9  5    
D605 51 131 钳虫 50 9  5    
D605 51 131 巨型蠕虫 50 9  5    
D605 51 131 黑色恶蛆 50 9  5    
D605 55 27 蜈蚣 50 9  5    
D605 55 27 钳虫 50 9  5    
D605 55 27 巨型蠕虫 50 9  5    
D605 55 27 黑色恶蛆 50 9  5    
D605 89 81 蜈蚣 50 9  5    
D605 89 81 钳虫 50 9  5    
D605 89 81 巨型蠕虫 50 9  5    
D605 89 81 黑色恶蛆 50 9  5    
D605 126 37 蜈蚣 50 9  5    
D605 126 37 钳虫 50 9  5    
D605 126 37 巨型蠕虫 50 9  5    
D605 126 37 黑色恶蛆 50 9  5    
D605 162 92 巨型蠕虫 50 9  5    
D605 162 92 黑色恶蛆 50 9  5    
D605 162 92 钳虫 50 9  5    
D605 162 92 蜈蚣 50 9  5    
D605 100 100 钳虫 100 9  7 50   
D605 100 100 钳虫 100 9  7 50   
D605 100 100 蜈蚣 100 9  7 50   
D605 100 100 蜈蚣 100 9  7 50   
D605 100 100 邪恶钳虫 100 1  126    
D605 100 100 蜈蚣0 100 1  11    
D605 100 100 钳虫0 100 1  11    
D605 100 100 巨型蠕虫0 100 1  11    
D605 100 100 黑色恶蛆0 100 1  11    
D606 19 39 钳虫 70 14  5    
D606 19 39 跳跳蜂 70 14  5    
D606 19 39 巨型蠕虫 70 14  5    
D606 19 39 黑色恶蛆 70 14  5    
D606 57 166 钳虫 70 14  5    
D606 57 166 跳跳蜂 70 14  5    
D606 57 166 巨型蠕虫 70 14  5    
D606 57 166 黑色恶蛆 70 14  5    
D606 97 81 钳虫 70 14  5    
D606 97 81 跳跳蜂 70 14  5    
D606 97 81 巨型蠕虫 70 14  5    
D606 97 81 黑色恶蛆 70 14  5    
D606 100 100 蜈蚣 100 26  5    
D606 100 100 蜈蚣 100 13  7 50   
D606 100 100 蜈蚣 100 13  7 50   
D606 100 100 钳虫 100 13  7 50   
D606 100 100 钳虫 100 13  7 50   
D606 83 168 触龙神 100 1  126    
D606 100 100 邪恶钳虫 100 3  126    
D606 178 127 跳跳蜂 70 14  5    
D606 178 127 黑色恶蛆 70 14  5    
D606 178 127 巨型蠕虫 70 14  5    
D606 178 127 钳虫 70 14  5    
D606 100 100 蜈蚣0 50 1  7    
D606 100 100 钳虫0 50 1  7    
D606 100 100 跳跳蜂0 50 1  7    
D606 100 100 巨型蠕虫0 50 1  7    
D612 19 39 钳虫 70 13  5    
D612 57 166 钳虫 70 13  5    
D612 70 76 钳虫 70 13  5    
D612 70 76 跳跳蜂 70 13  5    
D612 70 76 跳跳蜂 70 13  5    
D612 70 76 巨型蠕虫 70 13  5    
D612 70 76 黑色恶蛆 70 13  5    
D612 79 220 钳虫 70 13  5    
D612 79 220 跳跳蜂 70 13  5    
D612 79 220 巨型蠕虫 70 13  5    
D612 79 220 黑色恶蛆 70 13  5    
D612 97 81 钳虫 70 13  5    
D612 150 134 钳虫 70 13  5    
D612 150 150 蜈蚣 100 13  7    
D612 150 150 蜈蚣 100 13  7    
D612 150 150 钳虫 100 13  7    
D612 150 150 钳虫 100 13  7    
D612 178 127 钳虫 70 13  5    
D612 170 170 蜈蚣 100 13  7    
D612 170 170 钳虫 100 13  7    
D612 170 170 钳虫 70 13  5    
D612 200 213 钳虫 70 13  5    
D612 200 213 跳跳蜂 70 13  5    
D612 200 213 巨型蠕虫 70 13  5    
D612 200 213 黑色恶蛆 70 13  5    
D612 210 72 钳虫 70 13  5    
D612 210 72 跳跳蜂 70 13  5    
D612 210 72 黑色恶蛆 70 13  5    
D612 210 72 巨型蠕虫 70 13  5    
D612 150 150 邪恶钳虫 150 1  84    
D612 150 150 邪恶钳虫2 150 1  42    
D613 19 17 钳虫 50 10  5    
D613 41 23 钳虫 50 13  5    
D613 52 33 钳虫 50 13  5    
D613 64 47 钳虫 50 10  5    
D613 79 54 钳虫 50 13  5    
D613 77 74 钳虫 50 13  5    
D613 53 76 钳虫 50 10  5    
D613 44 59 钳虫 50 13  5    
D613 28 62 钳虫 50 13  5    
D613 18 56 钳虫 50 10  5    
D613 50 50 蜈蚣 70 13  5    
D613 50 50 跳跳蜂 70 13  5    
D613 50 50 巨型蠕虫 70 13  5    
D613 50 50 黑色恶蛆 70 13  5    
D613 50 50 蜈蚣0 70 1  11    
D613 50 50 钳虫0 70 1  11    
D613 50 50 跳跳蜂0 70 1  11    
D613 50 50 巨型蠕虫0 70 1  11    
D613 50 50 黑色恶蛆0 70 1  11    
D613 50 50 邪恶钳虫2 70 1  11    
D614 67 79 黑色恶蛆 50 10  5    
D614 53 71 黑色恶蛆 50 13  5    
D614 23 82 黑色恶蛆 50 13  5    
D614 27 62 黑色恶蛆 50 10  5    
D614 18 29 黑色恶蛆 50 13  5    
D614 42 22 黑色恶蛆 50 13  5    
D614 60 20 黑色恶蛆 50 10  5    
D614 77 32 黑色恶蛆 50 13  5    
D614 60 48 黑色恶蛆 50 13  5    
D614 87 24 黑色恶蛆 50 10  5    
D614 50 50 蜈蚣 70 13  5    
D614 50 50 钳虫 70 13  5    
D614 50 50 跳跳蜂 70 13  5    
D614 50 50 巨型蠕虫 70 13  5    
D614 50 50 蜈蚣0 70 1  11    
D614 50 50 钳虫0 70 1  11    
D614 50 50 跳跳蜂0 70 1  11    
D614 50 50 巨型蠕虫0 70 1  11    
D614 50 50 黑色恶蛆0 70 1  11    
D614 50 50 邪恶钳虫2 70 1  11    
D615 82 78 巨型蠕虫 50 10  5    
D615 81 54 巨型蠕虫 50 13  5    
D615 79 30 巨型蠕虫 50 13  5    
D615 60 22 巨型蠕虫 50 10  5    
D615 44 16 巨型蠕虫 50 13  5    
D615 16 58 巨型蠕虫 50 10  5    
D615 17 81 巨型蠕虫 50 13  5    
D615 51 55 巨型蠕虫 50 13  5    
D615 49 81 巨型蠕虫 50 10  5    
D615 50 50 蜈蚣 70 16  5    
D615 50 50 钳虫 70 16  5    
D615 50 50 跳跳蜂 70 16  5    
D615 50 50 黑色恶蛆 70 16  5    
D615 50 50 蜈蚣0 70 1  11    
D615 50 50 钳虫0 70 1  11    
D615 50 50 跳跳蜂0 70 1  11    
D615 50 50 巨型蠕虫0 70 1  11    
D615 50 50 黑色恶蛆0 70 1  11    
D615 50 50 邪恶钳虫2 70 1  42    
D616 20 21 跳跳蜂 50 10  5    
D616 23 38 跳跳蜂 50 10  5    
D616 25 62 跳跳蜂 50 10  5    
D616 11 71 跳跳蜂 50 10  5    
D616 62 66 跳跳蜂 50 10  5    
D616 59 27 跳跳蜂 50 10  5    
D616 77 85 跳跳蜂 50 10  5    
D616 83 55 跳跳蜂 50 10  5    
D616 73 44 跳跳蜂 50 10  5    
D616 82 21 跳跳蜂 50 10  5    
D616 50 50 蜈蚣 70 10  5    
D616 50 50 钳虫 70 10  5    
D616 50 50 巨型蠕虫 70 10  5    
D616 50 50 黑色恶蛆 70 10  5    
D616 50 50 蜈蚣0 70 1  11    
D616 50 50 钳虫0 70 1  11    
D616 50 50 跳跳蜂0 70 1  11    
D616 50 50 巨型蠕虫0 70 1  11    
D616 50 50 黑色恶蛆0 70 1  11    
D616 50 50 邪恶钳虫2 70 1  42    
D617 51 45 蜈蚣 50 10  5    
D617 28 35 蜈蚣 50 10  5    
D617 20 66 蜈蚣 50 10  5    
D617 45 81 蜈蚣 50 10  5    
D617 69 84 蜈蚣 50 10  5    
D617 69 61 蜈蚣 50 10  5    
D617 83 42 蜈蚣 50 10  5    
D617 80 17 蜈蚣 50 10  5    
D617 87 72 蜈蚣 50 10  5    
D617 82 21 蜈蚣 50 10  5    
D617 50 50 钳虫 70 13  5    
D617 50 50 跳跳蜂 70 13  5    
D617 50 50 巨型蠕虫 70 13  5    
D617 50 50 黑色恶蛆 70 13  5    
D617 50 50 蜈蚣0 70 1  11    
D617 50 50 钳虫0 70 1  11    
D617 50 50 跳跳蜂0 70 1  11    
D617 50 50 巨型蠕虫0 70 1  11    
D617 50 50 黑色恶蛆0 70 1  11    
D617 50 50 邪恶钳虫2 70 1  42    
D618 19 39 钳虫 70 13  5    
D618 19 39 跳跳蜂 70 13  5    
D618 19 39 巨型蠕虫 70 13  5    
D618 19 39 黑色恶蛆 70 13  5    
D618 57 166 钳虫 70 13  5    
D618 57 166 跳跳蜂 70 13  5    
D618 57 166 巨型蠕虫 70 13  5    
D618 57 166 黑色恶蛆 70 13  5    
D618 97 81 钳虫 70 13  5    
D618 97 81 跳跳蜂 70 13  5    
D618 97 81 巨型蠕虫 70 13  5    
D618 97 81 黑色恶蛆 70 13  5    
D618 178 127 钳虫 70 13  5    
D618 178 127 跳跳蜂 70 13  5    
D618 178 127 巨型蠕虫 70 13  5    
D618 178 127 黑色恶蛆 70 13  5    
D618 100 100 蜈蚣 100 10  5    
D618 100 100 蜈蚣 100 10  7    
D618 100 100 蜈蚣 100 10  7    
D618 100 100 钳虫 100 10  7    
D618 100 100 钳虫 100 10  7    
D618 100 100 邪恶钳虫 100 1  84    
D618 100 100 蜈蚣0 70 1  11    
D618 100 100 钳虫0 70 1  11    
D618 100 100 跳跳蜂0 70 1  11    
D618 100 100 巨型蠕虫0 70 1  11    
D618 100 100 黑色恶蛆0 70 1  11    
D618 100 100 邪恶钳虫2 100 1  21    
D618 150 150 蜈蚣0 100 1  7    
D618 150 150 钳虫0 100 1  7    
D618 150 150 跳跳蜂0 100 1  7    
D618 150 150 巨型蠕虫0 100 1  7    
D618 150 150 黑色恶蛆0 100 1  7    
D701 100 100 僵尸5 100 39  7    
D711 251 41 红野猪 30 10  7    
D711 321 72 红野猪 30 10  7    
D711 363 146 红野猪 30 9  7    
D711 172 59 红野猪 30 9  7    
D711 210 93 红野猪 30 9  7    
D711 262 140 红野猪 30 9  7    
D711 309 19 红野猪 30 9  7    
D711 350 303 红野猪 30 9  7    
D711 111 105 红野猪 30 9  7    
D711 158 149 红野猪 30 9  7    
D711 200 200 红野猪 30 9  7    
D711 255 306 红野猪 30 9  7    
D711 287 286 红野猪 30 9  7    
D711 56 158 红野猪 30 9  7    
D711 153 237 红野猪 30 9  7    
D711 112 250 红野猪 30 9  7    
D711 114 314 红野猪 30 9  7    
D711 304 340 红野猪 30 9  7    
D711 251 41 黑野猪 30 7  7    
D711 321 72 黑野猪 30 7  7    
D711 363 146 黑野猪 30 7  7    
D711 172 59 黑野猪 30 7  7    
D711 210 93 黑野猪 30 7  7    
D711 262 140 黑野猪 30 7  7    
D711 309 19 黑野猪 30 7  7    
D711 350 303 黑野猪 30 7  7    
D711 111 105 黑野猪 30 7  7    
D711 158 149 黑野猪 30 7  7    
D711 200 200 黑野猪 30 7  7    
D711 255 306 黑野猪 30 7  7    
D711 287 286 黑野猪 30 7  7    
D711 56 158 黑野猪 30 7  7    
D711 153 237 黑野猪 30 7  7    
D711 112 250 黑野猪 30 7  7    
D711 114 314 黑野猪 30 7  7    
D711 304 340 黑野猪 30 7  7    
D711 251 41 黑色恶蛆 30 10  7    
D711 321 72 黑色恶蛆 30 10  7    
D711 363 146 黑色恶蛆 30 10  7    
D711 172 59 黑色恶蛆 30 10  7    
D711 210 93 黑色恶蛆 30 10  7    
D711 262 140 黑色恶蛆 30 10  7    
D711 309 19 黑色恶蛆 30 10  7    
D711 350 303 黑色恶蛆 30 10  7    
D711 111 105 黑色恶蛆 30 10  7    
D711 158 149 黑色恶蛆 30 10  7    
D711 200 200 黑色恶蛆 30 10  7    
D711 255 306 黑色恶蛆 30 10  7    
D711 287 286 黑色恶蛆 30 10  7    
D711 56 158 黑色恶蛆 30 10  7    
D711 153 237 黑色恶蛆 30 10  7    
D711 112 250 黑色恶蛆 30 10  7    
D711 114 314 黑色恶蛆 30 10  7    
D711 304 340 黑色恶蛆 30 10  7    
D711 200 200 楔蛾 200 33  7    
D711 200 200 红野猪0 200 1  21    
D711 200 200 黑野猪0 200 1  21    
D711 200 200 黑色恶蛆0 200 1  21    
D712 251 41 红野猪 30 9  7    
D712 321 72 红野猪 30 9  7    
D712 363 146 红野猪 30 9  7    
D712 172 59 红野猪 30 9  7    
D712 210 93 红野猪 30 9  7    
D712 262 140 红野猪 30 9  7    
D712 309 19 红野猪 30 9  7    
D712 350 303 红野猪 30 9  7    
D712 111 105 红野猪 30 9  7    
D712 158 149 红野猪 30 9  7    
D712 200 200 红野猪 30 9  7    
D712 255 306 红野猪 30 9  7    
D712 287 286 红野猪 30 9  7    
D712 56 158 红野猪 30 9  7    
D712 153 237 红野猪 30 9  7    
D712 112 250 红野猪 30 9  7    
D712 114 314 红野猪 30 9  7    
D712 304 340 红野猪 30 9  7    
D712 251 41 黑野猪 30 7  7    
D712 321 72 黑野猪 30 7  7    
D712 363 146 黑野猪 30 7  7    
D712 172 59 黑野猪 30 7  7    
D712 210 93 黑野猪 30 7  7    
D712 262 140 黑野猪 30 7  7    
D712 309 19 黑野猪 30 7  7    
D712 350 303 黑野猪 30 7  7    
D712 111 105 黑野猪 30 7  7    
D712 158 149 黑野猪 30 7  7    
D712 200 200 黑野猪 30 7  7    
D712 255 306 黑野猪 30 7  7    
D712 287 286 黑野猪 30 7  7    
D712 56 158 黑野猪 30 7  7    
D712 153 237 黑野猪 30 7  7    
D712 112 250 黑野猪 30 7  7    
D712 114 314 黑野猪 30 7  7    
D712 304 340 黑野猪 30 7  7    
D712 100 100 黑野猪 100 1  4 50   
D712 300 100 黑野猪 100 1  4 50   
D712 100 300 黑野猪 100 1  4 50   
D712 300 300 黑野猪 100 1  4 50   
D712 251 41 黑色恶蛆 30 7  7    
D712 321 72 黑色恶蛆 30 7  7    
D712 363 146 黑色恶蛆 30 7  7    
D712 172 59 黑色恶蛆 30 7  7    
D712 210 93 黑色恶蛆 30 7  7    
D712 262 140 黑色恶蛆 30 7  7    
D712 309 19 黑色恶蛆 30 7  7    
D712 350 303 黑色恶蛆 30 7  7    
D712 111 105 黑色恶蛆 30 7  7    
D712 158 149 黑色恶蛆 30 7  7    
D712 200 200 黑色恶蛆 30 7  7    
D712 255 306 黑色恶蛆 30 7  7    
D712 287 286 黑色恶蛆 30 7  7    
D712 56 158 黑色恶蛆 30 7  7    
D712 153 237 黑色恶蛆 30 7  7    
D712 112 250 黑色恶蛆 30 7  7    
D712 114 314 黑色恶蛆 30 7  7    
D712 304 340 黑色恶蛆 30 7  7    
D712 200 200 楔蛾 200 39  7    
D712 200 200 红野猪0 200 1  21    
D712 200 200 黑野猪0 200 1  21    
D712 200 200 黑色恶蛆0 200 1  21    
D713 251 41 红野猪 30 9  7    
D713 321 72 红野猪 30 9  7    
D713 363 146 红野猪 30 9  7    
D713 172 59 红野猪 30 9  7    
D713 210 93 红野猪 30 9  7    
D713 262 140 红野猪 30 9  7    
D713 309 19 红野猪 30 9  7    
D713 350 303 红野猪 30 9  7    
D713 111 105 红野猪 30 9  7    
D713 158 149 红野猪 30 9  7    
D713 200 200 红野猪 30 9  7    
D713 255 306 红野猪 30 9  7    
D713 287 286 红野猪 30 9  7    
D713 56 158 红野猪 30 9  7    
D713 153 237 红野猪 30 9  7    
D713 112 250 红野猪 30 9  7    
D713 114 314 红野猪 30 9  7    
D713 304 340 红野猪 30 9  7    
D713 251 41 黑野猪 30 7  7    
D713 321 72 黑野猪 30 7  7    
D713 363 146 黑野猪 30 7  7    
D713 172 59 黑野猪 30 7  7    
D713 210 93 黑野猪 30 7  7    
D713 262 140 黑野猪 30 7  7    
D713 309 19 黑野猪 30 7  7    
D713 350 303 黑野猪 30 7  7    
D713 111 105 黑野猪 30 7  7    
D713 158 149 黑野猪 30 7  7    
D713 200 200 黑野猪 30 7  7    
D713 255 306 黑野猪 30 7  7    
D713 287 286 黑野猪 30 7  7    
D713 56 158 黑野猪 30 7  7    
D713 153 237 黑野猪 30 7  7    
D713 112 250 黑野猪 30 7  7    
D713 114 314 黑野猪 30 7  7    
D713 304 340 黑野猪 30 7  7    
D713 100 100 黑野猪 100 1  4 50   
D713 300 100 黑野猪 100 1  4 50   
D713 100 300 黑野猪 100 1  4 50   
D713 300 300 黑野猪 100 1  4 50   
D713 251 41 黑色恶蛆 30 7  7    
D713 321 72 黑色恶蛆 30 7  7    
D713 363 146 黑色恶蛆 30 7  7    
D713 172 59 黑色恶蛆 30 7  7    
D713 210 93 黑色恶蛆 30 7  7    
D713 262 140 黑色恶蛆 30 7  7    
D713 309 19 黑色恶蛆 30 7  7    
D713 350 303 黑色恶蛆 30 7  7    
D713 111 105 黑色恶蛆 30 7  7    
D713 158 149 黑色恶蛆 30 7  7    
D713 200 200 黑色恶蛆 30 7  7    
D713 255 306 黑色恶蛆 30 7  7    
D713 287 286 黑色恶蛆 30 7  7    
D713 56 158 黑色恶蛆 30 7  7    
D713 153 237 黑色恶蛆 30 7  7    
D713 112 250 黑色恶蛆 30 7  7    
D713 114 314 黑色恶蛆 30 7  7    
D713 304 340 黑色恶蛆 30 7  7    
D713 200 200 楔蛾 200 39  7    
D713 100 100 黑色恶蛆 100 7  4 50   
D713 300 100 黑色恶蛆 100 7  4 50   
D713 100 300 黑色恶蛆 100 7  4 50   
D713 300 300 黑色恶蛆 100 7  4 50   
D713 200 200 角蝇 200 20  7    
D713 200 200 蝎蛇 200 39  7    
D713 200 200 红野猪0 200 1  21    
D713 200 200 黑野猪0 200 1  21    
D713 200 200 黑色恶蛆0 200 1  21    
D713 200 200 蝎蛇0 200 1  21    
D713 200 200 红野猪3 200 13  11    
D713 200 200 黑野猪3 200 13  11    
D713 200 200 蝎蛇3 200 13  11    
D714 251 41 红野猪 30 9  7    
D714 321 72 红野猪 30 9  7    
D714 363 146 红野猪 30 9  7    
D714 172 59 红野猪 30 9  7    
D714 210 93 红野猪 30 9  7    
D714 262 140 红野猪 30 9  7    
D714 309 19 红野猪 30 9  7    
D714 350 303 红野猪 30 9  7    
D714 111 105 红野猪 30 9  7    
D714 158 149 红野猪 30 9  7    
D714 200 200 红野猪 30 9  7    
D714 255 306 红野猪 30 9  7    
D714 287 286 红野猪 30 9  7    
D714 56 158 红野猪 30 9  7    
D714 153 237 红野猪 30 9  7    
D714 112 250 红野猪 30 9  7    
D714 114 314 红野猪 30 9  7    
D714 304 340 红野猪 30 9  7    
D714 251 41 黑野猪 30 7  7    
D714 321 72 黑野猪 30 7  7    
D714 363 146 黑野猪 30 7  7    
D714 172 59 黑野猪 30 7  7    
D714 210 93 黑野猪 30 7  7    
D714 262 140 黑野猪 30 7  7    
D714 309 19 黑野猪 30 7  7    
D714 350 303 黑野猪 30 7  7    
D714 111 105 黑野猪 30 7  7    
D714 158 149 黑野猪 30 7  7    
D714 200 200 黑野猪 30 7  7    
D714 255 306 黑野猪 30 7  7    
D714 287 286 黑野猪 30 7  7    
D714 56 158 黑野猪 30 7  7    
D714 153 237 黑野猪 30 7  7    
D714 112 250 黑野猪 30 7  7    
D714 114 314 黑野猪 30 7  7    
D714 304 340 黑野猪 30 7  7    
D714 100 100 黑野猪 100 1  4 50   
D714 300 100 黑野猪 100 1  4 50   
D714 100 300 黑野猪 100 1  4 50   
D714 300 300 黑野猪 100 1  4 50   
D714 251 41 黑色恶蛆 30 7  7    
D714 321 72 黑色恶蛆 30 7  7    
D714 363 146 黑色恶蛆 30 7  7    
D714 172 59 黑色恶蛆 30 7  7    
D714 210 93 黑色恶蛆 30 7  7    
D714 262 140 黑色恶蛆 30 7  7    
D714 309 19 黑色恶蛆 30 7  7    
D714 350 303 黑色恶蛆 30 7  7    
D714 111 105 黑色恶蛆 30 7  7    
D714 158 149 黑色恶蛆 30 7  7    
D714 200 200 黑色恶蛆 30 7  7    
D714 255 306 黑色恶蛆 30 7  7    
D714 287 286 黑色恶蛆 30 7  7    
D714 56 158 黑色恶蛆 30 7  7    
D714 153 237 黑色恶蛆 30 7  7    
D714 112 250 黑色恶蛆 30 7  7    
D714 114 314 黑色恶蛆 30 7  7    
D714 304 340 黑色恶蛆 30 7  7    
D714 100 100 蝎蛇 100 1  4 50   
D714 300 100 蝎蛇 100 1  4 50   
D714 100 300 蝎蛇 100 1  4 50   
D714 300 300 蝎蛇 100 1  4 50   
D714 200 200 蝎蛇 200 39  7    
D714 200 200 楔蛾 200 39  7    
D714 200 200 角蝇 200 20  7    
D714 200 200 白野猪 200 1  84    
D714 200 200 红野猪0 200 1  11    
D714 200 200 黑野猪0 200 1  11    
D714 200 200 黑色恶蛆0 200 1  11    
D714 200 200 蝎蛇0 200 1  11    
D714 200 200 红野猪3 200 20  21    
D714 200 200 黑野猪3 200 20  21    
D714 200 200 蝎蛇3 200 20  21    
D715 200 200 红野猪 200 46  7    
D715 200 200 楔蛾 200 46  7    
D715 200 200 蝎蛇 200 46  7    
D715 200 200 黑野猪 200 46  7    
D715 200 200 黑色恶蛆 200 46  7    
D715 200 200 白野猪 200 1  84    
D715 200 200 角蝇 200 20  7    
D715 200 200 红野猪0 200 1  21    
D715 200 200 黑野猪0 200 1  21    
D715 200 200 黑色恶蛆0 200 1  21    
D715 200 200 蝎蛇0 200 1  21    
D715 200 200 红野猪3 200 13  11    
D715 200 200 黑野猪3 200 13  11    
D715 200 200 蝎蛇3 200 13  11    
D716 25 25 红野猪 25 9  7    
D716 25 25 黑野猪 25 9  7    
D716 25 25 楔蛾 25 9  7    
D716 25 25 蝎蛇 25 9  7    
D716 25 25 黑色恶蛆 25 9  7    
D716 25 25 角蝇 25 4  7    
D716 25 25 黑野猪0 25 1  84    
D71601 25 25 红野猪 25 9  7    
D71601 25 25 黑野猪 25 9  7    
D71601 25 25 楔蛾 25 9  7    
D71601 25 25 蝎蛇 25 9  7    
D71601 25 25 黑色恶蛆 25 9  7    
D71601 25 25 角蝇 25 4  7    
D71601 25 25 红野猪0 25 1  84    
D71601 25 25 红野猪3 25 1  21    
D71601 25 25 黑野猪3 25 1  21    
D71601 25 25 蝎蛇3 25 1  21    
D71602 25 25 红野猪 25 9  7    
D71602 25 25 黑野猪 25 9  7    
D71602 25 25 楔蛾 25 9  7    
D71602 25 25 蝎蛇 25 9  7    
D71602 25 25 黑色恶蛆 25 9  7    
D71602 25 25 角蝇 25 4  7    
D71602 25 25 黑野猪0 25 1  84    
D71602 25 25 红野猪3 25 1  21    
D71602 25 25 黑野猪3 25 1  21    
D71602 25 25 蝎蛇3 25 1  21    
D71603 25 25 红野猪 25 9  7    
D71603 25 25 黑野猪 25 9  7    
D71603 25 25 楔蛾 25 9  7    
D71603 25 25 蝎蛇 25 9  7    
D71603 25 25 黑色恶蛆 25 9  7    
D71603 25 25 角蝇 25 4  7    
D71603 25 25 黑色恶蛆0 25 1  84    
D71603 25 25 红野猪3 25 1  21    
D71603 25 25 黑野猪3 25 1  21    
D71603 25 25 蝎蛇3 25 1  21    
D71604 25 25 红野猪 25 9  7    
D71604 25 25 黑野猪 25 9  7    
D71604 25 25 楔蛾 25 9  7    
D71604 25 25 蝎蛇 25 9  7    
D71604 25 25 黑色恶蛆 25 9  7    
D71604 25 25 角蝇 25 4  7    
D71604 25 25 蝎蛇0 25 1  84    
D71604 25 25 红野猪3 25 1  21    
D71604 25 25 黑野猪3 25 1  21    
D71604 25 25 蝎蛇3 25 1  21    
D71605 25 25 红野猪 25 9  7    
D71605 25 25 黑野猪 25 9  7    
D71605 25 25 楔蛾 25 9  7    
D71605 25 25 蝎蛇 25 9  7    
D71605 25 25 黑色恶蛆 25 9  7    
D71605 25 25 角蝇 25 4  7    
D71605 25 25 红野猪0 25 1  84    
D71605 25 25 红野猪3 25 1  21    
D71605 25 25 黑野猪3 25 1  21    
D71605 25 25 蝎蛇3 25 1  21    
D71606 25 25 红野猪 25 9  7    
D71606 25 25 黑野猪 25 9  7    
D71606 25 25 楔蛾 25 9  7    
D71606 25 25 蝎蛇 25 9  7    
D71606 25 25 黑色恶蛆 25 9  7    
D71606 25 25 角蝇 25 4  7    
D71606 25 25 黑野猪0 25 1  84    
D71606 25 25 红野猪3 25 1  21    
D71606 25 25 黑野猪3 25 1  21    
D71606 25 25 蝎蛇3 25 1  21    
D71607 25 25 红野猪 25 9  7    
D71607 25 25 黑野猪 25 9  7    
D71607 25 25 楔蛾 25 9  7    
D71607 25 25 蝎蛇 25 9  7    
D71607 25 25 黑色恶蛆 25 9  7    
D71607 25 25 角蝇 25 4  7    
D71607 25 25 黑色恶蛆0 25 1  84    
D71607 25 25 红野猪3 25 1  21    
D71607 25 25 黑野猪3 25 1  21    
D71607 25 25 蝎蛇3 25 1  21    
D71608 25 25 红野猪 25 9  7    
D71608 25 25 黑野猪 25 9  7    
D71608 25 25 楔蛾 25 9  7    
D71608 25 25 蝎蛇 25 9  7    
D71608 25 25 黑色恶蛆 25 9  7    
D71608 25 25 角蝇 25 4  7    
D71608 25 25 蝎蛇0 25 1  84    
D71608 25 25 红野猪3 25 1  21    
D71608 25 25 黑野猪3 25 1  21    
D71608 25 25 蝎蛇3 25 1  21    
D71609 25 25 红野猪 25 9  7    
D71609 25 25 黑野猪 25 9  7    
D71609 25 25 楔蛾 25 9  7    
D71609 25 25 蝎蛇 25 9  7    
D71609 25 25 黑色恶蛆 25 9  7    
D71609 25 25 角蝇 25 4  7    
D71609 25 25 红野猪0 25 1  84    
D71609 25 25 红野猪3 25 1  21    
D71609 25 25 黑野猪3 25 1  21    
D71609 25 25 蝎蛇3 25 1  21    
D71610 25 25 红野猪 25 9  7    
D71610 25 25 黑野猪 25 9  7    
D71610 25 25 楔蛾 25 9  7    
D71610 25 25 蝎蛇 25 9  7    
D71610 25 25 黑色恶蛆 25 9  7    
D71610 25 25 角蝇 25 4  7    
D71610 25 25 黑野猪0 25 1  84    
D71610 25 25 红野猪3 25 1  21    
D71610 25 25 黑野猪3 25 1  21    
D71610 25 25 蝎蛇3 25 1  21    
D71611 25 25 红野猪 25 9  7    
D71611 25 25 黑野猪 25 9  7    
D71611 25 25 楔蛾 25 9  7    
D71611 25 25 蝎蛇 25 9  7    
D71611 25 25 黑色恶蛆 25 9  7    
D71611 25 25 角蝇 25 4  7    
D71611 25 25 黑色恶蛆0 25 1  84    
D71611 25 25 红野猪3 25 1  21    
D71611 25 25 黑野猪3 25 1  21    
D71611 25 25 蝎蛇3 25 1  21    
D71612 25 25 红野猪 25 9  7    
D71612 25 25 黑野猪 25 9  7    
D71612 25 25 楔蛾 25 9  7    
D71612 25 25 蝎蛇 25 9  7    
D71612 25 25 黑色恶蛆 25 9  7    
D71612 25 25 角蝇 25 4  7    
D71612 25 25 蝎蛇0 25 1  84    
D71612 25 25 红野猪3 25 1  21    
D71612 25 25 黑野猪3 25 1  21    
D71612 25 25 蝎蛇3 25 1  21    
D71613 25 25 红野猪 25 9  7    
D71613 25 25 黑野猪 25 9  7    
D71613 25 25 楔蛾 25 9  7    
D71613 25 25 蝎蛇 25 9  7    
D71613 25 25 黑色恶蛆 25 9  7    
D71613 25 25 角蝇 25 4  7    
D71613 25 25 红野猪0 25 1  84    
D71613 25 25 红野猪3 25 1  21    
D71613 25 25 黑野猪3 25 1  21    
D71613 25 25 蝎蛇3 25 1  21    
D71614 25 25 红野猪 25 9  7    
D71614 25 25 黑野猪 25 9  7    
D71614 25 25 楔蛾 25 9  7    
D71614 25 25 蝎蛇 25 9  7    
D71614 25 25 黑色恶蛆 25 9  7    
D71614 25 25 角蝇 25 4  7    
D71614 25 25 黑野猪0 25 1  84    
D71614 25 25 红野猪3 25 1  21    
D71614 25 25 黑野猪3 25 1  21    
D71614 25 25 蝎蛇3 25 1  21    
D71615 25 25 红野猪 25 9  7    
D71615 25 25 黑野猪 25 9  7    
D71615 25 25 楔蛾 25 9  7    
D71615 25 25 蝎蛇 25 9  7    
D71615 25 25 黑色恶蛆 25 9  7    
D71615 25 25 角蝇 25 4  7    
D71615 25 25 黑色恶蛆0 25 1  84    
D71615 25 25 红野猪3 25 1  21    
D71615 25 25 黑野猪3 25 1  21    
D71615 25 25 蝎蛇3 25 1  21    
D71616 25 25 红野猪 25 9  7    
D71616 25 25 黑野猪 25 9  7    
D71616 25 25 楔蛾 25 9  7    
D71616 25 25 蝎蛇 25 9  7    
D71616 25 25 黑色恶蛆 25 9  7    
D71616 25 25 角蝇 25 4  7    
D71616 25 25 蝎蛇0 25 1  84    
D71616 25 25 红野猪3 25 1  21    
D71616 25 25 黑野猪3 25 1  21    
D71616 25 25 蝎蛇3 25 1  21    
D71617 25 25 红野猪 25 9  7    
D71617 25 25 黑野猪 25 9  7    
D71617 25 25 楔蛾 25 9  7    
D71617 25 25 蝎蛇 25 9  7    
D71617 25 25 黑色恶蛆 25 9  7    
D71617 25 25 角蝇 25 4  7    
D71617 25 25 红野猪0 25 1  84    
D71617 25 25 红野猪3 25 1  21    
D71617 25 25 黑野猪3 25 1  21    
D71617 25 25 蝎蛇3 25 1  21    
D71618 25 25 红野猪 25 9  7    
D71618 25 25 黑野猪 25 9  7    
D71618 25 25 楔蛾 25 9  7    
D71618 25 25 蝎蛇 25 9  7    
D71618 25 25 黑色恶蛆 25 9  7    
D71618 25 25 角蝇 25 4  7    
D71618 25 25 黑野猪0 25 1  84    
D71618 25 25 红野猪3 25 1  21    
D71618 25 25 黑野猪3 25 1  21    
D71618 25 25 蝎蛇3 25 1  21    
D71619 25 25 红野猪 25 9  7    
D71619 25 25 黑野猪 25 9  7    
D71619 25 25 楔蛾 25 9  7    
D71619 25 25 蝎蛇 25 9  7    
D71619 25 25 黑色恶蛆 25 9  7    
D71619 25 25 角蝇 25 4  7    
D71619 25 25 黑色恶蛆0 25 1  84    
D71619 25 25 红野猪3 25 1  21    
D71619 25 25 黑野猪3 25 1  21    
D71619 25 25 蝎蛇3 25 1  21    
D71620 25 25 红野猪 25 9  7    
D71620 25 25 黑野猪 25 9  7    
D71620 25 25 楔蛾 25 9  7    
D71620 25 25 蝎蛇 25 9  7    
D71620 25 25 黑色恶蛆 25 9  7    
D71620 25 25 角蝇 25 4  7    
D71620 25 25 蝎蛇0 25 1  84    
D71620 25 25 红野猪3 25 1  21    
D71620 25 25 黑野猪3 25 1  21    
D71620 25 25 蝎蛇3 25 1  21    
D71621 25 25 红野猪 25 9  7    
D71621 25 25 黑野猪 25 9  7    
D71621 25 25 楔蛾 25 9  7    
D71621 25 25 蝎蛇 25 9  7    
D71621 25 25 黑色恶蛆 25 9  7    
D71621 25 25 角蝇 25 4  7    
D71621 25 25 红野猪0 25 1  84    
D71621 25 25 红野猪3 25 1  21    
D71621 25 25 黑野猪3 25 1  21    
D71621 25 25 蝎蛇3 25 1  21    
D71622 25 25 红野猪 25 9  7    
D71622 25 25 黑野猪 25 9  7    
D71622 25 25 楔蛾 25 9  7    
D71622 25 25 蝎蛇 25 9  7    
D71622 25 25 黑色恶蛆 25 9  7    
D71622 25 25 角蝇 25 4  7    
D71622 25 25 黑野猪0 25 1  84    
D71622 25 25 红野猪3 25 1  21    
D71622 25 25 黑野猪3 25 1  21    
D71622 25 25 蝎蛇3 25 1  21    
D71623 25 25 红野猪 25 9  7    
D71623 25 25 黑野猪 25 9  7    
D71623 25 25 楔蛾 25 9  7    
D71623 25 25 蝎蛇 25 9  7    
D71623 25 25 黑色恶蛆 25 9  7    
D71623 25 25 角蝇 25 4  7    
D71623 25 25 黑色恶蛆0 25 1  84    
D71623 25 25 红野猪3 25 1  21    
D71623 25 25 黑野猪3 25 1  21    
D71623 25 25 蝎蛇3 25 1  21    
D71624 25 25 红野猪 25 9  7    
D71624 25 25 黑野猪 25 9  7    
D71624 25 25 楔蛾 25 9  7    
D71624 25 25 蝎蛇 25 9  7    
D71624 25 25 黑色恶蛆 25 9  7    
D71624 25 25 角蝇 25 4  7    
D71624 25 25 蝎蛇0 25 1  84    
D71624 25 25 红野猪3 25 1  21    
D71624 25 25 黑野猪3 25 1  21    
D71624 25 25 蝎蛇3 25 1  21    
D71625 25 25 红野猪 25 9  7    
D71625 25 25 黑野猪 25 9  7    
D71625 25 25 楔蛾 25 9  7    
D71625 25 25 蝎蛇 25 9  7    
D71625 25 25 黑色恶蛆 25 9  7    
D71625 25 25 角蝇 25 4  7    
D71625 25 25 红野猪0 25 1  84    
D71625 25 25 红野猪3 25 1  21    
D71625 25 25 黑野猪3 25 1  21    
D71625 25 25 蝎蛇3 25 1  21    
DM002 14 21 掷斧骷髅 20 30  20    
DM002 14 21 骷髅战士 20 50  20    
DM002 14 21 骷髅战将 20 50  20    
DM002 14 21 骷髅精灵 10 3  60    
DM002 25 18 骨魅 2 1  120    
E001 50 50 洞蛆 50 34  18    
E001 50 50 掷斧骷髅 50 34  18    
E001 50 50 骷髅战士0 50 2  84    
E001 50 50 骷髅战士 50 34  18    
E001 50 50 骷髅 50 27  18    
E001 50 50 山洞蝙蝠 50 34  11    
E001 50 50 骷髅战将 50 34  18    
E001 50 50 骷髅0 50 2  84    
E002 50 50 洞蛆 50 34  18    
E002 50 50 掷斧骷髅 50 34  18    
E002 50 50 骷髅战士0 50 2  84    
E002 50 50 骷髅战士 50 34  18    
E002 50 50 骷髅 10 34  18    
E002 50 50 山洞蝙蝠 50 34  18    
E002 50 50 骷髅战将 50 34  18    
E002 50 50 骷髅0 50 2  84    
E401 50 50 洞蛆 50 12  18    
E401 50 50 骷髅 50 5  18    
E401 50 50 山洞蝙蝠 50 12  18    
E401 50 50 掷斧骷髅 50 22  18    
E401 50 50 骷髅战士0 50 2  84    
E401 50 50 骷髅战士 50 12  18    
E401 50 50 骷髅战将0 50 2  84    
E401 50 50 骷髅战将 50 22  18    
E402 50 50 洞蛆 50 22  18    
E402 50 50 骷髅 50 34  18    
E402 50 50 僵尸1 50 22  18    
E402 50 50 僵尸10 50 2  84    
E402 50 50 僵尸2 50 17  18    
E402 50 50 僵尸3 50 17  18    
E402 50 50 僵尸4 50 17  18    
E402 50 50 山洞蝙蝠 50 22  18    
E402 50 50 掷斧骷髅 50 22  18    
E402 50 50 骷髅战士 50 34  18    
E402 50 50 骷髅战将0 50 2  84    
E402 50 50 僵尸5 50 17  18    
E402 50 50 骷髅战将 50 34  18    
E403 50 50 洞蛆 50 8  18    
E403 50 50 骷髅 50 14  18    
E403 50 50 僵尸1 50 34  18    
E403 50 50 僵尸10 50 2  84    
E403 50 50 僵尸2 50 22  18    
E403 50 50 僵尸3 50 22  18    
E403 50 50 僵尸4 50 22  18    
E403 50 50 山洞蝙蝠 50 8  18    
E403 50 50 掷斧骷髅 50 8  18    
E403 50 50 骷髅战士 50 22  18    
E403 50 50 骷髅战将0 50 2  84    
E403 50 50 僵尸5 50 22  18    
E403 50 50 骷髅战将 50 22  18    
E601 139 13 弓箭守卫 0 1  4    
E601 138 12 弓箭守卫 0 1  4    
E601 75 75 僵尸1 75 26  16    
E601 75 75 僵尸10 75 1  84    
E601 75 75 僵尸2 75 26  16    
E601 75 75 僵尸20 75 1  84    
E601 75 75 僵尸20 75 1  84    
E601 75 75 僵尸3 75 26  16    
E601 75 75 僵尸30 75 1  84    
E601 75 75 僵尸4 75 26  16    
E601 75 75 僵尸5 75 26  16    
E601 75 75 僵尸50 75 1  84    
E602 75 75 僵尸1 75 26  16    
E602 75 75 僵尸10 75 1  84    
E602 75 75 僵尸2 75 26  16    
E602 75 75 僵尸20 75 1  84    
E602 75 75 僵尸3 75 26  16    
E602 75 75 蜈蚣 75 26  16    
E602 75 75 钳虫 75 26  16    
E602 75 75 跳跳蜂 75 26  16    
E602 75 75 黑色恶蛆 75 26  16    
E602 75 75 僵尸4 75 26  16    
E602 75 75 僵尸5 75 26  16    
E602 75 75 蜈蚣0 75 1  84    
E602 75 75 钳虫0 75 1  84    
E602 75 75 跳跳蜂0 75 1  84    
E603 100 100 僵尸1 100 26  16    
E603 100 100 僵尸10 100 1  84    
E603 100 100 僵尸2 100 26  16    
E603 100 100 僵尸20 100 1  84    
E603 100 100 僵尸3 100 26  16    
E603 100 100 蜈蚣 100 26  16    
E603 100 100 钳虫 100 26  16    
E603 100 100 跳跳蜂 100 26  16    
E603 100 100 黑色恶蛆 100 26  16    
E603 100 100 僵尸4 100 26  16    
E603 100 100 僵尸5 100 26  16    
E603 100 100 蜈蚣0 100 1  84    
E603 100 100 钳虫0 100 1  84    
E603 100 100 跳跳蜂0 100 1  84    
E603 100 100 黑色恶蛆0 100 1  84    
E604 75 75 僵尸1 75 26  16    
E604 75 75 僵尸10 75 1  84    
E604 75 75 僵尸2 75 26  16    
E604 75 75 僵尸20 75 1  84    
E604 75 75 僵尸3 75 26  16    
E604 75 75 蜈蚣 75 26  16    
E604 75 75 跳跳蜂 75 26  16    
E604 75 75 黑色恶蛆 75 26  16    
E604 75 75 钳虫 75 26  16    
E604 75 75 僵尸4 75 26  16    
E604 75 75 僵尸5 75 26  16    
E604 75 75 蜈蚣0 75 1  84    
E604 75 75 钳虫0 75 1  84    
E604 75 75 跳跳蜂0 75 1  84    
E605 10 61 弓箭守卫 0 1  4    
E605 15 68 弓箭守卫 0 1  4    
E605 50 50 蜈蚣 50 16  16    
E605 50 50 钳虫 50 16  16    
E605 50 50 黑色恶蛆 50 16  16    
E605 50 50 跳跳蜂 50 16  16    
E605 50 50 蜈蚣0 50 1  84    
E605 50 50 钳虫0 50 1  84    
E605 50 50 跳跳蜂0 50 1  84    
E605 50 50 黑色恶蛆0 50 1  84    
E701 50 50 僵尸1 50 20  16    
E701 50 50 僵尸10 50 1  84    
E701 50 50 僵尸2 50 20  16    
E701 50 50 僵尸3 50 20  16    
E701 50 50 僵尸30 50 1  84    
E701 50 50 僵尸4 50 20  16    
E701 50 50 僵尸5 50 20  16    
E701 50 50 僵尸50 50 1  84    
E702 50 50 僵尸1 50 20  16    
E702 50 50 僵尸10 50 1  84    
E702 50 50 僵尸2 50 20  16    
E702 50 50 僵尸3 50 20  16    
E702 50 50 僵尸4 50 20  16    
E702 50 50 楔蛾 50 20  16    
E702 50 50 角蝇 50 4  16    
E702 50 50 蝎蛇 50 13  16    
E702 50 50 红野猪 50 20  16    
E702 50 50 黑野猪 50 20  16    
E702 50 50 黑色恶蛆 50 20  16    
E702 50 50 蝎蛇0 50 1  84    
E702 50 50 僵尸40 50 1  84    
E702 50 50 僵尸5 50 20  16    
E702 50 50 僵尸50 50 1  84    
E702 50 50 黑野猪0 50 1  84    
E703 50 50 楔蛾 50 20  16    
E703 50 50 红野猪 50 20  16    
E703 50 50 黑野猪 50 20  16    
E703 50 50 黑色恶蛆 50 20  16    
E703 50 50 角蝇 50 4  16    
E703 50 50 蝎蛇 50 20  16    
E703 50 50 红野猪0 50 1  84    
E703 50 50 蝎蛇0 50 1  84      
H001 75 75 蜈蚣8 75 39  7    
H001 75 75 钳虫8 75 39  7    
H001 75 75 跳跳蜂8 75 39  7    
H001 75 75 黑色恶蛆8 75 39  7    
H001 75 75 恶灵僵尸8 75 39  7    
H001 75 75 恶灵僵尸8 75 39  7    
H001 75 75 恶灵僵尸8 75 39  7    
H001 75 75 恶灵僵尸8 75 39  7    
H001 75 75 恶灵尸王8 75 39  7    
H001 75 75 骷髅精灵8 75 3  11    
H001 75 75 骷髅精灵8 75 3  11    
H001 75 75 骷髅精灵8 75 3  11    
H001 75 75 尸王8 75 3  11    
H001 75 75 尸王8 75 3  21    
H002 251 41 红野猪8 30 20  7    
H002 321 72 红野猪8 30 20  7    
H002 363 146 红野猪8 30 20  7    
H002 172 59 红野猪8 30 20  7    
H002 210 93 红野猪8 30 20  7    
H002 262 140 红野猪8 30 20  7    
H002 309 19 红野猪8 30 20  7    
H002 350 303 红野猪8 30 20  7    
H002 111 105 红野猪8 30 20  7    
H002 158 149 红野猪8 30 20  7    
H002 200 200 红野猪8 30 20  7    
H002 255 306 红野猪8 30 20  7    
H002 287 286 红野猪8 30 20  7    
H002 56 158 红野猪8 30 20  7    
H002 153 237 红野猪8 30 20  7    
H002 112 250 红野猪8 30 20  7    
H002 114 314 红野猪8 30 20  7    
H002 304 340 红野猪8 30 20  7    
H002 251 41 黑野猪8 30 20  7    
H002 321 72 黑野猪8 30 20  7    
H002 363 146 黑野猪8 30 20  7    
H002 172 59 黑野猪8 30 20  7    
H002 210 93 黑野猪8 30 20  7    
H002 262 140 黑野猪8 30 20  7    
H002 309 19 黑野猪8 30 20  7    
H002 350 303 黑野猪8 30 20  7    
H002 111 105 黑野猪8 30 20  7    
H002 158 149 黑野猪8 30 20  7    
H002 200 200 黑野猪8 30 20  7    
H002 255 306 黑野猪8 30 20  7    
H002 287 286 黑野猪8 30 13  7    
H002 56 158 黑野猪8 30 13  7    
H002 153 237 黑野猪8 30 13  7    
H002 112 250 黑野猪8 30 13  7    
H002 114 314 黑野猪8 30 13  7    
H002 304 340 黑野猪8 30 13  7    
H002 251 41 红野猪8 30 13  7    
H002 321 72 红野猪8 30 13  7    
H002 363 146 红野猪8 30 13  7    
H002 172 59 红野猪8 30 13  7    
H002 210 93 黑野猪8 30 13  7    
H002 262 140 黑野猪8 30 13  7    
H002 309 19 黑野猪8 30 13  7    
H002 350 303 黑野猪8 30 13  7    
H002 111 105 黑野猪8 30 13  7    
H002 158 149 红野猪8 30 13  7    
H002 200 200 红野猪8 30 13  7    
H002 255 306 红野猪8 30 13  7    
H002 287 286 红野猪8 30 13  7    
H002 56 158 红野猪8 30 13  7    
H002 153 237 红野猪8 30 13  7    
H002 112 250 黑野猪8 30 13  7    
H002 114 314 黑野猪8 30 13  7    
H002 304 340 黑野猪8 30 13  7    
H002 200 200 楔蛾8 200 33  7    
H002 200 200 蝎蛇8 200 39  7    
H003 40 40 沃玛勇士8 20 7  4 50   
H003 40 40 沃玛战将8 20 7  4 50   
H003 40 40 火焰沃玛8 20 7  4 50   
H003 40 40 沃玛战士8 20 7  4 50   
H003 50 50 沃玛勇士8 20 7  4 50   
H003 50 50 沃玛战将8 20 7  4 50   
H003 50 50 火焰沃玛8 20 7  4 50   
H003 50 50 沃玛战士8 20 7  4 50   
H003 60 60 沃玛勇士8 20 7  4 50   
H003 60 60 沃玛战将8 20 7  4 50   
H003 60 60 火焰沃玛8 20 7  4 50   
H003 60 60 沃玛战士8 20 7  4 50   
H003 40 50 沃玛勇士8 20 7  4    
H003 40 50 沃玛战将8 20 7  4    
H003 40 50 火焰沃玛8 20 7  4    
H003 40 50 沃玛战士8 20 7  4    
H003 40 50 沃玛战将8 20 7  4    
H003 40 50 火焰沃玛8 20 7  4    
H003 40 50 沃玛战将8 20 7  4    
H003 50 40 沃玛勇士8 20 7  4    
H003 50 40 沃玛战将8 20 7  4    
H003 50 40 火焰沃玛8 20 7  4    
H003 50 40 沃玛战士8 20 7  4    
H003 60 50 沃玛勇士8 20 7  4    
H003 60 50 沃玛战将8 20 7  4    
H003 60 50 火焰沃玛8 20 7  4    
H003 60 50 沃玛战士8 20 7  4    
H003 50 60 沃玛勇士8 20 4  4    
H003 50 60 沃玛战将8 20 4  4    
H003 50 60 火焰沃玛8 20 4  4    
H003 50 60 沃玛战士8 20 4  4    
H003 20 21 沃玛勇士8 7 4  4    
H003 20 21 沃玛战将8 7 4  4    
H003 20 21 火焰沃玛8 7 4  4    
H003 20 21 沃玛战士8 7 4  4    
H003 50 50 沃玛卫士8 30 3  14    
H004 100 100 蜈蚣8 100 52  5    
H004 100 100 蜈蚣8 100 13  7 50   
H004 100 100 蜈蚣8 100 13  7 50   
H004 100 100 钳虫8 100 13  7 50   
H004 100 100 钳虫8 100 13  7 50   
H004 19 39 钳虫8 70 26  5    
H004 97 81 钳虫8 70 26  5    
H004 57 166 钳虫8 70 26  5    
H004 178 127 钳虫8 70 26  5    
H004 19 39 跳跳蜂8 70 20  5    
H004 97 81 跳跳蜂8 70 20  5    
H004 57 166 跳跳蜂8 70 20  5    
H004 178 127 跳跳蜂8 70 20  5    
H004 19 39 黑色恶蛆8 70 26  5    
H004 97 81 黑色恶蛆8 70 26  5    
H004 57 166 黑色恶蛆8 70 26  5    
H004 178 127 黑色恶蛆8 70 26  5    
H004 19 39 巨型蠕虫8 70 20  5    
H004 97 81 巨型蠕虫8 70 20  5    
H004 57 166 巨型蠕虫8 70 20  5    
H004 178 127 巨型蠕虫8 70 20  5    
H004 100 100 蜈蚣8 50 3  14    
H004 100 100 钳虫8 50 3  14    
H004 100 100 跳跳蜂8 50 3  14    
H004 100 100 巨型蠕虫8 50 3  14    
H004 100 100 邪恶钳虫8 100 3  42    
H004 83 168 触龙神8 40 1  14    
H004 83 168 变异史莱姆8 70 1  14    
H005 100 125 骷髅锤兵8 100 26  7    
H005 100 125 骷髅锤兵8 100 26  14    
H005 100 125 骷髅长枪兵8 100 26  7    
H005 100 125 骷髅长枪兵8 100 26  14    
H005 100 125 骷髅刀斧手8 100 26  7    
H005 100 125 骷髅刀斧手8 100 26  14    
H005 100 145 骷髅长枪兵8 100 26  7    
H005 100 145 骷髅刀斧手8 100 26  14    
H005 100 145 骷髅刀斧手8 100 26  42    
H005 145 80 骷髅刀斧手8 100 26  7    
H005 145 80 骷髅弓箭手8 100 26  14    
H005 200 190 骷髅锤兵8 100 26  7    
H005 200 190 骷髅长枪兵8 100 26  14    
H005 200 190 骷髅刀斧手8 100 26  7    
H005 200 190 骷髅弓箭手8 100 26  14    
H005 150 150 黄泉教主8 100 1  84    
H006 100 100 楔蛾8 100 33  4    
H006 100 100 楔蛾8 100 33  4    
H006 100 100 楔蛾8 100 33  4    
H006 100 100 蝎蛇8 100 33  4    
H006 100 100 黑色恶蛆8 100 33  4    
H006 100 100 黑色恶蛆8 100 33  4    
H006 100 100 白野猪8 100 7  4    
H006 100 100 白野猪8 100 7  4    
H006 100 100 白野猪8 100 7  4    
H006 100 100 白野猪8 100 3  11    
H006 100 100 白野猪8 100 3  7    
H006 100 100 邪恶毒蛇8 100 1  14    
H006 82 26 石墓尸王8 0 1  21    
H006 83 25 石墓尸王8 0 1  21    
H007 100 100 楔蛾8 100 52  7    
H007 100 100 祖玛雕像8 100 52  7    
H007 100 100 祖玛卫士8 100 52  7    
H007 100 100 祖玛弓箭手8 100 52  7    
H007 100 100 祖玛雕像8 100 20  7    
H007 100 100 祖玛雕像8 100 20  7    
H007 100 100 祖玛卫士8 100 20  7    
H007 100 100 祖玛弓箭手8 100 20  7    
H007 100 100 祖玛弓箭手8 100 20  7    
H007 100 100 祖玛弓箭手8 100 20  7    
H007 100 100 祖玛卫士8 100 3  7    
H008 26 58 祖玛雕像8 10 10  7    
H008 40 65 祖玛雕像8 10 10  7    
H008 61 26 祖玛雕像8 10 10  7    
H008 65 35 祖玛雕像8 10 7  7    
H008 20 45 祖玛卫士8 10 7  7    
H008 40 25 祖玛卫士8 10 7  7    
H008 40 45 祖玛卫士8 20 13  7    
H008 40 45 祖玛弓箭手8 50 26  7    
H008 40 45 楔蛾8 60 26  7    
H008 40 45 虹魔蝎卫8 30 1  21    
H008 40 45 虹魔猪卫8 30 1  11    
H008 40 45 虹魔蝎卫8 30 3  7    
H008 40 45 虹魔猪卫8 30 3  7    
H008 25 29 虹魔教主8 10 1  252    
H009 128 91 月魔蜘蛛8 200 39  7    
H009 128 91 天狼蜘蛛8 200 39  6    
H009 128 91 钢牙蜘蛛8 200 39  7    
H009 128 91 暴牙蜘蛛8 200 33  7    
H009 128 91 花吻蜘蛛8 200 33  7    
H009 128 91 黑锷蜘蛛8 200 7  8    
H009 242 152 月魔蜘蛛8 150 39  7    
H009 242 152 天狼蜘蛛8 150 39  6    
H009 242 152 钢牙蜘蛛8 150 26  7    
H009 242 152 暴牙蜘蛛8 150 26  7    
H009 242 152 花吻蜘蛛8 150 26  7    
H009 242 152 黑锷蜘蛛8 150 7  8    
H009 66 208 月魔蜘蛛8 150 39  7    
H009 66 208 天狼蜘蛛8 150 39  6    
H009 66 208 钢牙蜘蛛8 150 26  7    
H009 66 208 暴牙蜘蛛8 150 26  7    
H009 66 208 花吻蜘蛛8 150 26  7    
H009 66 208 黑锷蜘蛛8 150 7  8    
H009 128 91 血巨人8 200 7  14    
H009 128 91 血巨人8 200 7  14    
H009 128 91 血僵尸8 200 7  14    
H009 128 91 血僵尸8 200 7  14    
H009 128 91 双头血魔8 200 1  84    
H009 128 91 双头金刚8 200 1  84    
H009 128 91 赤月恶魔8 200 1  126    
H010 205 210 牛魔侍卫8 200 52  7    
H010 205 210 牛魔侍卫8 200 52  7    
H010 205 210 牛魔侍卫8 200 52  7    
H010 205 210 牛魔将军8 200 5  42    
H010 205 210 牛魔将军8 200 5  42    
H010 205 210 牛魔将军8 200 52  7    
H010 205 210 牛魔将军8 200 52  7    
H010 205 210 牛魔法师8 200 52  7    
H010 205 210 牛魔法师8 200 52  7    
H010 205 210 牛魔法师8 200 52  7    
H010 205 210 牛魔法师8 200 52  7    
H010 205 210 牛魔祭司8 200 3  42    
H010 205 210 牛魔祭司8 200 3  42    
H010 205 210 牛魔祭司8 200 8  42    
H010 205 210 牛魔祭司8 200 13  7    
H010 205 210 宝箱8 200 3  42    
H010 205 210 牛魔王8 200 1  84    
H010 205 210 暗之触龙神8 200 1  84    
H010 205 210 暗之牛魔王8 200 1  84   
H010 205 210 重装使者 200 1  120
H010 205 210 祖玛教主 200 1  60 
H010 205 210 骨魅 200 1  120  
H010 205 210 地藏王 200 1  84 
H010 170 175 暗之沃玛教主 50 1  60    
H010 170 175 暗之骷髅精灵 50 1  60    
H010 170 175 暗之双头金刚 50 1  60    
H010 170 175 暗之双头血魔 50 1  60    
H010 170 175 暗之黄泉教主 50 1  60    
H010 170 175 暗之虹魔教主 50 1  60  
H201 100 100 僵尸1 100 20  6    
H201 100 100 僵尸1 100 20  6    
H201 100 100 僵尸10 100 1  70    
H201 100 100 尸王 100 13  21    
H201 100 100 尸王3 100 7  21    
H201 100 100 僵尸10 100 1  70    
H201 100 100 僵尸4 100 26  6    
H201 100 100 僵尸4 100 26  6    
H201 100 100 僵尸40 100 1  70    
H201 100 100 僵尸40 100 1  70    
H201 100 100 僵尸5 100 13  7    
H201 100 100 尸王 100 13  21    
H201 100 100 尸王3 100 7  21    
H201 100 100 僵尸5 100 13  7    
H201 100 100 僵尸50 100 1  70    
H201 100 100 僵尸50 100 1  70    
H201 100 100 恶灵尸王8 75 39  14    
H202 100 100 祖玛卫士8 100 26  7    
H202 100 100 祖玛卫士83 100 7  21    
H202 100 100 祖玛卫士80 100 1  7    
H202 100 100 祖玛弓箭手8 100 39  21    
H202 100 100 祖玛弓箭手83 100 7  21    
H202 100 100 祖玛雕像8 100 20  7    
H202 100 100 祖玛雕像83 100 4  21    
H202 100 100 楔蛾8 100 26  4    
H202 100 50 祖玛教主 140 1  168    
H203 100 100 祖玛卫士8 100 7  6    
H203 100 100 祖玛卫士83 100 26  6    
H203 100 100 祖玛卫士80 100 4  6    
H203 100 100 祖玛弓箭手8 100 7  6    
H203 100 100 祖玛雕像8 100 13  6    
H203 100 100 祖玛雕像83 100 26  6    
H203 100 100 楔蛾8 100 26  6    
H203 100 100 祖玛弓箭手83 100 39  6    
H203 100 50 祖玛教主 140 1  126    
H204 100 100 重装使者 20 1  84    
H204 100 100 地藏王 50 1  126    
H204 100 50 祖玛教主 140 1  126    
H204 100 100 沃玛教主 140 1  126    
H204 100 100 黄泉教主 100 1  42    
H204 100 100 虹魔教主 100 1  84    
H204 100 100 虹魔猪卫 100 3  28    
H204 100 100 虹魔蝎卫 100 3  25    
H204 100 100 邪恶毒蛇 100 7  25    
H204 100 100 白野猪 100 7  25    
H204 100 100 沃玛卫士8 100 8  28    
H204 100 100 祖玛卫士8 100 26  25    
H204 100 100 祖玛雕像8 100 13  25    
H204 100 100 祖玛弓箭手8 100 39  25    
H204 100 100 楔蛾8 100 26  6    
H204 100 100 暗之沃玛教主 150 1  126    
H204 100 100 暗之骷髅精灵 150 1  126    
H204 100 100 暗之双头金刚 150 1  126    
H204 100 100 暗之双头血魔 150 1  126    
H204 100 100 暗之黄泉教主 150 1  126    
H204 100 100 暗之虹魔教主 150 1  126    
   
M001 200 200 鹿1 200 3  42    
M001 200 200 尸王1 200 26  7    
M001 200 200 稻草人1 200 5  42    
M001 200 200 白野猪1 200 65  7    
M001 200 200 骷髅精灵1 200 26  7    
M001 200 200 半兽勇士1 200 26  7    
M001 200 200 沃玛卫士1 200 39  7    
M001 200 200 邪恶钳虫1 200 39  7    
M001 200 200 邪恶毒蛇1 200 65  7    
M001 200 200 沃玛教主1 200 65  7    
M001 200 200 巨型多角虫1 200 26  7    
M001 200 200 鹿 200 1  126    
M001 200 200 尸王 200 1  126    
M001 200 200 稻草人 200 1  126    
M001 200 200 白野猪 200 1  126    
M001 200 200 骷髅精灵 200 1  126    
M001 200 200 半兽勇士 200 1  126    
M001 200 200 沃玛卫士 200 1  126    
M001 200 200 邪恶钳虫 200 1  126    
M001 200 200 邪恶毒蛇 200 1  126    
M001 200 200 沃玛教主 200 1  126    
M001 200 200 巨型多角虫 200 1  126    
M100 30 40 蝎蛇 500 20  5    
M100 30 40 红野猪 500 26  5    
M100 30 40 黑野猪 500 26  5    
M100 30 40 白野猪 500 4  5    
M100 30 40 红野猪0 500 26  5    
M100 30 40 黑野猪0 500 26  5    
M100 30 40 白野猪0 500 4  5    
M100 30 40 虹魔猪卫 500 1  21    
M100 30 40 虹魔猪卫0 500 1  42    
mhfy 500 500 黑熊 300 26  15    
mhfy 500 500 棕熊 300 26  15    
mhfy 500 500 狮子 300 26  15    
mhfy 500 500 豹 300 26  15    
mhfy 500 500 巨象兽 300 26  15    
N0 374 291 弓箭守卫 0 1  4    
N0 362 301 弓箭守卫 0 1  4    
N0 355 280 弓箭守卫 0 1  4    
N0 300 207 弓箭守卫 0 1  4    
N0 310 227 弓箭守卫 0 1  4    
N0 313 230 弓箭守卫 0 1  4    
N0 318 244 弓箭守卫 0 1  4    
N0 309 286 弓箭守卫 0 1  4    
N0 329 289 弓箭守卫 0 1  4    
N0 665 86 弓箭守卫 0 1  4    
N0 672 93 弓箭守卫 0 1  4    
N0 327 42 弓箭守卫 0 1  4    
N0 320 36 弓箭守卫 0 1  4    
N0 367 487 弓箭守卫 0 1  4    
N0 368 488 弓箭守卫 0 1  4    
N0 340 513 弓箭守卫 0 1  4    
N0 341 514 弓箭守卫 0 1  4    
N0 65 185 毒蜘蛛 30 50  4    
N0 330 330 稻草人0 200 50  4    
N0 110 80 多钩猫0 60 30  8    
N0 120 200 食人花 60 65  4    
N0 140 100 钉耙猫0 50 65  4    
N0 150 130 多钩猫 50 70  8    
N0 210 185 鹿 45 65  4    
N0 220 60 稻草人 60 65  6    
N0 225 20 蛤蟆 20 65  4    
N0 60 300 毒蜘蛛 60 98  6    
N0 90 240 半兽人 60 98  4    
N0 110 425 森林雪人 70 83  6    
N0 110 440 半兽人 70 65  6    
N0 180 420 多钩猫 50 70  4    
N0 180 420 钉耙猫 50 65  4    
N0 200 400 稻草人 50 65  4    
N0 205 325 鹿 50 65  4    
N0 130 510 食人花 70 65  6    
N0 140 500 半兽人 50 65  5    
N0 165 550 森林雪人 60 65  5    
N0 220 470 半兽人0 300 30  5    
N0 265 125 鹿 45 83  4    
N0 310 95 鹿 45 83  6    
N0 340 80 蛤蟆 20 83  6    
N0 350 200 鸡 25 83  4    
N0 420 95 半兽人 50 98  6    
N0 260 380 鹿 50 65  4    
N0 280 260 鸡 25 65  4    
N0 280 380 蛤蟆 20 65  4    
N0 300 410 蛤蟆 50 65  4    
N0 340 310 鸡 25 83  4    
N0 395 420 蛤蟆 40 65  4    
N0 395 420 蛤蟆0 40 8  14    
N0 405 240 鸡 25 83  4    
N0 420 380 鹿 45 65  4    
N0 247 565 鹿 50 65  4    
N0 270 625 鹿 60 98  4    
N0 270 625 稻草人 60 65  4    
N0 295 625 鸡 50 115  4    
N0 330 530 稻草人 40 65  4    
N0 340 550 钉耙猫 50 65  4    
N0 340 550 多钩猫 50 70  4    
N0 340 550 鹿 50 65  4    
N0 405 515 蛤蟆 30 65  4    
N0 560 200 半兽人 90 83  6    
N0 570 120 毒蜘蛛 80 83  6    
N0 615 110 毒蜘蛛 50 65  6    
N0 470 330 鹿 45 65  4    
N0 480 450 半兽人 60 65  6    
N0 546 241 蛤蟆王 5 1  30    
N0 500 400 稻草人 50 65  4    
N0 510 410 多钩猫 50 70  4    
N0 510 410 钉耙猫 50 65  4    
N0 560 320 半兽人 90 65  6    
N0 600 400 半兽人 80 65  6    
N0 600 400 森林雪人 70 65  6    
N0 610 405 食人花 60 65  7    
N0 620 370 毒蜘蛛 60 98  7    
N0 650 420 毒蜘蛛 30 65  7    
N0 475 500 食人花 90 65  6    
N0 540 530 稻草人 70 65  4    
N0 550 550 鹿 70 98  4    
N0 570 610 鹿 50 65  4    
N0 600 580 鹿 40 65  4    
N0 640 520 多钩猫 50 70  4    
N0 640 520 钉耙猫 50 65  4    
N0 640 530 稻草人 50 65  4    
N0 645 625 鸡 40 65  6    
N0 663 661 鸡 20 26  4    
N0111 9 13 练功师 0 1  4    
N1 555 544 弓箭守卫 0 1  4    
N1 566 544 弓箭守卫 0 1  4    
N1 45 20 弓箭守卫 0 1  4    
N1 53 11 弓箭守卫 0 1  4    
N1 35 174 弓箭守卫 0 1  4    
N1 35 182 弓箭守卫 0 1  4    
N1 250 250 食人花 250 20  6    
N1 250 250 钉耙猫0 250 13  28    
N1 250 250 多钩猫0 250 13  28    
N1 250 230 半兽人 230 26  6    
N1 250 250 半兽人0 250 13  28    
N1 145 60 森林雪人 80 26  6    
N1 145 60 森林雪人 80 26  6    
N1 250 230 森林雪人 230 26  6    
N1 250 250 森林雪人0 15 13  28    
N1 250 230 半兽战士 230 33  6    
N1 250 250 半兽战士0 250 13  28    
N1 250 230 半兽勇士 230 3  84    
N1 219 381 半兽人 100 26  6    
N1 219 381 半兽战士 100 26  6    
N1 219 381 森林雪人 100 26  6    
N1 238 511 毒蜘蛛 80 26  6    
N1 302 164 半兽人 150 26  6    
N1 302 164 森林雪人 150 26  6    
N1 302 164 半兽战士 150 26  6    
N1 302 164 半兽勇士 150 3  84    
N1 497 465 钉耙猫 50 26  6    
N1 497 445 多钩猫 50 26  6    
N1 352 382 半兽人 100 26  6    
N1 352 382 半兽战士 100 26  6    
N1 352 382 半兽勇士 100 3  84    
N1002 13 14 虎卫 8 5  60    
N11 355 246 虎卫 200 40  60    
N11 43 480 弓箭守卫 0 1  4    
N11 49 474 弓箭守卫 0 1  4    
N11 355 246 弓箭守卫 0 1  4    
N11 357 243 弓箭守卫 0 1  4    
N11 250 250 食人花 150 13  14    
N11 250 250 半兽人 150 26  14    
N11 250 250 毒蜘蛛 150 26  14    
N11 250 250 森林雪人 150 26  14    
N11 250 250 半兽战士 150 26  14    
N11 250 250 半兽勇士2 150 39  7    
N11 250 250 半兽统领 150 5  42    
N11 250 250 天狼蜘蛛 150 20  14    
N11 250 250 剧毒蜘蛛 150 13  21    
N11 250 250 天狼蜘蛛3 200 1  42    
N11 400 300 雪人王 200 1  42    
N11 400 300 多钩猫王 200 1  42    
N11 400 300 钉耙猫王 200 1  42    
N12 175 250 鹰卫 150 1  168    
N2 416 559 弓箭守卫 0 1  4    
N2 417 558 弓箭守卫 0 1  4    
N2 423 566 弓箭守卫 0 1  4    
N2 424 565 弓箭守卫 0 1  4    
N2 552 80 弓箭守卫 0 1  4    
N2 560 88 弓箭守卫 0 1  4    
N2 292 60 弓箭守卫 0 1  4    
N2 298 65 弓箭守卫 0 1  4    
N2 560 89 弓箭守卫 0 1  4    
N2 552 81 弓箭守卫 0 1  4    
N2 510 479 弓箭守卫 0 1  4    
N2 300 400 红蛇 200 65  4    
N2 300 400 红蛇 200 65  14    
N2 300 400 虎蛇 200 65  4    
N2 300 400 虎蛇 200 65  14    
N2 300 400 多钩猫 200 39  14    
N2 300 400 钉耙猫 200 39  14    
N2 300 400 毒蜘蛛 200 13  7    
N2 300 400 半兽人 200 39  4    
N2 300 400 半兽人 200 39  14    
N2 300 400 红蛇0 200 4  21    
N2 300 400 虎蛇0 200 4  21    
N2 300 400 多钩猫0 200 4  21    
N2 300 400 钉耙猫0 200 4  21    
N2 300 400 半兽人0 200 4  21    
N3 512 770 弓箭守卫 0 1  4    
N3 519 777 弓箭守卫 0 1  4    
N3 273 743 弓箭守卫 0 1  4    
N3 272 744 弓箭守卫 0 1  4    
N3 511 772 弓箭守卫 0 1  4    
N3 519 776 弓箭守卫 0 1  4    
N3 302 370 弓箭守卫 0 1  4    
N3 296 334 弓箭守卫 0 1  4    
N3 302 340 弓箭守卫 0 1  4    
N3 288 305 弓箭守卫 0 1  4    
N3 303 302 弓箭守卫 0 1  4    
N3 305 290 弓箭守卫 0 1  4    
N3 325 311 弓箭守卫 0 1  4    
N3 336 321 弓箭守卫 0 1  4    
N3 342 313 弓箭守卫 0 1  4    
N3 348 332 弓箭守卫 0 1  4    
N3 100 390 威思而小虫 50 13  5    
N3 150 230 盔甲虫 100 26  5    
N3 160 250 猎鹰 80 13  5    
N3 320 150 盔甲虫 100 26  5    
N3 320 150 威思而小虫 30 13  5    
N3 380 290 羊 60 13  5    
N3 416 200 盔甲虫 70 13  5    
N3 130 590 狼 100 33  4    
N3 333 560 狼 120 33  4    
N3 333 560 虎蛇 150 33  4    
N3 380 410 羊 60 33  4    
N3 450 560 狼 120 33  4    
N3 500 125 猎鹰 40 20  5    
N3 500 140 多角虫 60 20  5    
N3 583 130 盔甲虫 70 20  5    
N3 666 115 多角虫 60 20  5    
N3 790 100 狼 50 20  4    
N3 880 70 狼 50 20  4    
N3 880 370 狼 100 33  4    
N3 710 500 盔甲虫 120 39  5    
N3 710 625 沙虫 50 20  5    
N3 500 140 虎蛇0 500 1  7    
N3 500 140 猎鹰0 500 1  7    
N3 500 140 盔甲虫0 500 1  7    
N3 500 140 多角虫0 500 1  7    
N3 500 140 巨型多角虫 500 3  42    
N4 443 184 恶魔弓箭手 0 1  4    
N4 443 192 恶魔弓箭手 0 1  4    
N4 247 232 恶魔弓箭手 0 1  4    
N4 248 233 恶魔弓箭手 0 1  4    
N4 249 234 恶魔弓箭手 0 1  4    
N4 250 235 恶魔弓箭手 0 1  4    
N4 251 236 恶魔弓箭手 0 1  4    
N4 252 227 恶魔弓箭手 0 1  4    
N4 253 228 恶魔弓箭手 0 1  4    
N4 254 229 恶魔弓箭手 0 1  4    
N4 255 230 恶魔弓箭手 0 1  4    
N4 256 231 恶魔弓箭手 0 1  4    
N4 249 187 恶魔弓箭手 0 1  4    
N4 250 186 恶魔弓箭手 0 1  4    
N4 251 185 恶魔弓箭手 0 1  4    
N4 252 184 恶魔弓箭手 0 1  4    
N4 253 183 恶魔弓箭手 0 1  4    
N4 253 190 恶魔弓箭手 0 1  4    
N4 254 189 恶魔弓箭手 0 1  4    
N4 255 188 恶魔弓箭手 0 1  4    
N4 256 187 恶魔弓箭手 0 1  4    
N4 257 186 恶魔弓箭手 0 1  4    
N4 215 190 恶魔弓箭手 0 1  4    
N4 254 189 恶魔弓箭手 0 1  4    
N4 255 230 骷髅 500 52  7    
N4 255 230 僵尸1 500 39  7    
N4 255 230 僵尸2 500 39  7    
N4 255 230 僵尸3 500 39  7    
N4 255 230 僵尸4 500 39  7    
N4 255 230 僵尸5 500 39  7    
N4 255 230 掷斧骷髅0 500 26  7    
N4 255 230 掷斧骷髅 500 52  7    
N4 255 230 骷髅战士 500 65  7    
N4 255 230 骷髅战士 500 52  7    
N4 255 230 半兽勇士1 500 52  7    
N4 255 230 半兽统领 500 3  7    
N4 123 404 千年树妖 0 1  252    
N4 255 230 骷髅 500 52  7    
N4 255 230 骷髅战将 500 52  7    
N4 255 230 骷髅战将 500 52  7    
N4 255 230 骷髅精灵1 500 3  7    
N4 255 230 掷斧骷髅9 500 26  7    
N4 255 230 骷髅精灵10 500 3  42    
N4 255 230 半兽勇士10 500 52  7    
N5 122 334 弓箭守卫 0 1  4    
N5 131 301 弓箭守卫 0 1  4    
N5 136 336 弓箭守卫 0 1  4    
N5 140 362 弓箭守卫 0 1  4    
N5 143 324 弓箭守卫 0 1  4    
N5 162 220 宝箱 50 13  21    
N5 162 220 宝箱0 500 1  42    
N5 162 220 骷髅0 200 10  21    
N5 162 220 骷髅战士 150 65  21    
N5 162 220 半兽人 200 13  21    
N5 162 220 半兽战士 200 39  21    
N5 400 400 半兽战士 50 39  21    
N5 400 400 半兽勇士1 400 13  28    
N5 400 400 半兽勇士10 400 26  42       
NB341 18 19 沃玛卫士 20 3  42    
D024 40 40 暗黑战士 20 4  4 50   
D024 40 40 沃玛勇士 20 4  4 50   
D024 40 40 沃玛战将 20 4  4 50   
D024 40 40 火焰沃玛 20 4  4 50   
D024 50 50 暗黑战士 20 4  4 50   
D024 50 50 沃玛战将 20 4  4 50   
D024 50 50 火焰沃玛 20 4  4 50   
D024 60 60 暗黑战士 20 4  4 50   
D024 60 60 沃玛勇士 20 4  4 50   
D024 60 60 沃玛战将 20 4  4 50   
D024 60 60 火焰沃玛 20 4  4 50   
D024 40 50 暗黑战士 20 4  4    
D024 40 50 沃玛勇士 20 4  4    
D024 40 50 沃玛战将 20 4  4    
D024 40 50 火焰沃玛 20 4  4    
D024 50 40 暗黑战士 20 4  4    
D024 50 40 沃玛勇士 20 4  4    
D024 50 40 沃玛战将 20 4  4    
D024 50 40 火焰沃玛 20 4  4    
D024 60 50 暗黑战士 20 4  4    
D024 60 50 沃玛勇士 20 4  4    
D024 60 50 沃玛战将 20 4  4    
D024 60 50 火焰沃玛 20 4  4    
D024 50 60 暗黑战士 20 4  4    
D024 50 60 沃玛勇士 20 4  4    
D024 50 60 沃玛战将 20 4  4    
D024 50 60 火焰沃玛 20 4  4    
D024 83 84 暗黑战士 7 7  4    
D024 83 84 沃玛战士 7 7  4    
D024 83 84 沃玛勇士 7 7  4    
D024 83 84 火焰沃玛 7 7  4    
D024 20 21 暗黑战士 7 7  4    
D024 20 21 沃玛勇士 7 7  4    
D024 20 21 沃玛战将 7 7  4    
D024 20 21 火焰沃玛 7 7  4    
D024 50 50 沃玛教主 20 1  84    
D024 50 50 沃玛卫士 30 3  84    
D024 42 49 暗黑战士0 30 1  21    
D024 42 49 沃玛勇士0 30 1  21    
D024 42 49 沃玛战将0 30 1  21    
D024 42 49 火焰沃玛0 30 1  21 
D024 42 49 送宝树妖 5 1  30
ND2013 43 44 角蝇 100 7  7    
ND2013 43 44 楔蛾 100 39  7    
ND2013 43 44 黑色恶蛆 100 39  7    
ND2013 43 44 祖玛雕像 100 39  21    
ND2013 43 44 祖玛雕像0 100 13  21    
ND2013 43 44 祖玛雕像3 100 13  21    
ND2013 43 44 祖玛卫士 100 39  21    
ND2013 43 44 祖玛卫士3 100 13  21    
ND2013 43 44 祖玛卫士10 100 13  21    
ND2013 43 44 祖玛弓箭手 100 39  21    
ND2013 43 44 祖玛弓箭手0 100 13  21    
ND2013 43 44 祖玛弓箭手3 100 13  21    
ND2013 43 44 虹魔猪卫 100 1  84    
ND2013 43 44 虹魔猪卫0 100 1  42    
ND2013 43 44 虹魔蝎卫 100 1  42    
ND2013 43 44 虹魔蝎卫0 100 1  42    
ND2013 55 55 虹魔教主 50 1  84    
ND2013 55 55 虹魔教主0 50 1  126    
ND2075 250 250 牛头魔 250 65  14    
ND2075 250 250 牛魔斗士 250 65  14    
ND2075 100 100 牛魔战士 100 65  14    
ND2075 100 100 牛魔将军 100 52  14    
ND2075 100 100 牛魔法师 100 39  14    
ND2075 250 250 牛魔祭司 250 26  14    
ND2075 250 250 牛头魔0 250 7  14    
ND2075 200 200 牛魔斗士0 200 7  14    
ND2075 100 100 牛魔战士0 100 7  14    
ND2075 100 100 牛魔将军0 100 7  14    
ND2075 100 100 牛魔法师0 100 7  14    
ND2075 250 250 牛魔祭司0 250 7  14    
ND2079 52 51 牛头魔 50 26  4    
ND2079 52 51 牛魔战士 50 26  7    
ND2079 52 51 牛魔侍卫 50 26  11    
ND2079 52 51 牛魔将军 50 26  11    
ND2079 52 51 牛魔法师 50 26  11    
ND2079 52 51 牛魔祭司 50 20  11    
ND2079 52 51 牛魔将军0 50 7  21    
ND2079 52 51 牛魔法师0 50 3  21    
ND2079 52 51 牛魔祭司0 50 4  21    
ND2079 52 51 牛魔王 50 1  42    
ND2079 52 51 牛魔王0 0 1  122  
ND2079 52 51 送宝树妖 0 1  30   
ND5072 50 50 楔蛾 50 39  6    
ND5072 50 50 角蝇 50 13  6    
ND5072 50 50 祖玛雕像 50 39  6    
ND5072 50 50 祖玛卫士 50 39  6    
ND5072 50 50 祖玛弓箭手 50 39  6    
ND5072 50 50 祖玛雕像0 50 1  84    
ND5072 50 50 祖玛卫士0 50 1  84    
ND5072 50 50 祖玛弓箭手0 50 1  84    
ND5072 50 50 祖玛雕像3 50 10  42    
ND5072 50 50 祖玛卫士3 50 10  42    
ND5072 50 50 祖玛弓箭手3 50 10  42    
ND5073 50 50 楔蛾 50 39  6    
ND5073 50 50 角蝇 50 13  6    
ND5073 50 50 祖玛雕像 50 39  6    
ND5073 50 50 祖玛卫士 50 39  6    
ND5073 50 50 祖玛弓箭手 50 39  6    
ND5073 50 50 祖玛雕像0 50 1  84    
ND5073 50 50 祖玛卫士0 50 1  84    
ND5073 50 50 祖玛弓箭手0 50 1  84    
ND5073 50 50 祖玛雕像3 50 10  42    
ND5073 50 50 祖玛卫士3 50 10  42    
ND5073 50 50 祖玛弓箭手3 50 10  42    
ND5074 50 50 角蝇 50 13  6    
ND5074 50 50 大老鼠 50 39  6    
ND5074 50 50 祖玛雕像 50 39  6    
ND5074 50 50 祖玛卫士 50 39  6    
ND5074 50 50 祖玛卫士10 50 1  32    
ND5074 50 50 祖玛弓箭手 50 39  6    
ND5074 73 22 楔蛾 7 7  8    
ND5074 73 22 角蝇 7 4  8    
ND5074 73 22 祖玛雕像 7 7  8    
ND5074 73 22 祖玛卫士 7 7  8    
ND5074 73 22 祖玛弓箭手 7 7  8    
ND5074 50 50 祖玛雕像0 50 1  84    
ND5074 50 50 祖玛卫士0 50 1  84    
ND5074 50 50 祖玛弓箭手0 50 1  84    
ND5074 50 50 祖玛雕像3 50 10  42    
ND5074 50 50 祖玛卫士3 50 10  42    
ND5074 50 50 祖玛弓箭手3 50 10  42    
ND717 100 100 黑色恶蛆 100 52  7    
ND717 100 100 楔蛾 100 52  7    
ND717 100 100 白野猪0 100 36  84    
ND717 100 100 白野猪 100 3  84    
ND717 100 100 白野猪 100 3  168    
ND717 100 100 白野猪2 100 3  70    
ND717 100 100 邪恶毒蛇 100 1  84    
ND717 100 100 角蝇 100 13  7    
ND717 83 25 石墓尸王 0 1  30 
ND717 74 33 送宝树妖 0 1  30      
  
R001 114 122 蜜蜂 150 78  14    
R001 93 104 神兽10 150 52  42    
R001 93 104 变异骷髅0 150 65  42    
Q004 15 15 尸王 5 3  42    
Q004 15 15 尸王2 5 36  42    
Q004 15 15 尸王3 10 1  126     
T1061 19 24 角蝇8 5 1  7    
T1061 19 24 楔蛾8 5 1  7    
T1061 19 24 电僵王8 5 1  7    
T1061 19 24 重装使者 5 1  168    
T118 14 15 暗之双头血魔 10 1  31    
T1341 20 20 天狼蜘蛛 15 7  7    
T1341 20 20 钢牙蜘蛛 15 3  7    
T1341 20 20 暴牙蜘蛛 15 3  7    
T1341 20 20 花吻蜘蛛 15 3  7    
T1342 20 20 天狼蜘蛛 15 3  7    
T1342 20 20 钢牙蜘蛛 15 7  7    
T1342 20 20 暴牙蜘蛛 15 3  7    
T1342 20 20 天狼蜘蛛 15 3  7    
T1343 20 20 天狼蜘蛛 15 3  7    
T1343 20 20 钢牙蜘蛛 15 3  7    
T1343 20 20 暴牙蜘蛛 15 7  7    
T1343 20 20 花吻蜘蛛 15 4  7    
T2061 19 24 角蝇8 5 1  7    
T2061 19 24 楔蛾8 5 1  7    
T2061 19 24 电僵王8 5 1  7    
T2062 19 24 角蝇8 5 1  7    
T2062 19 24 楔蛾8 5 1  7    
T2062 19 24 电僵王8 5 1  7    
T2063 19 24 角蝇8 5 1  7    
T2063 19 24 楔蛾8 5 1  7    
T2063 19 24 电僵王8 5 1  7    
T218 14 17 暗之虹魔教主 10 1  32   
T219 50 80 暗之双头金刚 5 1  30    
T232 22 24 暗之沃玛教主 10 1  31   
T3061 19 24 角蝇8 5 1  7    
T3061 19 24 楔蛾8 5 1  7    
T3061 19 24 电僵王8 5 1  7    
T3062 19 24 角蝇8 5 1  7    
T3062 19 24 楔蛾8 5 1  7    
T3062 19 24 电僵王8 5 1  7    
T3063 19 24 角蝇8 5 1  7    
T3063 19 24 楔蛾8 5 1  7    
T3063 19 24 电僵王8 5 1  7    
T315 150 140 暗之黄泉教主 5 1  31    
T339 18 26 暗之骷髅精灵 10 1  31    
  
nfox02 60 156 黑狐 100 13  17    
nfox02 60 156 赤狐 100 13  17    
nfox02 60 156 素狐 100 13  17    
nfox02 70 250 黑狐 100 13  17    
nfox02 70 250 赤狐 100 13  17    
nfox02 70 250 素狐 100 13  17    
nfox02 77 305 黑狐 80 13  17    
nfox02 77 305 赤狐 80 13  17    
nfox02 77 305 素狐 80 13  17    
nfox02 102 302 黑狐 50 10  17    
nfox02 102 302 赤狐 50 10  17    
nfox02 102 302 素狐 50 10  17    
nfox02 128 373 黑狐 50 10  17    
nfox02 128 373 赤狐 50 10  17    
nfox02 128 373 素狐 50 10  17    
nfox02 220 303 狐月魔眼 1 1  17    
nfox02 224 306 狐月魔眼 1 1  17    
nfox02 226 303 狐月魔眼 1 1  17    
nfox02 77 305 火尾黑狐王 100 1  30    
nfox02 77 305 金爪赤狐王 100 1  30    
nfox02 77 305 玉面素狐王 100 1  30    
nfox02 60 156 黑狐 100 13  17    
nfox02 60 156 赤狐 100 13  17    
nfox02 60 156 素狐 100 13  17    
nfox02 70 250 黑狐 100 13  17    
nfox02 70 250 赤狐 100 13  17    
nfox02 70 250 素狐 100 13  17    
nfox02 77 305 黑狐 80 13  17    
nfox02 77 305 赤狐 80 13  17    
nfox02 77 305 素狐 80 13  17    
nfox02 102 302 黑狐 50 10  17    
nfox02 102 302 赤狐 50 10  17    
nfox02 102 302 素狐 50 10  17    
nfox02 128 373 黑狐 50 10  17    
nfox02 128 373 赤狐 50 10  17    
nfox02 128 373 素狐 50 10  17    
nfox02 220 303 狐月魔眼 1 1  17    
nfox02 224 306 狐月魔眼 1 1  17    
nfox02 226 303 狐月魔眼 1 1  17    
nfox02 77 305 火尾黑狐王 100 1  70    
nfox02 77 305 金爪赤狐王 100 1  70    
nfox02 77 305 玉面素狐王 100 1  70    
nfox02 60 156 黑狐 100 13  17    
nfox02 60 156 赤狐 100 13  17    
nfox02 60 156 素狐 100 13  17    
nfox02 70 250 黑狐 100 13  17    
nfox02 70 250 赤狐 100 13  17    
nfox02 70 250 素狐 100 13  17    
nfox02 77 305 黑狐 80 13  17    
nfox02 77 305 赤狐 80 13  17    
nfox02 77 305 素狐 80 13  17    
nfox02 102 302 黑狐 50 10  71    
nfox02 102 302 赤狐 50 10  71    
nfox02 102 302 素狐 50 10  71    
nfox02 128 373 黑狐 50 10  71    
nfox02 128 373 赤狐 50 10  71    
nfox02 128 373 素狐 50 10  71   
nfox02 223 206 狐月之眼 200 13  21    
nfox02 220 203 狐月魔眼 200 13  21
nfox02 219 235 九尾魂石 0 1  60 
    
nfox03 34 34 狐月天珠 1 1  70    
nfox03 33 33 九尾魂石 5 1  60   
nfox03 23 29 狐月魔眼 20 10  20   
nfox03 23 29 狐月之眼 20 10  20    
nfox03 38 45 狐月魔眼 20 16  20    
nfox03 38 45 狐月之眼 20 16  20  
;---------------------------------------


;----------------------------------------  
nanm 184 184 恶性怪 200 26  9    
nanm 184 184 精英战士 200 26  14    
nanm 184 184 触角神魔 200 26  9    
nanm 184 184 爆毒神魔 200 26  6 

hsdx1 300 300 强毒法师 100 26  9    
hsdx1 300 300 风魔 100 26  9    
hsdx1 300 300 法老 100 26  9    
hsdx3 300 300 锤兵 100 26  9    
hsdx3 300 300 尸皇 100 26  9    
hsdx3 300 300 双刀客 100 26  9 
hsdx3 300 300 要塞元帅 100 1  33
hsdx3 300 300 要塞之主 100 1  60   

hl001	226	154	狂热火蜥蜴	300	100	10
hl001	226	154	灵魂收割者	300	3	30	0	253
hl001	226	154	蓝影刀客	300	3	30	0	253
hl001	226	154	圣殿卫士	300	100	10
hl001	226	154	恶魔蜘蛛	300	100	10
hl001	226	154	巨镰蜘蛛	300	100	10
hl001	226	154	金杖蜘蛛	300	50	20
hl001	226	154	巨镰蜘蛛	300	100	10
hl001	226	154	绿魔蜘蛛	300	100	10
hl001	226	154	蓝背蜘蛛	300	100	10
hl001	226	154	剧毒骷髅	300	100	10
hl001	226	154	圣殿黄龙	300	3	30	0	253
hl001	226	154	圣殿护卫	300	3	30	0	253
hl001	226	154	铁翼巨蛾	300	3	30	0	253

hl002	86	106	狂热火蜥蜴	300	50	10
hl002	86	106	圣殿卫士	300	50	10
hl002	86	106	恶魔蜘蛛	300	50	10
hl002	86	106	巨镰蜘蛛	300	50	10
hl002	86	106	金杖蜘蛛	300	50	20
hl002	86	106	巨镰蜘蛛	300	50	10
hl002	86	106	绿魔蜘蛛	300	50	10
hl002	86	106	蓝背蜘蛛	300	50	10
hl002	86	106	剧毒骷髅	300	50	10
hl002	86	106	圣殿黄龙	300	3	30	0	253
hl002	86	106	圣殿护卫	300	3	30	0	253
hl002	86	106	铁翼巨蛾	300	3	30	0	253
hl002	86	106	火龙神		300	1	40	0	5
hl002	86	106	灵魂收割者	300	3	30	0	253
hl002	86	106	蓝影刀客	300	3	30	0	253
hl002	86	106	富贵兽		300	1	40	0	5

H301	49	49	狂热火蜥蜴	100	10	10
H301	49	49	狂热火蜥蜴	100	10	10
H301	49	49	圣殿卫士	100	10	10
H301	49	49	恶魔蜘蛛	100	10	10
H301	49	49	巨镰蜘蛛	100	10	10
H301	49	49	金杖蜘蛛	100	30	10
H301	49	49	巨镰蜘蛛	100	10	10
H301	49	49	绿魔蜘蛛	100	10	10
H301	49	49	蓝背蜘蛛	100	10	10
H301	49	49	剧毒骷髅	100	20	10
H301	49	49	圣殿黄龙	100	1	30	0	253
H301	49	49	圣殿护卫	100	1	30	0	253
H301	49	49	铁翼巨蛾	100	1	30	0	253
H301	51	27	火龙神		1	1	40	0	5
H301	52	27	雷炎蛛王	1	1	40	0	5
H301	52	27	富贵兽		50	1	40	0	5
H301	52	27	伊莉丝		30	1	60	0	70


SY_622	51	32	深渊魔龙刀兵		50	50	65
SY_622	51	32	深渊魔龙破甲兵		50	50	65
SY_622	111	310	深渊魔龙射手		50	50	65
SY_622	50	373	深渊魔龙破甲兵		50	50	65
SY_622	50	373	深渊魔龙射手		50	50	65
SY_622	49	153	深渊魔龙刀兵		50	50	65
SY_622	49	153	深渊魔龙破甲兵		50	50	65
SY_622	49	153	深渊魔龙射手		50	50	65
SY_622	41	235	深渊魔龙刀兵		50	50	65
SY_622	41	235	深渊魔龙破甲兵		50	50	65
SY_622	41	235	深渊魔龙射手		50	50	65
SY_622	135	245	深渊魔龙刀兵		50	50	65
SY_622	135	245	深渊魔龙破甲兵		50	50	65
SY_622	135	245	深渊魔龙射手		50	50	65
SY_622	139	68	深渊魔龙刀兵		50	50	65
SY_622	139	68	深渊魔龙破甲兵		50	50	65
SY_622	139	68	深渊魔龙射手		50	50	65
SY_622	220	88	深渊魔龙刀兵		50	50	65
SY_622	220	88	深渊魔龙破甲兵		50	50	65
SY_622	220	88	深渊魔龙射手		50	50	65
SY_622	229	159	深渊魔龙刀兵		50	50	65
SY_622	229	159	深渊魔龙破甲兵		50	50	65
SY_622	229	159	深渊魔龙射手		50	50	65
SY_622	228	247	深渊魔龙刀兵		50	50	65
SY_622	228	247	深渊魔龙破甲兵		50	50	65
SY_622	228	247	深渊魔龙射手		50	50	65
SY_622	150	150	深渊魔龙破甲兵		150	50	65
SY_622	150	150	深渊魔龙射手		150	50	65
SY_622	51	32	深渊魔龙刀兵		50	50	65
SY_622	51	32	深渊魔龙破甲兵		50	50	65
SY_622	111	310	深渊魔龙射手		50	50	65
SY_622	50	373	深渊魔龙石碑		200	30	65
SY_622	50	373	深渊魔龙破甲兵		50	50	65
SY_622	50	373	深渊魔龙射手		50	50	65
SY_622	49	153	深渊魔龙刀兵		50	50	65
SY_622	49	153	深渊魔龙破甲兵		50	50	65
SY_622	49	153	深渊魔龙射手		50	50	65
SY_622	41	235	深渊魔龙刀兵		50	50	65
SY_622	41	235	深渊魔龙破甲兵		50	50	65
SY_622	41	235	深渊魔龙射手		50	50	65
SY_622	135	245	深渊魔龙刀兵		50	50	65
SY_622	135	245	深渊魔龙破甲兵		50	50	65
SY_622	135	245	深渊魔龙射手		50	50	65
SY_622	139	68	深渊魔龙刀兵		50	50	65
SY_622	139	68	深渊魔龙破甲兵		50	50	65
SY_622	139	68	深渊魔龙射手		50	50	65
SY_622	220	88	深渊魔龙刀兵		50	50	65
SY_622	220	88	深渊魔龙破甲兵		50	50	65
SY_622	220	88	深渊魔龙射手		50	50	65
SY_622	229	159	深渊魔龙刀兵		50	50	65
SY_622	229	159	深渊魔龙破甲兵		50	50	65
SY_622	229	159	深渊魔龙射手		50	50	65
SY_622	228	247	深渊魔龙刀兵		50	50	65
SY_622	228	247	深渊魔龙破甲兵		50	50	56
SY_622	228	247	深渊魔龙射手		50	50	65
SY_622	150	150	深渊魔龙破甲兵		150	50	65
SY_622	150	150	深渊魔龙射手		150	50	65
SY_622	51	32	深渊魔龙刀兵		50	50	65
SY_622	51	32	深渊魔龙破甲兵		50	50	65
SY_622	111	310	深渊魔龙射手		50	50	65
SY_622	50	373	深渊魔龙石碑		100	30	65
SY_622	50	373	深渊魔龙破甲兵		50	50	65
SY_622	50	373	深渊魔龙射手		50	50	65
SY_622	49	153	深渊魔龙刀兵		50	50	65
SY_622	49	153	深渊魔龙破甲兵		50	50	65
SY_622	49	153	深渊魔龙射手		50	50	65
SY_622	41	235	深渊魔龙刀兵		50	50	65
SY_622	41	235	深渊魔龙破甲兵		50	50	65
SY_622	41	235	深渊魔龙射手		50	50	65
SY_622	135	245	深渊魔龙刀兵		50	50	65
SY_622	135	245	深渊魔龙破甲兵		50	50	65
SY_622	135	245	深渊魔龙射手		50	50	65
SY_622	139	68	深渊魔龙刀兵		50	50	65
SY_622	139	68	深渊魔龙破甲兵		50	50	65
SY_622	139	68	深渊魔龙射手		50	50	65
SY_622	220	88	深渊魔龙刀兵		50	50	65
SY_622	220	88	深渊魔龙破甲兵		50	50	65
SY_622	220	88	深渊魔龙射手		50	50	65
SY_622	229	159	深渊魔龙刀兵		50	50	65
SY_622	229	159	深渊魔龙破甲兵		50	50	65
SY_622	229	159	深渊魔龙射手		50	50	65
SY_622	228	247	深渊魔龙刀兵		50	50	65
SY_622	228	247	深渊魔龙破甲兵		50	50	65
SY_622	228	247	深渊魔龙射手		50	50	65
SY_622	150	150	深渊魔龙破甲兵		150	50	65
SY_622	150	150	深渊魔龙射手		150	50	65
SY_622	150	150	深渊魔龙教主		200	3	60	0	5
SY_622	150	150	深渊魔龙树妖		200	3	60	0	5
SY_622	150	150	深渊魔龙战将		200	5	60	0	253
SY_622	150	150	深渊魔龙巨蛾		200	5	60	0	253
SY_622	150	150	深渊魔龙力士		200	5	60	0	253
SY_EM300	14	16	深渊魔龙教主		5	1	60	0	5
SY_EM300	14	16	深渊魔龙树妖		20	2	60	0	5
SY_EM300	14	16	深渊暗之魔龙教皇	5	1	90	0	70
SY_EM300	14	16	深渊魔龙射手		5	15	63
SY_EM300	14	16	深渊魔龙战将		5	1	66	0	253
SY_EM300	14	16	深渊魔龙刀兵		5	15	63
SY_EM300	14	16	深渊魔龙破甲兵		5	15	63
SY_EM300	14	16	深渊魔龙巨蛾		5	1	60	0	253
SY_EM300	14	16	深渊魔龙力士		5	1	60	0	253

SY_hl001	226	154	深渊雷炎狂热火蜥蜴	300	100	10
SY_hl001	226	154	深渊雷炎灵魂收割者	300	3	30	0	253
SY_hl001	226	154	深渊雷炎蓝影刀客	300	3	30	0	253
SY_hl001	226	154	深渊雷炎圣殿卫士	300	100	10
SY_hl001	226	154	深渊雷炎恶魔蜘蛛	300	100	10
SY_hl001	226	154	深渊雷炎巨镰蜘蛛	300	100	10
SY_hl001	226	154	深渊雷炎金杖蜘蛛	300	50	20
SY_hl001	226	154	深渊雷炎巨镰蜘蛛	300	100	10
SY_hl001	226	154	深渊雷炎绿魔蜘蛛	300	100	10
SY_hl001	226	154	深渊雷炎蓝背蜘蛛	300	100	10
SY_hl001	226	154	深渊雷炎剧毒骷髅	300	100	10
SY_hl001	226	154	深渊雷炎圣殿黄龙	300	3	30	0	253
SY_hl001	226	154	深渊雷炎圣殿护卫	300	3	30	0	253
SY_hl001	226	154	深渊雷炎铁翼巨蛾	300	3	30	0	253

SY_hl002	86	106	深渊雷炎狂热火蜥蜴	300	50	10
SY_hl002	86	106	深渊雷炎圣殿卫士	300	50	10
SY_hl002	86	106	深渊雷炎恶魔蜘蛛	300	50	10
SY_hl002	86	106	深渊雷炎巨镰蜘蛛	300	50	10
SY_hl002	86	106	深渊雷炎金杖蜘蛛	300	50	20
SY_hl002	86	106	深渊雷炎巨镰蜘蛛	300	50	10
SY_hl002	86	106	深渊雷炎绿魔蜘蛛	300	50	10
SY_hl002	86	106	深渊雷炎蓝背蜘蛛	300	50	10
SY_hl002	86	106	深渊雷炎剧毒骷髅	300	50	10
SY_hl002	86	106	深渊雷炎圣殿黄龙	300	3	30	0	253
SY_hl002	86	106	深渊雷炎圣殿护卫	300	3	30	0	253
SY_hl002	86	106	深渊雷炎铁翼巨蛾	300	3	30	0	253
SY_hl002	86	106	深渊雷炎火龙神		300	1	40	0	5
SY_hl002	86	106	深渊雷炎灵魂收割者	300	3	30	0	253
SY_hl002	86	106	深渊雷炎蓝影刀客	300	3	30	0	253
SY_hl002	86	106	深渊雷炎富贵兽		300	1	40	0	5

SY_H301	49	49	深渊雷炎狂热火蜥蜴	100	10	10
SY_H301	49	49	深渊雷炎狂热火蜥蜴	100	10	10
SY_H301	49	49	深渊雷炎圣殿卫士	100	10	10
SY_H301	49	49	深渊雷炎恶魔蜘蛛	100	10	10
SY_H301	49	49	深渊雷炎巨镰蜘蛛	100	10	10
SY_H301	49	49	深渊雷炎金杖蜘蛛	100	30	10
SY_H301	49	49	深渊雷炎巨镰蜘蛛	100	10	10
SY_H301	49	49	深渊雷炎绿魔蜘蛛	100	10	10
SY_H301	49	49	深渊雷炎蓝背蜘蛛	100	10	10
SY_H301	49	49	深渊雷炎剧毒骷髅	100	20	10
SY_H301	49	49	深渊雷炎圣殿黄龙	100	1	30	0	253
SY_H301	49	49	深渊雷炎圣殿护卫	100	1	30	0	253
SY_H301	49	49	深渊雷炎铁翼巨蛾	100	1	30	0	253
SY_H301	51	27	深渊雷炎火龙神		1	1	40	0	5
SY_H301	52	27	深渊雷炎雷炎蛛王	1	1	40	0	5
SY_H301	52	27	深渊雷炎富贵兽		50	1	40	0	5
SY_H301	52	27	蜘蛛女王·伊莉丝	30	1	60	0	70

XY1	234	229	雪域战将	300	30	20
XY1	234	229	雪域侍卫	300	30	20
XY1	234	229	雪域寒冰魔	300	80	20
XY1	234	229	雪域灭天魔	300	80	20
XY1	234	229	雪域五毒魔	300	80	20
XY1	234	229	雪域野人	300	80	20
XY1	234	229	雪域羊人	300	80	20
XY1	234	229	雪域冰狼	300	80	20
XY1	234	229	雪域力士	300	80	20
XY1	234	229	雪域卫士	300	80	20
XY1	234	229	雪域毛人	300	80	20
XY1	234	229	雪域冰柱	300	20	20
XY1	234	229	雪域天将	300	5	30	0	253
XY1	234	229	雪域锻造炉	300	3	30	0	253


XY2	234	229	雪域战将	300	30	20
XY2	234	229	雪域侍卫	300	30	20
XY2	234	229	雪域寒冰魔	300	80	20
XY2	234	229	雪域灭天魔	300	80	20
XY2	234	229	雪域五毒魔	300	80	20
XY2	234	229	雪域野人	300	80	20
XY2	234	229	雪域羊人	300	80	20
XY2	234	229	雪域冰狼	300	80	20
XY2	234	229	雪域力士	300	80	20
XY2	234	229	雪域卫士	300	80	20
XY2	234	229	雪域毛人	300	80	20
XY2	234	229	雪域冰柱	300	20	20
XY2	234	229	雪域天将	300	5	30	0	253
XY2	234	229	雪域锻造炉	300	3	30	0	253
XY2	234	229	雪域小魔王	300	2	40	0	5


XY3	52	58	雪域战将	50	30	20
XY3	52	58	雪域侍卫	50	30	20
XY3	52	58	雪域冰柱	50	30	20
XY3	52	58	雪域灭天魔	50	40	20
XY3	52	58	雪域五毒魔	50	40	20
XY3	52	58	雪域寒冰魔	50	40	20
XY3	52	58	雪域天将	50	3	30	0	253
XY3	52	58	雪域锻造炉	50	3	30	0	253
XY3	52	58	雪域小魔王	50	3	40	0	5
XY3	52	58	雪域魔王	1	2	40	0	5

XY4	106	89	雪域战将	100	80	20
XY4	106	89	雪域侍卫	100	80	20
XY4	106	89	雪域寒冰魔	100	100	20
XY4	106	89	雪域灭天魔	100	100	20
XY4	106	89	雪域五毒魔	100	100	20
XY4	106	89	雪域冰柱	100	50	20
XY4	106	89	雪域天将	100	5	30	0	253
XY4	106	89	雪域小魔王	1	3	40	0	5
XY4	106	89	雪域魔王	100	3	40	0	5

XY4	142	54	雪域锻造炉	1	1	30	0	253
XY4	136	52	雪域锻造炉	1	1	30	0	253
XY4	138	56	雪域锻造炉	1	1	30	0	253
XY4	140	52	史蒂芬·斯特兰奇	1	1	60	0	70

SY_XY1	234	229	深渊雪域战将	300	30	20
SY_XY1	234	229	深渊雪域侍卫	300	30	20
SY_XY1	234	229	深渊雪域寒冰魔	300	80	20
SY_XY1	234	229	深渊雪域灭天魔	300	80	20
SY_XY1	234	229	深渊雪域五毒魔	300	80	20
SY_XY1	234	229	深渊雪域野人	300	80	20
SY_XY1	234	229	深渊雪域羊人	300	80	20
SY_XY1	234	229	深渊雪域冰狼	300	80	20
SY_XY1	234	229	深渊雪域力士	300	80	20
SY_XY1	234	229	深渊雪域卫士	300	80	20
SY_XY1	234	229	深渊雪域毛人	300	80	20
SY_XY1	234	229	深渊雪域冰柱	300	20	20
SY_XY1	234	229	深渊雪域天将	300	5	30	0	253
SY_XY1	234	229	深渊雪域锻造炉	300	3	30	0	253


SY_XY2	234	229	深渊雪域战将	300	30	20
SY_XY2	234	229	深渊雪域侍卫	300	30	20
SY_XY2	234	229	深渊雪域寒冰魔	300	80	20
SY_XY2	234	229	深渊雪域灭天魔	300	80	20
SY_XY2	234	229	深渊雪域五毒魔	300	80	20
SY_XY2	234	229	深渊雪域野人	300	80	20
SY_XY2	234	229	深渊雪域羊人	300	80	20
SY_XY2	234	229	深渊雪域冰狼	300	80	20
SY_XY2	234	229	深渊雪域力士	300	80	20
SY_XY2	234	229	深渊雪域卫士	300	80	20
SY_XY2	234	229	深渊雪域毛人	300	80	20
SY_XY2	234	229	深渊雪域冰柱	300	20	20
SY_XY2	234	229	深渊雪域天将	300	5	30	0	253
SY_XY2	234	229	深渊雪域锻造炉	300	3	30	0	253
SY_XY2	234	229	深渊雪域小魔王	300	2	40	0	5


SY_XY3	52	58	深渊雪域战将	50	30	20
SY_XY3	52	58	深渊雪域侍卫	50	30	20
SY_XY3	52	58	深渊雪域冰柱	50	30	20
SY_XY3	52	58	深渊雪域灭天魔	50	40	20
SY_XY3	52	58	深渊雪域五毒魔	50	40	20
SY_XY3	52	58	深渊雪域寒冰魔	50	40	20
SY_XY3	52	58	深渊雪域天将	50	3	30	0	253
SY_XY3	52	58	深渊雪域锻造炉	50	3	30	0	253
SY_XY3	52	58	深渊雪域小魔王	50	3	40	0	5
SY_XY3	52	58	深渊雪域魔王	1	2	40	0	5

SY_XY4	106	89	深渊雪域战将	100	80	20
SY_XY4	106	89	深渊雪域侍卫	100	80	20
SY_XY4	106	89	深渊雪域寒冰魔	100	100	20
SY_XY4	106	89	深渊雪域灭天魔	100	100	20
SY_XY4	106	89	深渊雪域五毒魔	100	100	20
SY_XY4	106	89	深渊雪域冰柱	100	50	20
SY_XY4	106	89	深渊雪域天将	100	5	30	0	253
SY_XY4	106	89	深渊雪域小魔王	1	3	40	0	5
SY_XY4	106	89	深渊雪域魔王	100	3	40	0	5

SY_XY4	142	54	深渊雪域锻造炉	1	1	30	0	253
SY_XY4	136	52	深渊雪域锻造炉	1	1	30	0	253
SY_XY4	138	56	深渊雪域锻造炉	1	1	30	0	253
SY_XY4	140	52	至尊法师·史蒂芬·斯特兰奇	1	1	60	0	70

魔龙黑暗神殿1号	321	161	暗之魔龙教皇		400	6	80	0	70
魔龙黑暗神殿1号	321	161	魔龙树妖		400	9	60	0	5
魔龙黑暗神殿1号	321	161	魔龙教主		400	9	60	0	5
魔龙黑暗神殿1号	321	161	魔龙战将		400	30	40	0	253
魔龙黑暗神殿1号	321	161	魔龙巨蛾		400	30	40	0	253
魔龙黑暗神殿1号	321	161	魔龙力士		400	30	40	0	253
魔龙黑暗神殿1号	321	161	深渊暗之魔龙教皇	400	3	80	0	70
魔龙黑暗神殿1号	321	161	深渊魔龙树妖		400	9	60	0	5
魔龙黑暗神殿1号	321	161	深渊魔龙教主		400	9	60	0	5
魔龙黑暗神殿1号	321	161	深渊魔龙战将		400	30	40	0	253
魔龙黑暗神殿1号	321	161	深渊魔龙巨蛾		400	30	40	0	253
魔龙黑暗神殿1号	321	161	深渊魔龙力士		400	30	40	0	253

魔龙黑暗神殿1号	321	161	火龙神			400	9	60	0	5
魔龙黑暗神殿1号	321	161	雷炎蛛王		400	9	60	0	5
魔龙黑暗神殿1号	321	161	铁翼巨蛾		400	30	40	0	253
魔龙黑暗神殿1号	321	161	圣殿护卫		400	30	40	0	253
魔龙黑暗神殿1号	321	161	圣殿黄龙		400	30	40	0	253
魔龙黑暗神殿1号	321	161	灵魂收割者		400	30	40	0	253
魔龙黑暗神殿1号	321	161	蓝影刀客		400	30	40	0	253
魔龙黑暗神殿1号	321	161	富贵兽			400	6	80	0	5
魔龙黑暗神殿1号	321	161	伊莉丝			400	6	80	0	70

魔龙黑暗神殿1号	321	161	深渊雷炎火龙神		400	9	60	0	5
魔龙黑暗神殿1号	321	161	深渊雷炎雷炎蛛王	400	9	60	0	5
魔龙黑暗神殿1号	321	161	深渊雷炎铁翼巨蛾	400	30	40	0	253
魔龙黑暗神殿1号	321	161	深渊雷炎圣殿护卫	400	30	40	0	253
魔龙黑暗神殿1号	321	161	深渊雷炎圣殿黄龙	400	30	40	0	253
魔龙黑暗神殿1号	321	161	深渊雷炎灵魂收割者	400	30	40	0	253
魔龙黑暗神殿1号	321	161	深渊雷炎蓝影刀客	400	30	40	0	253
魔龙黑暗神殿1号	321	161	深渊雷炎富贵兽		400	3	80	0	5
魔龙黑暗神殿1号	321	161	蜘蛛女王·伊莉丝	400	3	80	0	70

魔龙黑暗神殿1号	321	161	雪域灭天魔		400	300	30
魔龙黑暗神殿1号	321	161	深渊雪域灭天魔		400	300	30
魔龙黑暗神殿1号	321	161	雪域小魔王		400	9	60	0	5
魔龙黑暗神殿1号	321	161	雪域魔王		400	9	60	0	5
魔龙黑暗神殿1号	321	161	雪域天将		400	30	40	0	253
魔龙黑暗神殿1号	321	161	雪域锻造炉		400	30	40	0	253
魔龙黑暗神殿1号	321	161	深渊雪域小魔王		400	9	60	0	5
魔龙黑暗神殿1号	321	161	深渊雪域魔王		400	9	60	0	5
魔龙黑暗神殿1号	321	161	深渊雪域天将		400	30	40	0	253
魔龙黑暗神殿1号	321	161	深渊雪域锻造炉		400	30	40	0	253
魔龙黑暗神殿1号	321	161	史蒂芬·斯特兰奇	400	6	80	0	70
魔龙黑暗神殿1号	321	161	至尊法师·史蒂芬·斯特兰奇	400	3	80	0	70
魔龙黑暗神殿1号	321	161	迷途之人的怨念		400	30	40	0	253
魔龙黑暗神殿1号	321	161	沙漠行军蚁后		400	30	40	0	253
魔龙黑暗神殿1号	321	161	独行的烈焰法师		400	30	40	0	253
魔龙黑暗神殿1号	321	161	沙漠公主		400	15	60	0	5
魔龙黑暗神殿1号	321	161	沙漠领主		400	6	80	0	70
魔龙黑暗神殿1号	321	161	深渊石原迷途之人的怨念		400	30	40	0	253
魔龙黑暗神殿1号	321	161	深渊石原沙漠行军蚁后		400	30	40	0	253
魔龙黑暗神殿1号	321	161	深渊石原独行的烈焰法师		400	30	40	0	253
魔龙黑暗神殿1号	321	161	深渊石原沙漠公主		400	15	60	0	5
魔龙黑暗神殿1号	321	161	深渊石原沙漠领主		400	3	80	0	70
魔龙黑暗神殿1号	321	161	半兽人统帅			400	60	40	0	253
魔龙黑暗神殿1号	321	161	半兽人首领			400	9	60	0	5
魔龙黑暗神殿1号	321	161	兽人巨怪			400	9	60	0	5
魔龙黑暗神殿1号	321	161	简·福斯特			400	6	80	0	70
魔龙黑暗神殿1号	321	161	深渊陵墓半兽人统帅		400	60	40	0	253
魔龙黑暗神殿1号	321	161	深渊陵墓半兽人首领		400	9	60	0	5
魔龙黑暗神殿1号	321	161	深渊陵墓兽人巨怪		400	9	60	0	5
魔龙黑暗神殿1号	321	161	女雷神·简·福斯特		400	6	80	0	70
魔龙黑暗神殿1号	321	161	九尾魂石		400	15	40	0	253
魔龙黑暗神殿1号	321	161	帝国卫士		400	15	40	0	253
魔龙黑暗神殿1号	321	161	玉面素狐王		400	15	40	0	253
魔龙黑暗神殿1号	321	161	金爪赤狐王		400	15	40	0	253
魔龙黑暗神殿1号	321	161	火尾黑狐王		400	15	40	0	253
魔龙黑暗神殿1号	321	161	深渊狐月九尾魂石		400	15	40	0	253
魔龙黑暗神殿1号	321	161	深渊狐月帝国卫士		400	15	40	0	253
魔龙黑暗神殿1号	321	161	深渊狐月玉面素狐王		400	15	40	0	253
魔龙黑暗神殿1号	321	161	深渊狐月金爪赤狐王		400	15	40	0	253
魔龙黑暗神殿1号	321	161	深渊狐月火尾黑狐王		400	15	40	0	253
魔龙黑暗神殿1号	321	161	狐月天珠			400	15	60	0	5
魔龙黑暗神殿1号	321	161	深渊狐月狐月天珠		400	15	60	0	5
魔龙黑暗神殿1号	321	161	卢锡安				400	6	80	0	70
魔龙黑暗神殿1号	321	161	塞娜				400	6	80	0	70
魔龙黑暗神殿1号	321	161	源计划·卢锡安			400	3	80	0	70
魔龙黑暗神殿1号	321	161	源计划·塞娜			400	3	80	0	70

魔龙黑暗神殿1号	321	161	瘟疫蘑菇		400	60	30
魔龙黑暗神殿1号	321	161	深渊瘟疫蘑菇		400	30	30
魔龙黑暗神殿1号	321	161	瘟疫使者		400	60	20
魔龙黑暗神殿1号	321	161	瘟疫毒牙		400	60	20
魔龙黑暗神殿1号	321	161	瘟疫金蟾		400	60	20
魔龙黑暗神殿1号	321	161	深渊瘟疫使者		400	60	20
魔龙黑暗神殿1号	321	161	深渊瘟疫毒牙		400	60	20
魔龙黑暗神殿1号	321	161	深渊瘟疫金蟾		400	60	20
魔龙黑暗神殿1号	321	161	瘟疫火鸟		400	15	40	0	253
魔龙黑暗神殿1号	321	161	深渊瘟疫火鸟		400	15	40	0	253
魔龙黑暗神殿1号	321	161	瘟疫弩手		400	15	40	0	253
魔龙黑暗神殿1号	321	161	深渊瘟疫弩手		400	15	40	0	253
魔龙黑暗神殿2号	321	161	深渊瘟疫长老·火	400	3	60	0	5
魔龙黑暗神殿1号	321	161	深渊瘟疫长老·冰	400	3	60	0	5
魔龙黑暗神殿1号	321	161	深渊瘟疫长老·雷	400	3	60	0	5
魔龙黑暗神殿1号	321	161	深渊瘟疫长老·毒	400	3	60	0	5
魔龙黑暗神殿1号	321	161	瘟疫长老·火		400	3	60	0	5
魔龙黑暗神殿1号	321	161	瘟疫长老·冰		400	3	60	0	5
魔龙黑暗神殿1号	321	161	瘟疫长老·雷		400	3	60	0	5
魔龙黑暗神殿1号	321	161	瘟疫长老·毒		400	3	60	0	5
魔龙黑暗神殿1号	321	161	瘟疫统帅		400	3	80	0	70
魔龙黑暗神殿1号	321	161	深渊瘟疫统帅		400	3	80	0	70



魔龙黑暗神殿2号	321	161	暗之魔龙教皇		400	6	80	0	70
魔龙黑暗神殿2号	321	161	魔龙树妖		400	9	60	0	5
魔龙黑暗神殿2号	321	161	魔龙教主		400	9	60	0	5
魔龙黑暗神殿2号	321	161	魔龙战将		400	30	40	0	253
魔龙黑暗神殿2号	321	161	魔龙巨蛾		400	30	40	0	253
魔龙黑暗神殿2号	321	161	魔龙力士		400	30	40	0	253
魔龙黑暗神殿2号	321	161	深渊暗之魔龙教皇	400	3	80	0	70
魔龙黑暗神殿2号	321	161	深渊魔龙树妖		400	9	60	0	5
魔龙黑暗神殿2号	321	161	深渊魔龙教主		400	9	60	0	5
魔龙黑暗神殿2号	321	161	深渊魔龙战将		400	30	40	0	253
魔龙黑暗神殿2号	321	161	深渊魔龙巨蛾		400	30	40	0	253
魔龙黑暗神殿2号	321	161	深渊魔龙力士		400	30	40	0	253

魔龙黑暗神殿2号	321	161	火龙神			400	9	60	0	5
魔龙黑暗神殿2号	321	161	雷炎蛛王		400	9	60	0	5
魔龙黑暗神殿2号	321	161	铁翼巨蛾		400	30	40	0	253
魔龙黑暗神殿2号	321	161	圣殿护卫		400	30	40	0	253
魔龙黑暗神殿2号	321	161	圣殿黄龙		400	30	40	0	253
魔龙黑暗神殿2号	321	161	灵魂收割者		400	30	40	0	253
魔龙黑暗神殿2号	321	161	蓝影刀客		400	30	40	0	253
魔龙黑暗神殿2号	321	161	富贵兽			400	6	80	0	5
魔龙黑暗神殿2号	321	161	伊莉丝			400	6	80	0	70

魔龙黑暗神殿2号	321	161	深渊雷炎火龙神		400	9	60	0	5
魔龙黑暗神殿2号	321	161	深渊雷炎雷炎蛛王	400	9	60	0	5
魔龙黑暗神殿2号	321	161	深渊雷炎铁翼巨蛾	400	30	40	0	253
魔龙黑暗神殿2号	321	161	深渊雷炎圣殿护卫	400	30	40	0	253
魔龙黑暗神殿2号	321	161	深渊雷炎圣殿黄龙	400	30	40	0	253
魔龙黑暗神殿2号	321	161	深渊雷炎灵魂收割者	400	30	40	0	253
魔龙黑暗神殿2号	321	161	深渊雷炎蓝影刀客	400	30	40	0	253
魔龙黑暗神殿2号	321	161	深渊雷炎富贵兽		400	3	80	0	5
魔龙黑暗神殿2号	321	161	蜘蛛女王·伊莉丝	400	3	80	0	70

魔龙黑暗神殿2号	321	161	雪域灭天魔		400	300	30
魔龙黑暗神殿2号	321	161	深渊雪域灭天魔		400	300	30
魔龙黑暗神殿2号	321	161	雪域小魔王		400	9	60	0	5
魔龙黑暗神殿2号	321	161	雪域魔王		400	9	60	0	5
魔龙黑暗神殿2号	321	161	雪域天将		400	30	40	0	253
魔龙黑暗神殿2号	321	161	雪域锻造炉		400	30	40	0	253
魔龙黑暗神殿2号	321	161	深渊雪域小魔王		400	9	60	0	5
魔龙黑暗神殿2号	321	161	深渊雪域魔王		400	9	60	0	5
魔龙黑暗神殿2号	321	161	深渊雪域天将		400	30	40	0	253
魔龙黑暗神殿2号	321	161	深渊雪域锻造炉		400	30	40	0	253
魔龙黑暗神殿2号	321	161	史蒂芬·斯特兰奇	400	6	80	0	70
魔龙黑暗神殿2号	321	161	至尊法师·史蒂芬·斯特兰奇	400	3	80	0	70
魔龙黑暗神殿2号	321	161	迷途之人的怨念		400	30	40	0	253
魔龙黑暗神殿2号	321	161	沙漠行军蚁后		400	30	40	0	253
魔龙黑暗神殿2号	321	161	独行的烈焰法师		400	30	40	0	253
魔龙黑暗神殿2号	321	161	沙漠公主		400	15	60	0	5
魔龙黑暗神殿2号	321	161	沙漠领主		400	6	80	0	70
魔龙黑暗神殿2号	321	161	深渊石原迷途之人的怨念		400	30	40	0	253
魔龙黑暗神殿2号	321	161	深渊石原沙漠行军蚁后		400	30	40	0	253
魔龙黑暗神殿2号	321	161	深渊石原独行的烈焰法师		400	30	40	0	253
魔龙黑暗神殿2号	321	161	深渊石原沙漠公主		400	15	60	0	5
魔龙黑暗神殿2号	321	161	深渊石原沙漠领主		400	3	80	0	70
魔龙黑暗神殿2号	321	161	半兽人统帅			400	60	40	0	253
魔龙黑暗神殿2号	321	161	半兽人首领			400	9	60	0	5
魔龙黑暗神殿2号	321	161	兽人巨怪			400	9	60	0	5
魔龙黑暗神殿2号	321	161	简·福斯特			400	6	80	0	70
魔龙黑暗神殿2号	321	161	深渊陵墓半兽人统帅		400	60	40	0	253
魔龙黑暗神殿2号	321	161	深渊陵墓半兽人首领		400	9	60	0	5
魔龙黑暗神殿2号	321	161	深渊陵墓兽人巨怪		400	9	60	0	5
魔龙黑暗神殿2号	321	161	女雷神·简·福斯特		400	6	80	0	70
魔龙黑暗神殿2号	321	161	九尾魂石		400	15	40	0	253
魔龙黑暗神殿2号	321	161	帝国卫士		400	15	40	0	253
魔龙黑暗神殿2号	321	161	玉面素狐王		400	15	40	0	253
魔龙黑暗神殿2号	321	161	金爪赤狐王		400	15	40	0	253
魔龙黑暗神殿2号	321	161	火尾黑狐王		400	15	40	0	253
魔龙黑暗神殿2号	321	161	深渊狐月九尾魂石		400	15	40	0	253
魔龙黑暗神殿2号	321	161	深渊狐月帝国卫士		400	15	40	0	253
魔龙黑暗神殿2号	321	161	深渊狐月玉面素狐王		400	15	40	0	253
魔龙黑暗神殿2号	321	161	深渊狐月金爪赤狐王		400	15	40	0	253
魔龙黑暗神殿2号	321	161	深渊狐月火尾黑狐王		400	15	40	0	253
魔龙黑暗神殿2号	321	161	狐月天珠			400	15	60	0	5
魔龙黑暗神殿2号	321	161	深渊狐月狐月天珠		400	15	60	0	5
魔龙黑暗神殿2号	321	161	卢锡安				400	6	80	0	70
魔龙黑暗神殿2号	321	161	塞娜				400	6	80	0	70
魔龙黑暗神殿2号	321	161	源计划·卢锡安			400	3	80	0	70
魔龙黑暗神殿2号	321	161	源计划·塞娜			400	3	80	0	70

魔龙黑暗神殿2号	321	161	瘟疫蘑菇		400	60	30
魔龙黑暗神殿2号	321	161	深渊瘟疫蘑菇		400	30	30
魔龙黑暗神殿2号	321	161	瘟疫使者		400	60	20
魔龙黑暗神殿2号	321	161	瘟疫毒牙		400	60	20
魔龙黑暗神殿2号	321	161	瘟疫金蟾		400	60	20
魔龙黑暗神殿2号	321	161	深渊瘟疫使者		400	60	20
魔龙黑暗神殿2号	321	161	深渊瘟疫毒牙		400	60	20
魔龙黑暗神殿2号	321	161	深渊瘟疫金蟾		400	60	20
魔龙黑暗神殿2号	321	161	瘟疫火鸟		400	15	40	0	253
魔龙黑暗神殿2号	321	161	深渊瘟疫火鸟		400	15	40	0	253
魔龙黑暗神殿2号	321	161	瘟疫弩手		400	15	40	0	253
魔龙黑暗神殿2号	321	161	深渊瘟疫弩手		400	15	40	0	253
魔龙黑暗神殿2号	321	161	深渊瘟疫长老·火	400	3	60	0	5
魔龙黑暗神殿2号	321	161	深渊瘟疫长老·冰	400	3	60	0	5
魔龙黑暗神殿2号	321	161	深渊瘟疫长老·雷	400	3	60	0	5
魔龙黑暗神殿2号	321	161	深渊瘟疫长老·毒	400	3	60	0	5
魔龙黑暗神殿2号	321	161	瘟疫长老·火		400	3	60	0	5
魔龙黑暗神殿2号	321	161	瘟疫长老·冰		400	3	60	0	5
魔龙黑暗神殿2号	321	161	瘟疫长老·雷		400	3	60	0	5
魔龙黑暗神殿2号	321	161	瘟疫长老·毒		400	3	60	0	5
魔龙黑暗神殿2号	321	161	瘟疫统帅		400	3	80	0	70
魔龙黑暗神殿2号	321	161	深渊瘟疫统帅		400	3	80	0	70

魔龙黑暗神殿3号	321	161	暗之魔龙教皇		400	6	80	0	70
魔龙黑暗神殿3号	321	161	魔龙树妖		400	9	60	0	5
魔龙黑暗神殿3号	321	161	魔龙教主		400	9	60	0	5
魔龙黑暗神殿3号	321	161	魔龙战将		400	30	40	0	253
魔龙黑暗神殿3号	321	161	魔龙巨蛾		400	30	40	0	253
魔龙黑暗神殿3号	321	161	魔龙力士		400	30	40	0	253
魔龙黑暗神殿3号	321	161	深渊暗之魔龙教皇	400	3	80	0	70
魔龙黑暗神殿3号	321	161	深渊魔龙树妖		400	9	60	0	5
魔龙黑暗神殿3号	321	161	深渊魔龙教主		400	9	60	0	5
魔龙黑暗神殿3号	321	161	深渊魔龙战将		400	30	40	0	253
魔龙黑暗神殿3号	321	161	深渊魔龙巨蛾		400	30	40	0	253
魔龙黑暗神殿3号	321	161	深渊魔龙力士		400	30	40	0	253

魔龙黑暗神殿3号	321	161	火龙神			400	9	60	0	5
魔龙黑暗神殿3号	321	161	雷炎蛛王		400	9	60	0	5
魔龙黑暗神殿3号	321	161	铁翼巨蛾		400	30	40	0	253
魔龙黑暗神殿3号	321	161	圣殿护卫		400	30	40	0	253
魔龙黑暗神殿3号	321	161	圣殿黄龙		400	30	40	0	253
魔龙黑暗神殿3号	321	161	灵魂收割者		400	30	40	0	253
魔龙黑暗神殿3号	321	161	蓝影刀客		400	30	40	0	253
魔龙黑暗神殿3号	321	161	富贵兽			400	6	80	0	5
魔龙黑暗神殿3号	321	161	伊莉丝			400	6	80	0	70

魔龙黑暗神殿3号	321	161	深渊雷炎火龙神		400	9	60	0	5
魔龙黑暗神殿3号	321	161	深渊雷炎雷炎蛛王	400	9	60	0	5
魔龙黑暗神殿3号	321	161	深渊雷炎铁翼巨蛾	400	30	40	0	253
魔龙黑暗神殿3号	321	161	深渊雷炎圣殿护卫	400	30	40	0	253
魔龙黑暗神殿3号	321	161	深渊雷炎圣殿黄龙	400	30	40	0	253
魔龙黑暗神殿3号	321	161	深渊雷炎灵魂收割者	400	30	40	0	253
魔龙黑暗神殿3号	321	161	深渊雷炎蓝影刀客	400	30	40	0	253
魔龙黑暗神殿3号	321	161	深渊雷炎富贵兽		400	3	80	0	5
魔龙黑暗神殿3号	321	161	蜘蛛女王·伊莉丝	400	3	80	0	70

魔龙黑暗神殿3号	321	161	雪域灭天魔		400	300	30
魔龙黑暗神殿3号	321	161	深渊雪域灭天魔		400	300	30
魔龙黑暗神殿3号	321	161	雪域小魔王		400	9	60	0	5
魔龙黑暗神殿3号	321	161	雪域魔王		400	9	60	0	5
魔龙黑暗神殿3号	321	161	雪域天将		400	30	40	0	253
魔龙黑暗神殿3号	321	161	雪域锻造炉		400	30	40	0	253
魔龙黑暗神殿3号	321	161	深渊雪域小魔王		400	9	60	0	5
魔龙黑暗神殿3号	321	161	深渊雪域魔王		400	9	60	0	5
魔龙黑暗神殿3号	321	161	深渊雪域天将		400	30	40	0	253
魔龙黑暗神殿3号	321	161	深渊雪域锻造炉		400	30	40	0	253
魔龙黑暗神殿3号	321	161	史蒂芬·斯特兰奇	400	6	80	0	70
魔龙黑暗神殿3号	321	161	至尊法师·史蒂芬·斯特兰奇	400	3	80	0	70
魔龙黑暗神殿3号	321	161	迷途之人的怨念		400	30	40	0	253
魔龙黑暗神殿3号	321	161	沙漠行军蚁后		400	30	40	0	253
魔龙黑暗神殿3号	321	161	独行的烈焰法师		400	30	40	0	253
魔龙黑暗神殿3号	321	161	沙漠公主		400	15	60	0	5
魔龙黑暗神殿3号	321	161	沙漠领主		400	6	80	0	70
魔龙黑暗神殿3号	321	161	深渊石原迷途之人的怨念		400	30	40	0	253
魔龙黑暗神殿3号	321	161	深渊石原沙漠行军蚁后		400	30	40	0	253
魔龙黑暗神殿3号	321	161	深渊石原独行的烈焰法师		400	30	40	0	253
魔龙黑暗神殿3号	321	161	深渊石原沙漠公主		400	15	60	0	5
魔龙黑暗神殿3号	321	161	深渊石原沙漠领主		400	3	80	0	70
魔龙黑暗神殿3号	321	161	半兽人统帅			400	60	40	0	253
魔龙黑暗神殿3号	321	161	半兽人首领			400	9	60	0	5
魔龙黑暗神殿3号	321	161	兽人巨怪			400	9	60	0	5
魔龙黑暗神殿3号	321	161	简·福斯特			400	6	80	0	70
魔龙黑暗神殿3号	321	161	深渊陵墓半兽人统帅		400	60	40	0	253
魔龙黑暗神殿3号	321	161	深渊陵墓半兽人首领		400	9	60	0	5
魔龙黑暗神殿3号	321	161	深渊陵墓兽人巨怪		400	9	60	0	5
魔龙黑暗神殿3号	321	161	女雷神·简·福斯特		400	6	80	0	70
魔龙黑暗神殿3号	321	161	九尾魂石		400	15	40	0	253
魔龙黑暗神殿3号	321	161	帝国卫士		400	15	40	0	253
魔龙黑暗神殿3号	321	161	玉面素狐王		400	15	40	0	253
魔龙黑暗神殿3号	321	161	金爪赤狐王		400	15	40	0	253
魔龙黑暗神殿3号	321	161	火尾黑狐王		400	15	40	0	253
魔龙黑暗神殿3号	321	161	深渊狐月九尾魂石		400	15	40	0	253
魔龙黑暗神殿3号	321	161	深渊狐月帝国卫士		400	15	40	0	253
魔龙黑暗神殿3号	321	161	深渊狐月玉面素狐王		400	15	40	0	253
魔龙黑暗神殿3号	321	161	深渊狐月金爪赤狐王		400	15	40	0	253
魔龙黑暗神殿3号	321	161	深渊狐月火尾黑狐王		400	15	40	0	253
魔龙黑暗神殿3号	321	161	狐月天珠			400	15	60	0	5
魔龙黑暗神殿3号	321	161	深渊狐月狐月天珠		400	15	60	0	5
魔龙黑暗神殿3号	321	161	卢锡安				400	6	80	0	70
魔龙黑暗神殿3号	321	161	塞娜				400	6	80	0	70
魔龙黑暗神殿3号	321	161	源计划·卢锡安			400	3	80	0	70
魔龙黑暗神殿3号	321	161	源计划·塞娜			400	3	80	0	70

魔龙黑暗神殿3号	321	161	瘟疫蘑菇		400	60	30
魔龙黑暗神殿3号	321	161	深渊瘟疫蘑菇		400	30	30
魔龙黑暗神殿3号	321	161	瘟疫使者		400	60	20
魔龙黑暗神殿3号	321	161	瘟疫毒牙		400	60	20
魔龙黑暗神殿3号	321	161	瘟疫金蟾		400	60	20
魔龙黑暗神殿3号	321	161	深渊瘟疫使者		400	60	20
魔龙黑暗神殿3号	321	161	深渊瘟疫毒牙		400	60	20
魔龙黑暗神殿3号	321	161	深渊瘟疫金蟾		400	60	20
魔龙黑暗神殿3号	321	161	瘟疫火鸟		400	15	40	0	253
魔龙黑暗神殿3号	321	161	深渊瘟疫火鸟		400	15	40	0	253
魔龙黑暗神殿3号	321	161	瘟疫弩手		400	15	40	0	253
魔龙黑暗神殿3号	321	161	深渊瘟疫弩手		400	15	40	0	253
魔龙黑暗神殿3号	321	161	深渊瘟疫长老·火	400	3	60	0	5
魔龙黑暗神殿3号	321	161	深渊瘟疫长老·冰	400	3	60	0	5
魔龙黑暗神殿3号	321	161	深渊瘟疫长老·雷	400	3	60	0	5
魔龙黑暗神殿3号	321	161	深渊瘟疫长老·毒	400	3	60	0	5
魔龙黑暗神殿3号	321	161	瘟疫长老·火		400	3	60	0	5
魔龙黑暗神殿3号	321	161	瘟疫长老·冰		400	3	60	0	5
魔龙黑暗神殿3号	321	161	瘟疫长老·雷		400	3	60	0	5
魔龙黑暗神殿3号	321	161	瘟疫长老·毒		400	3	60	0	5
魔龙黑暗神殿3号	321	161	瘟疫统帅		400	3	80	0	70
魔龙黑暗神殿3号	321	161	深渊瘟疫统帅		400	3	80	0	70

魔龙黑暗神殿4号	321	161	暗之魔龙教皇		400	6	80	0	70
魔龙黑暗神殿4号	321	161	魔龙树妖		400	9	60	0	5
魔龙黑暗神殿4号	321	161	魔龙教主		400	9	60	0	5
魔龙黑暗神殿4号	321	161	魔龙战将		400	30	40	0	253
魔龙黑暗神殿4号	321	161	魔龙巨蛾		400	30	40	0	253
魔龙黑暗神殿4号	321	161	魔龙力士		400	30	40	0	253
魔龙黑暗神殿4号	321	161	深渊暗之魔龙教皇	400	3	80	0	70
魔龙黑暗神殿4号	321	161	深渊魔龙树妖		400	9	60	0	5
魔龙黑暗神殿4号	321	161	深渊魔龙教主		400	9	60	0	5
魔龙黑暗神殿4号	321	161	深渊魔龙战将		400	30	40	0	253
魔龙黑暗神殿4号	321	161	深渊魔龙巨蛾		400	30	40	0	253
魔龙黑暗神殿4号	321	161	深渊魔龙力士		400	30	40	0	253

魔龙黑暗神殿4号	321	161	火龙神			400	9	60	0	5
魔龙黑暗神殿4号	321	161	雷炎蛛王		400	9	60	0	5
魔龙黑暗神殿4号	321	161	铁翼巨蛾		400	30	40	0	253
魔龙黑暗神殿4号	321	161	圣殿护卫		400	30	40	0	253
魔龙黑暗神殿4号	321	161	圣殿黄龙		400	30	40	0	253
魔龙黑暗神殿4号	321	161	灵魂收割者		400	30	40	0	253
魔龙黑暗神殿4号	321	161	蓝影刀客		400	30	40	0	253
魔龙黑暗神殿4号	321	161	富贵兽			400	6	80	0	5
魔龙黑暗神殿4号	321	161	伊莉丝			400	6	80	0	70

魔龙黑暗神殿4号	321	161	深渊雷炎火龙神		400	9	60	0	5
魔龙黑暗神殿4号	321	161	深渊雷炎雷炎蛛王	400	9	60	0	5
魔龙黑暗神殿4号	321	161	深渊雷炎铁翼巨蛾	400	30	40	0	253
魔龙黑暗神殿4号	321	161	深渊雷炎圣殿护卫	400	30	40	0	253
魔龙黑暗神殿4号	321	161	深渊雷炎圣殿黄龙	400	30	40	0	253
魔龙黑暗神殿4号	321	161	深渊雷炎灵魂收割者	400	30	40	0	253
魔龙黑暗神殿4号	321	161	深渊雷炎蓝影刀客	400	30	40	0	253
魔龙黑暗神殿4号	321	161	深渊雷炎富贵兽		400	3	80	0	5
魔龙黑暗神殿4号	321	161	蜘蛛女王·伊莉丝	400	3	80	0	70

魔龙黑暗神殿4号	321	161	雪域灭天魔		400	300	30
魔龙黑暗神殿4号	321	161	深渊雪域灭天魔		400	300	30
魔龙黑暗神殿4号	321	161	雪域小魔王		400	9	60	0	5
魔龙黑暗神殿4号	321	161	雪域魔王		400	9	60	0	5
魔龙黑暗神殿4号	321	161	雪域天将		400	30	40	0	253
魔龙黑暗神殿4号	321	161	雪域锻造炉		400	30	40	0	253
魔龙黑暗神殿4号	321	161	深渊雪域小魔王		400	9	60	0	5
魔龙黑暗神殿4号	321	161	深渊雪域魔王		400	9	60	0	5
魔龙黑暗神殿4号	321	161	深渊雪域天将		400	30	40	0	253
魔龙黑暗神殿4号	321	161	深渊雪域锻造炉		400	30	40	0	253
魔龙黑暗神殿4号	321	161	史蒂芬·斯特兰奇	400	6	80	0	70
魔龙黑暗神殿4号	321	161	至尊法师·史蒂芬·斯特兰奇	400	3	80	0	70
魔龙黑暗神殿4号	321	161	迷途之人的怨念		400	30	40	0	253
魔龙黑暗神殿4号	321	161	沙漠行军蚁后		400	30	40	0	253
魔龙黑暗神殿4号	321	161	独行的烈焰法师		400	30	40	0	253
魔龙黑暗神殿4号	321	161	沙漠公主		400	15	60	0	5
魔龙黑暗神殿4号	321	161	沙漠领主		400	6	80	0	70
魔龙黑暗神殿4号	321	161	深渊石原迷途之人的怨念		400	30	40	0	253
魔龙黑暗神殿4号	321	161	深渊石原沙漠行军蚁后		400	30	40	0	253
魔龙黑暗神殿4号	321	161	深渊石原独行的烈焰法师		400	30	40	0	253
魔龙黑暗神殿4号	321	161	深渊石原沙漠公主		400	15	60	0	5
魔龙黑暗神殿4号	321	161	深渊石原沙漠领主		400	3	80	0	70
魔龙黑暗神殿4号	321	161	半兽人统帅			400	60	40	0	253
魔龙黑暗神殿4号	321	161	半兽人首领			400	9	60	0	5
魔龙黑暗神殿4号	321	161	兽人巨怪			400	9	60	0	5
魔龙黑暗神殿4号	321	161	简·福斯特			400	6	80	0	70
魔龙黑暗神殿4号	321	161	深渊陵墓半兽人统帅		400	60	40	0	253
魔龙黑暗神殿4号	321	161	深渊陵墓半兽人首领		400	9	60	0	5
魔龙黑暗神殿4号	321	161	深渊陵墓兽人巨怪		400	9	60	0	5
魔龙黑暗神殿4号	321	161	女雷神·简·福斯特		400	6	80	0	70
魔龙黑暗神殿4号	321	161	九尾魂石		400	15	40	0	253
魔龙黑暗神殿4号	321	161	帝国卫士		400	15	40	0	253
魔龙黑暗神殿4号	321	161	玉面素狐王		400	15	40	0	253
魔龙黑暗神殿4号	321	161	金爪赤狐王		400	15	40	0	253
魔龙黑暗神殿4号	321	161	火尾黑狐王		400	15	40	0	253
魔龙黑暗神殿4号	321	161	深渊狐月九尾魂石		400	15	40	0	253
魔龙黑暗神殿4号	321	161	深渊狐月帝国卫士		400	15	40	0	253
魔龙黑暗神殿4号	321	161	深渊狐月玉面素狐王		400	15	40	0	253
魔龙黑暗神殿4号	321	161	深渊狐月金爪赤狐王		400	15	40	0	253
魔龙黑暗神殿4号	321	161	深渊狐月火尾黑狐王		400	15	40	0	253
魔龙黑暗神殿4号	321	161	狐月天珠			400	15	60	0	5
魔龙黑暗神殿4号	321	161	深渊狐月狐月天珠		400	15	60	0	5
魔龙黑暗神殿4号	321	161	卢锡安				400	6	80	0	70
魔龙黑暗神殿4号	321	161	塞娜				400	6	80	0	70
魔龙黑暗神殿4号	321	161	源计划·卢锡安			400	3	80	0	70
魔龙黑暗神殿4号	321	161	源计划·塞娜			400	3	80	0	70

魔龙黑暗神殿4号	321	161	瘟疫蘑菇		400	60	30
魔龙黑暗神殿4号	321	161	深渊瘟疫蘑菇		400	30	30
魔龙黑暗神殿4号	321	161	瘟疫使者		400	60	20
魔龙黑暗神殿4号	321	161	瘟疫毒牙		400	60	20
魔龙黑暗神殿4号	321	161	瘟疫金蟾		400	60	20
魔龙黑暗神殿4号	321	161	深渊瘟疫使者		400	60	20
魔龙黑暗神殿4号	321	161	深渊瘟疫毒牙		400	60	20
魔龙黑暗神殿4号	321	161	深渊瘟疫金蟾		400	60	20
魔龙黑暗神殿4号	321	161	瘟疫火鸟		400	15	40	0	253
魔龙黑暗神殿4号	321	161	深渊瘟疫火鸟		400	15	40	0	253
魔龙黑暗神殿4号	321	161	瘟疫弩手		400	15	40	0	253
魔龙黑暗神殿4号	321	161	深渊瘟疫弩手		400	15	40	0	253
魔龙黑暗神殿4号	321	161	深渊瘟疫长老·火	400	3	60	0	5
魔龙黑暗神殿4号	321	161	深渊瘟疫长老·冰	400	3	60	0	5
魔龙黑暗神殿4号	321	161	深渊瘟疫长老·雷	400	3	60	0	5
魔龙黑暗神殿4号	321	161	深渊瘟疫长老·毒	400	3	60	0	5
魔龙黑暗神殿4号	321	161	瘟疫长老·火		400	3	60	0	5
魔龙黑暗神殿4号	321	161	瘟疫长老·冰		400	3	60	0	5
魔龙黑暗神殿4号	321	161	瘟疫长老·雷		400	3	60	0	5
魔龙黑暗神殿4号	321	161	瘟疫长老·毒		400	3	60	0	5
魔龙黑暗神殿4号	321	161	瘟疫统帅		400	3	80	0	70
魔龙黑暗神殿4号	321	161	深渊瘟疫统帅		400	3	80	0	70


魔龙黑暗神殿5号	321	161	暗之魔龙教皇		400	6	80	0	70
魔龙黑暗神殿5号	321	161	魔龙树妖		400	9	60	0	5
魔龙黑暗神殿5号	321	161	魔龙教主		400	9	60	0	5
魔龙黑暗神殿5号	321	161	魔龙战将		400	30	40	0	253
魔龙黑暗神殿5号	321	161	魔龙巨蛾		400	30	40	0	253
魔龙黑暗神殿5号	321	161	魔龙力士		400	30	40	0	253
魔龙黑暗神殿5号	321	161	深渊暗之魔龙教皇	400	3	80	0	70
魔龙黑暗神殿5号	321	161	深渊魔龙树妖		400	9	60	0	5
魔龙黑暗神殿5号	321	161	深渊魔龙教主		400	9	60	0	5
魔龙黑暗神殿5号	321	161	深渊魔龙战将		400	30	40	0	253
魔龙黑暗神殿5号	321	161	深渊魔龙巨蛾		400	30	40	0	253
魔龙黑暗神殿5号	321	161	深渊魔龙力士		400	30	40	0	253

魔龙黑暗神殿5号	321	161	火龙神			400	9	60	0	5
魔龙黑暗神殿5号	321	161	雷炎蛛王		400	9	60	0	5
魔龙黑暗神殿5号	321	161	铁翼巨蛾		400	30	40	0	253
魔龙黑暗神殿5号	321	161	圣殿护卫		400	30	40	0	253
魔龙黑暗神殿5号	321	161	圣殿黄龙		400	30	40	0	253
魔龙黑暗神殿5号	321	161	灵魂收割者		400	30	40	0	253
魔龙黑暗神殿5号	321	161	蓝影刀客		400	30	40	0	253
魔龙黑暗神殿5号	321	161	富贵兽			400	6	80	0	5
魔龙黑暗神殿5号	321	161	伊莉丝			400	6	80	0	70

魔龙黑暗神殿5号	321	161	深渊雷炎火龙神		400	9	60	0	5
魔龙黑暗神殿5号	321	161	深渊雷炎雷炎蛛王	400	9	60	0	5
魔龙黑暗神殿5号	321	161	深渊雷炎铁翼巨蛾	400	30	40	0	253
魔龙黑暗神殿5号	321	161	深渊雷炎圣殿护卫	400	30	40	0	253
魔龙黑暗神殿5号	321	161	深渊雷炎圣殿黄龙	400	30	40	0	253
魔龙黑暗神殿5号	321	161	深渊雷炎灵魂收割者	400	30	40	0	253
魔龙黑暗神殿5号	321	161	深渊雷炎蓝影刀客	400	30	40	0	253
魔龙黑暗神殿5号	321	161	深渊雷炎富贵兽		400	3	80	0	5
魔龙黑暗神殿5号	321	161	蜘蛛女王·伊莉丝	400	3	80	0	70

魔龙黑暗神殿5号	321	161	雪域灭天魔		400	300	30
魔龙黑暗神殿5号	321	161	深渊雪域灭天魔		400	300	30
魔龙黑暗神殿5号	321	161	雪域小魔王		400	9	60	0	5
魔龙黑暗神殿5号	321	161	雪域魔王		400	9	60	0	5
魔龙黑暗神殿5号	321	161	雪域天将		400	30	40	0	253
魔龙黑暗神殿5号	321	161	雪域锻造炉		400	30	40	0	253
魔龙黑暗神殿5号	321	161	深渊雪域小魔王		400	9	60	0	5
魔龙黑暗神殿5号	321	161	深渊雪域魔王		400	9	60	0	5
魔龙黑暗神殿5号	321	161	深渊雪域天将		400	30	40	0	253
魔龙黑暗神殿5号	321	161	深渊雪域锻造炉		400	30	40	0	253
魔龙黑暗神殿5号	321	161	史蒂芬·斯特兰奇	400	6	80	0	70
魔龙黑暗神殿5号	321	161	至尊法师·史蒂芬·斯特兰奇	400	3	80	0	70
魔龙黑暗神殿5号	321	161	迷途之人的怨念		400	30	40	0	253
魔龙黑暗神殿5号	321	161	沙漠行军蚁后		400	30	40	0	253
魔龙黑暗神殿5号	321	161	独行的烈焰法师		400	30	40	0	253
魔龙黑暗神殿5号	321	161	沙漠公主		400	15	60	0	5
魔龙黑暗神殿5号	321	161	沙漠领主		400	6	80	0	70
魔龙黑暗神殿5号	321	161	深渊石原迷途之人的怨念		400	30	40	0	253
魔龙黑暗神殿5号	321	161	深渊石原沙漠行军蚁后		400	30	40	0	253
魔龙黑暗神殿5号	321	161	深渊石原独行的烈焰法师		400	30	40	0	253
魔龙黑暗神殿5号	321	161	深渊石原沙漠公主		400	15	60	0	5
魔龙黑暗神殿5号	321	161	深渊石原沙漠领主		400	3	80	0	70
魔龙黑暗神殿5号	321	161	半兽人统帅			400	60	40	0	253
魔龙黑暗神殿5号	321	161	半兽人首领			400	9	60	0	5
魔龙黑暗神殿5号	321	161	兽人巨怪			400	9	60	0	5
魔龙黑暗神殿5号	321	161	简·福斯特			400	6	80	0	70
魔龙黑暗神殿5号	321	161	深渊陵墓半兽人统帅		400	60	40	0	253
魔龙黑暗神殿5号	321	161	深渊陵墓半兽人首领		400	9	60	0	5
魔龙黑暗神殿5号	321	161	深渊陵墓兽人巨怪		400	9	60	0	5
魔龙黑暗神殿5号	321	161	女雷神·简·福斯特		400	6	80	0	70
魔龙黑暗神殿5号	321	161	九尾魂石		400	15	40	0	253
魔龙黑暗神殿5号	321	161	帝国卫士		400	15	40	0	253
魔龙黑暗神殿5号	321	161	玉面素狐王		400	15	40	0	253
魔龙黑暗神殿5号	321	161	金爪赤狐王		400	15	40	0	253
魔龙黑暗神殿5号	321	161	火尾黑狐王		400	15	40	0	253
魔龙黑暗神殿5号	321	161	深渊狐月九尾魂石		400	15	40	0	253
魔龙黑暗神殿5号	321	161	深渊狐月帝国卫士		400	15	40	0	253
魔龙黑暗神殿5号	321	161	深渊狐月玉面素狐王		400	15	40	0	253
魔龙黑暗神殿5号	321	161	深渊狐月金爪赤狐王		400	15	40	0	253
魔龙黑暗神殿5号	321	161	深渊狐月火尾黑狐王		400	15	40	0	253
魔龙黑暗神殿5号	321	161	狐月天珠			400	15	60	0	5
魔龙黑暗神殿5号	321	161	深渊狐月狐月天珠		400	15	60	0	5
魔龙黑暗神殿5号	321	161	卢锡安				400	6	80	0	70
魔龙黑暗神殿5号	321	161	塞娜				400	6	80	0	70
魔龙黑暗神殿5号	321	161	源计划·卢锡安			400	3	80	0	70
魔龙黑暗神殿5号	321	161	源计划·塞娜			400	3	80	0	70

魔龙黑暗神殿5号	321	161	瘟疫蘑菇		400	60	30
魔龙黑暗神殿5号	321	161	深渊瘟疫蘑菇		400	30	30
魔龙黑暗神殿5号	321	161	瘟疫使者		400	60	20
魔龙黑暗神殿5号	321	161	瘟疫毒牙		400	60	20
魔龙黑暗神殿5号	321	161	瘟疫金蟾		400	60	20
魔龙黑暗神殿5号	321	161	深渊瘟疫使者		400	60	20
魔龙黑暗神殿5号	321	161	深渊瘟疫毒牙		400	60	20
魔龙黑暗神殿5号	321	161	深渊瘟疫金蟾		400	60	20
魔龙黑暗神殿5号	321	161	瘟疫火鸟		400	15	40	0	253
魔龙黑暗神殿5号	321	161	深渊瘟疫火鸟		400	15	40	0	253
魔龙黑暗神殿5号	321	161	瘟疫弩手		400	15	40	0	253
魔龙黑暗神殿5号	321	161	深渊瘟疫弩手		400	15	40	0	253
魔龙黑暗神殿5号	321	161	深渊瘟疫长老·火	400	3	60	0	5
魔龙黑暗神殿5号	321	161	深渊瘟疫长老·冰	400	3	60	0	5
魔龙黑暗神殿5号	321	161	深渊瘟疫长老·雷	400	3	60	0	5
魔龙黑暗神殿5号	321	161	深渊瘟疫长老·毒	400	3	60	0	5
魔龙黑暗神殿5号	321	161	瘟疫长老·火		400	3	60	0	5
魔龙黑暗神殿5号	321	161	瘟疫长老·冰		400	3	60	0	5
魔龙黑暗神殿5号	321	161	瘟疫长老·雷		400	3	60	0	5
魔龙黑暗神殿5号	321	161	瘟疫长老·毒		400	3	60	0	5
魔龙黑暗神殿5号	321	161	瘟疫统帅		400	3	80	0	70
魔龙黑暗神殿5号	321	161	深渊瘟疫统帅		400	3	80	0	70

bsr03 300 300 恶性怪 		300	100 	20  
bsr03 300 300 触角神魔 		300	100 	20
bsr03 300 300 爆毒神魔 		300	100 	20
bsr03 300 300 红衣法师 		300	200 	20
bsr03 300 300 风魔 		300	100 	20
bsr03 300 300 法老 		300	100 	20
bsr03 300 300 巨象兽 		300	100 	20
bsr03 300 300 巨型沙虫 		300	100 	20
bsr03 300 300 沙漠秃鹰 		300	100 	20
bsr03 300 300 沙漠石人 		300	100 	20
bsr03 300 300 迷途之人的怨念	300	8  	40	0	253
bsr03 300 300 沙漠行军蚁后	300	8  	40	0	253
bsr03 300 300 独行的烈焰法师	300 	8  	40	0	253
bsr03 300 300 沙漠公主		300 	3  	60	0	5
bsr03 300 300 沙漠领主		300 	2  	80	0	70
bsr01 113 101 恶性怪 		100	30 	20  
bsr01 113 101 触角神魔 		100	30 	20
bsr01 113 101 爆毒神魔 		100	30 	20
bsr01 113 101 红衣法师 		100	60 	20
bsr01 113 101 风魔 		100	30 	20
bsr01 113 101 法老 		100	30 	20
bsr01 113 101 巨象兽 		100	30 	20
bsr01 113 101 巨型沙虫 		100	30 	20
bsr01 113 101 沙漠秃鹰 		100	30 	20
bsr01 113 101 沙漠石人 		100	30 	20
bsr01 113 101 迷途之人的怨念	100	3  	40	0	253
bsr01 113 101 沙漠行军蚁后	100	3  	40	0	253
bsr01 113 101 独行的烈焰法师	100 	3  	40	0	253
bsr01 113 101 沙漠公主		100 	1  	60	0	5
bsr02 150 150 恶性怪 		100	50 	20  
bsr02 150 150 触角神魔 		100	50 	20
bsr02 150 150 爆毒神魔 		100	50 	20
bsr02 150 150 红衣法师 		100	100 	20
bsr02 150 150 风魔 		100	50 	20
bsr02 150 150 法老 		100	50 	20
bsr02 150 150 巨象兽 		100	50 	20
bsr02 150 150 巨型沙虫 		100	50 	20
bsr02 150 150 沙漠秃鹰 		100	50 	20
bsr02 150 150 沙漠石人 		100	50 	20
bsr02 150 150 迷途之人的怨念	100	3  	40	0	253
bsr02 150 150 沙漠行军蚁后	100	3  	40	0	253
bsr02 150 150 独行的烈焰法师	100 	3  	40	0	253
bsr02 150 150 沙漠公主		100 	2  	60	0	5
bsrlm 34 34 恶性怪 		30	10 	20  
bsrlm 34 34 触角神魔 		30	10 	20
bsrlm 34 34 爆毒神魔 		30	10 	20
bsrlm 34 34 红衣法师 		30	40 	20
bsrlm 34 34 风魔 		30	10 	20
bsrlm 34 34 法老 		30	10 	20
bsrlm 34 34 巨象兽 		30	10 	20
bsrlm 34 34 巨型沙虫 		30	10 	20
bsrlm 34 34 沙漠秃鹰 		30	10 	20
bsrlm 34 34 沙漠石人 		30	10 	20
bsrlm 34 34 迷途之人的怨念	30	3  	40	0	253
bsrlm 34 34 沙漠行军蚁后	30	3  	40	0	253
bsrlm 34 34 独行的烈焰法师	30 	3  	40	0	253
bsrlm 34 34 沙漠公主		30 	2  	60	0	5
bsrlm 34 34 沙漠领主		30 	1  	80	0	70


SY_bsr03 300 300 深渊石原恶性怪 		300	100 	20  
SY_bsr03 300 300 深渊石原触角神魔 		300	100 	20
SY_bsr03 300 300 深渊石原爆毒神魔 		300	100 	20
SY_bsr03 300 300 深渊石原红衣法师 		300	200 	20
SY_bsr03 300 300 深渊石原风魔 			300	100 	20
SY_bsr03 300 300 深渊石原法老 			300	100 	20
SY_bsr03 300 300 深渊石原巨象兽 		300	100 	20
SY_bsr03 300 300 深渊石原巨型沙虫 		300	100 	20
SY_bsr03 300 300 深渊石原沙漠秃鹰 		300	100 	20
SY_bsr03 300 300 深渊石原沙漠石人 		300	100 	20
SY_bsr03 300 300 深渊石原迷途之人的怨念		300	8  	40	0	253
SY_bsr03 300 300 深渊石原沙漠行军蚁后		300	8  	40	0	253
SY_bsr03 300 300 深渊石原独行的烈焰法师		300 	8  	40	0	253
SY_bsr03 300 300 深渊石原沙漠公主		300 	3  	60	0	5
SY_bsr03 300 300 深渊石原沙漠领主		300 	2  	80	0	70
SY_bsr01 113 101 深渊石原恶性怪 		100	30 	20  
SY_bsr01 113 101 深渊石原触角神魔 		100	30 	20
SY_bsr01 113 101 深渊石原爆毒神魔 		100	30 	20
SY_bsr01 113 101 深渊石原红衣法师 		100	60 	20
SY_bsr01 113 101 深渊石原风魔 			100	30 	20
SY_bsr01 113 101 深渊石原法老 			100	30 	20
SY_bsr01 113 101 深渊石原巨象兽 		100	30 	20
SY_bsr01 113 101 深渊石原巨型沙虫 		100	30 	20
SY_bsr01 113 101 深渊石原沙漠秃鹰 		100	30 	20
SY_bsr01 113 101 深渊石原沙漠石人 		100	30 	20
SY_bsr01 113 101 深渊石原迷途之人的怨念		100	3  	40	0	253
SY_bsr01 113 101 深渊石原沙漠行军蚁后		100	3  	40	0	253
SY_bsr01 113 101 深渊石原独行的烈焰法师		100 	3  	40	0	253
SY_bsr01 113 101 深渊石原沙漠公主		100 	1  	60	0	5
SY_bsr02 150 150 深渊石原恶性怪 		100	50 	20  
SY_bsr02 150 150 深渊石原触角神魔 		100	50 	20
SY_bsr02 150 150 深渊石原爆毒神魔 		100	50 	20
SY_bsr02 150 150 深渊石原红衣法师 		100	100 	20
SY_bsr02 150 150 深渊石原风魔 			100	50 	20
SY_bsr02 150 150 深渊石原法老 			100	50 	20
SY_bsr02 150 150 深渊石原巨象兽 		100	50 	20
SY_bsr02 150 150 深渊石原巨型沙虫 		100	50 	20
SY_bsr02 150 150 深渊石原沙漠秃鹰 		100	50 	20
SY_bsr02 150 150 深渊石原沙漠石人 		100	50 	20
SY_bsr02 150 150 深渊石原迷途之人的怨念		100	3  	40	0	253
SY_bsr02 150 150 深渊石原沙漠行军蚁后		100	3  	40	0	253
SY_bsr02 150 150 深渊石原独行的烈焰法师		100 	3  	40	0	253
SY_bsr02 150 150 深渊石原沙漠公主		100 	2  	60	0	5
SY_bsrlm 34  34  深渊石原恶性怪 		30	10 	20  
SY_bsrlm 34  34  深渊石原触角神魔 		30	10 	20
SY_bsrlm 34  34  深渊石原爆毒神魔 		30	10 	20
SY_bsrlm 34  34  深渊石原红衣法师 		30	40 	20
SY_bsrlm 34  34  深渊石原风魔 			30	10 	20
SY_bsrlm 34  34  深渊石原法老 			30	10 	20
SY_bsrlm 34  34  深渊石原巨象兽 		30	10 	20
SY_bsrlm 34  34  深渊石原巨型沙虫 		30	10 	20
SY_bsrlm 34  34  深渊石原沙漠秃鹰 		30	10 	20
SY_bsrlm 34  34  深渊石原沙漠石人 		30	10 	20
SY_bsrlm 34  34  深渊石原迷途之人的怨念		30	3  	40	0	253
SY_bsrlm 34  34  深渊石原沙漠行军蚁后		30	3  	40	0	253
SY_bsrlm 34  34  深渊石原独行的烈焰法师		30 	3  	40	0	253
SY_bsrlm 34  34  深渊石原沙漠公主		30 	2  	60	0	5
SY_bsrlm 34  34  深渊石原沙漠领主		30 	1  	80	0	70
bsrlm01 148 148 半兽人巡逻兵 		200	100 	20
bsrlm01 148 148 半兽人矿工 		200	100 	20
bsrlm01 148 148 半兽人长矛兵 		200	100 	20
bsrlm01 148 148 半兽人狂战士 		200	100 	20
bsrlm01 148 148 半兽人驯兽师 		200	100 	20
bsrlm01 148 148 半兽人骑兵 		200	100 	20
bsrlm01 148 148 半兽人巫医 		200	100 	20
bsrlm01 148 148 半兽人厨师 		200	100 	20
bsrlm01 148 148 半兽人战将 		200	100 	20
bsrlm01 148 148 半兽人统帅 		200	9 	40	0	253
bsrlm01 148 148 半兽人首领 		200	1 	60	0	5
bsrlm01 148 148 兽人巨怪 		200	1 	60	0	5
bsrlm02 100 100 半兽人巡逻兵 		100	100 	20
bsrlm02 100 100 半兽人矿工 		100	100 	20
bsrlm02 100 100 半兽人长矛兵 		100	100 	20
bsrlm02 100 100 半兽人狂战士 		100	100 	20
bsrlm02 100 100 半兽人驯兽师 		100	100 	20
bsrlm02 100 100 半兽人骑兵 		100	100 	20
bsrlm02 100 100 半兽人巫医 		100	100 	20
bsrlm02 100 100 半兽人厨师 		100	100 	20
bsrlm02 100 100 半兽人战将 		100	100 	20
bsrlm02 100 100 半兽人统帅 		100	9 	40	0	253
bsrlm02 100 100 半兽人首领 		100	1 	60	0	5
bsrlm02 100 100 兽人巨怪 		100	1 	60	0	5
bsrlm03 72 76 半兽人巡逻兵 		80	30 	20
bsrlm03 72 76 半兽人矿工 		80	30 	20
bsrlm03 72 76 半兽人长矛兵 		80	30 	20
bsrlm03 72 76 半兽人狂战士 		80	30 	20
bsrlm03 72 76 半兽人驯兽师 		80	30 	20
bsrlm03 72 76 半兽人骑兵 		80	30 	20
bsrlm03 72 76 半兽人巫医 		80	30 	20
bsrlm03 72 76 半兽人厨师 		80	30 	20
bsrlm03 72 76 半兽人战将 		80	30 	20
bsrlm03 72 76 半兽人统帅 		80	5 	40	0	253
bsrlm03 72 76 半兽人首领 		80	1 	60	0	5
bsrlm03 72 76 兽人巨怪 			80	1 	60	0	5
bsrlm04 127 122 半兽人巡逻兵 		100	50 	20
bsrlm04 127 122 半兽人矿工 		100	50 	20
bsrlm04 127 122 半兽人长矛兵 		100	50 	20
bsrlm04 127 122 半兽人狂战士 		100	50 	20
bsrlm04 127 122 半兽人驯兽师 		100	50 	20
bsrlm04 127 122 半兽人骑兵 		100	50 	20
bsrlm04 127 122 半兽人巫医 		100	50 	20
bsrlm04 127 122 半兽人厨师 		100	50 	20
bsrlm04 127 122 半兽人战将 		100	50 	20
bsrlm04 127 122 半兽人统帅 		100	9 	40	0	253
bsrlm04 127 122 半兽人首领 		100	2 	60	0	5
bsrlm04 127 122 兽人巨怪 		100	2 	60	0	5
bsrlm04 127 122 简·福斯特 		100	1 	80	0	70
bsrlm05 56 39 半兽人巡逻兵 		50	30 	20
bsrlm05 56 39 半兽人矿工 		50	30 	20
bsrlm05 56 39 半兽人长矛兵 		50	30 	20
bsrlm05 56 39 半兽人狂战士 		50	30 	20
bsrlm05 56 39 半兽人驯兽师 		50	30 	20
bsrlm05 56 39 半兽人骑兵 		50	30 	20
bsrlm05 56 39 半兽人巫医 		50	30 	20
bsrlm05 56 39 半兽人厨师 		50	30 	20
bsrlm05 56 39 半兽人战将 		50	30 	20
bsrlm05 56 39 半兽人统帅 		50	5 	40	0	253
bsrlm05 56 39 半兽人首领 		3	2 	60	0	5
bsrlm05 56 39 兽人巨怪 			3	2 	60	0	5
bsrlm05 56 39 简·福斯特 		0	1 	80	0	70

SY_bsrlm01 148 148 深渊陵墓半兽人巡逻兵 		200	100 	20
SY_bsrlm01 148 148 深渊陵墓半兽人矿工 			200	100 	20
SY_bsrlm01 148 148 深渊陵墓半兽人长矛兵 		200	100 	20
SY_bsrlm01 148 148 深渊陵墓半兽人狂战士 		200	100 	20
SY_bsrlm01 148 148 深渊陵墓半兽人驯兽师 		200	100 	20
SY_bsrlm01 148 148 深渊陵墓半兽人骑兵 			200	100 	20
SY_bsrlm01 148 148 深渊陵墓半兽人巫医 			200	100 	20
SY_bsrlm01 148 148 深渊陵墓半兽人厨师 			200	100 	20
SY_bsrlm01 148 148 深渊陵墓半兽人战将 			200	100 	20
SY_bsrlm01 148 148 深渊陵墓半兽人统帅 			200	9 	40	0	253
SY_bsrlm01 148 148 深渊陵墓半兽人首领 			200	1 	60	0	5
SY_bsrlm01 148 148 深渊陵墓兽人巨怪 			200	1 	60	0	5
SY_bsrlm02 100 100 深渊陵墓半兽人巡逻兵 		100	100 	20
SY_bsrlm02 100 100 深渊陵墓半兽人矿工 			100	100 	20
SY_bsrlm02 100 100 深渊陵墓半兽人长矛兵 		100	100 	20
SY_bsrlm02 100 100 深渊陵墓半兽人狂战士 		100	100 	20
SY_bsrlm02 100 100 深渊陵墓半兽人驯兽师 		100	100 	20
SY_bsrlm02 100 100 深渊陵墓半兽人骑兵 			100	100 	20
SY_bsrlm02 100 100 深渊陵墓半兽人巫医 			100	100 	20
SY_bsrlm02 100 100 深渊陵墓半兽人厨师 			100	100 	20
SY_bsrlm02 100 100 深渊陵墓半兽人战将 			100	100 	20
SY_bsrlm02 100 100 深渊陵墓半兽人统帅 			100	9 	40	0	253
SY_bsrlm02 100 100 深渊陵墓半兽人首领 			100	1 	60	0	5
SY_bsrlm02 100 100 深渊陵墓兽人巨怪 			100	1 	60	0	5
SY_bsrlm03 72 76 深渊陵墓半兽人巡逻兵 			80	30 	20
SY_bsrlm03 72 76 深渊陵墓半兽人矿工 			80	30 	20
SY_bsrlm03 72 76 深渊陵墓半兽人长矛兵 			80	30 	20
SY_bsrlm03 72 76 深渊陵墓半兽人狂战士 			80	30 	20
SY_bsrlm03 72 76 深渊陵墓半兽人驯兽师 			80	30 	20
SY_bsrlm03 72 76 深渊陵墓半兽人骑兵 			80	30 	20
SY_bsrlm03 72 76 深渊陵墓半兽人巫医 			80	30 	20
SY_bsrlm03 72 76 深渊陵墓半兽人厨师 			80	30 	20
SY_bsrlm03 72 76 深渊陵墓半兽人战将 			80	30 	20
SY_bsrlm03 72 76 深渊陵墓半兽人统帅 			80	5 	40	0	253
SY_bsrlm03 72 76 深渊陵墓半兽人首领 			80	1 	60	0	5
SY_bsrlm03 72 76 深渊陵墓兽人巨怪 			80	1 	60	0	5
SY_bsrlm04 127 122 深渊陵墓半兽人巡逻兵 		100	50 	20
SY_bsrlm04 127 122 深渊陵墓半兽人矿工 			100	50 	20
SY_bsrlm04 127 122 深渊陵墓半兽人长矛兵 		100	50 	20
SY_bsrlm04 127 122 深渊陵墓半兽人狂战士 		100	50 	20
SY_bsrlm04 127 122 深渊陵墓半兽人驯兽师 		100	50 	20
SY_bsrlm04 127 122 深渊陵墓半兽人骑兵 			100	50 	20
SY_bsrlm04 127 122 深渊陵墓半兽人巫医 			100	50 	20
SY_bsrlm04 127 122 深渊陵墓半兽人厨师 			100	50 	20
SY_bsrlm04 127 122 深渊陵墓半兽人战将 			100	50 	20
SY_bsrlm04 127 122 深渊陵墓半兽人统帅 			100	9 	40	0	253
SY_bsrlm04 127 122 深渊陵墓半兽人首领 			100	2 	60	0	5
SY_bsrlm04 127 122 深渊陵墓兽人巨怪 			100	2 	60	0	5
SY_bsrlm04 127 122 女雷神·简·福斯特 			100	1 	80	0	70
SY_bsrlm05 56 39 深渊陵墓半兽人巡逻兵 			50	30 	20
SY_bsrlm05 56 39 深渊陵墓半兽人矿工 			50	30 	20
SY_bsrlm05 56 39 深渊陵墓半兽人长矛兵 			50	30 	20
SY_bsrlm05 56 39 深渊陵墓半兽人狂战士 			50	30 	20
SY_bsrlm05 56 39 深渊陵墓半兽人驯兽师 			50	30 	20
SY_bsrlm05 56 39 深渊陵墓半兽人骑兵 			50	30 	20
SY_bsrlm05 56 39 深渊陵墓半兽人巫医 			50	30 	20
SY_bsrlm05 56 39 深渊陵墓半兽人厨师 			50	30 	20
SY_bsrlm05 56 39 深渊陵墓半兽人战将 			50	30 	20
SY_bsrlm05 56 39 深渊陵墓半兽人统帅 			50	5 	40	0	253
SY_bsrlm05 56 39 深渊陵墓半兽人首领 			3	2 	60	0	5
SY_bsrlm05 56 39 深渊陵墓兽人巨怪 			3	2 	60	0	5
SY_bsrlm05 56 39 女雷神·简·福斯特 			0	1 	80	0	70

fakeFox1	199	204	狐月黑蛙		300	100	20
fakeFox1	199	204	狐月黄蛙		300	100	20
fakeFox1	199	204	黑狐			300	100	20
fakeFox1	199	204	赤狐			300	100	20
fakeFox1	199	204	素狐			300	100	20
fakeFox1	220	305	九尾魂石		0	1	30
fakeFox1	223	302	九尾魂石		0	1	30
fakeFox1	223	308	九尾魂石		0	1	30
fakeFox1	226	305	九尾魂石		0	1	30
fakeFox1	220	302	九尾魂石		0	1	30
fakeFox1	220	308	九尾魂石		0	1	30
fakeFox1	226	302	九尾魂石		0	1	30
fakeFox1	226	308	九尾魂石		0	1	30
fakeFox1	199	204	火尾黑狐王		300	3	30	0	253
fakeFox1	199	204	金爪赤狐王		300	3	30	0	253
fakeFox1	199	204	玉面素狐王		300	3	30	0	253
fakeFox1	199	204	帝国卫士		300	3	30	0	253
fakeFox1	223	305	狐月天珠		0	1	60	0	5
fakeFox2	137	138	黑狐			300	50	20
fakeFox2	137	138	赤狐			300	50	20
fakeFox2	137	138	素狐			300	50	20
fakeFox2	137	138	狐月之眼		300	100	20
fakeFox2	137	138	狐月魔眼		300	100	20
fakeFox2	137	138	狐月黑蛙		300	100	20
fakeFox2	137	138	狐月黄蛙		300	100	20
fakeFox2	137	138	火尾黑狐王		300	2	30	0	253
fakeFox2	137	138	金爪赤狐王		300	2	30	0	253
fakeFox2	137	138	玉面素狐王		300	2	30	0	253
fakeFox2	137	138	帝国卫士		300	2	30	0	253
fakeFox2	137	138	塞娜			300	1	80	0	70
fakeFox2	137	138	卢锡安			300	1	80	0	70
fakeFox3	34	33	狐月天珠		0	1	60	0	5
fakeFox3	34	33	狐月之眼		50	10	20
fakeFox3	34	33	狐月魔眼		50	10	20
fakeFox3	34	33	火尾黑狐王		50	3	30	0	253
fakeFox3	34	33	金爪赤狐王		50	3	30	0	253
fakeFox3	34	33	玉面素狐王		50	3	30	0	253
fakeFox3	34	33	帝国卫士		50	3	30	0	253
fakeFox3	34	33	黑狐			50	10	20
fakeFox3	34	33	赤狐			50	10	20
fakeFox3	34	33	素狐			50	10	20
fakeFox3	34	33	狐月黑蛙		50	50	20
fakeFox3	34	33	狐月黄蛙		50	50	20
fakeFox3	34	33	塞娜			50	1	80	0	70
fakeFox3	34	33	卢锡安			50	1	80	0	70

realFox1	199	204	深渊狐月狐月黑蛙		300	100	20
realFox1	199	204	深渊狐月狐月黄蛙		300	100	20
realFox1	199	204	深渊狐月黑狐			300	100	20
realFox1	199	204	深渊狐月赤狐			300	100	20
realFox1	199	204	深渊狐月素狐			300	100	20
realFox1	220	305	深渊狐月九尾魂石		0	1	30
realFox1	223	302	深渊狐月九尾魂石		0	1	30
realFox1	223	308	深渊狐月九尾魂石		0	1	30
realFox1	226	305	深渊狐月九尾魂石		0	1	30
realFox1	220	302	深渊狐月九尾魂石		0	1	30
realFox1	220	308	深渊狐月九尾魂石		0	1	30
realFox1	226	302	深渊狐月九尾魂石		0	1	30
realFox1	226	308	深渊狐月九尾魂石		0	1	30
realFox1	199	204	深渊狐月火尾黑狐王		300	3	30	0	253
realFox1	199	204	深渊狐月金爪赤狐王		300	3	30	0	253
realFox1	199	204	深渊狐月玉面素狐王		300	3	30	0	253
realFox1	199	204	深渊狐月帝国卫士		300	3	30	0	253
realFox1	223	305	深渊狐月狐月天珠		0	1	60	0	5
realFox2	137	138	深渊狐月黑狐			300	50	20
realFox2	137	138	深渊狐月赤狐			300	50	20
realFox2	137	138	深渊狐月素狐			300	50	20
realFox2	137	138	深渊狐月狐月之眼		300	100	20
realFox2	137	138	深渊狐月狐月魔眼		300	100	20
realFox2	137	138	深渊狐月狐月黑蛙		300	100	20
realFox2	137	138	深渊狐月狐月黄蛙		300	100	20
realFox2	137	138	深渊狐月火尾黑狐王		300	2	30	0	253
realFox2	137	138	深渊狐月金爪赤狐王		300	2	30	0	253
realFox2	137	138	深渊狐月玉面素狐王		300	2	30	0	253
realFox2	137	138	深渊狐月帝国卫士		300	2	30	0	253
realFox2	137	138	源计划·塞娜			300	1	80	0	70
realFox2	137	138	源计划·卢锡安			300	1	80	0	70
realFox3	34	33	深渊狐月狐月天珠		0	1	60	0	5
realFox3	34	33	深渊狐月狐月之眼		50	10	20
realFox3	34	33	深渊狐月狐月魔眼		50	10	20
realFox3	34	33	深渊狐月火尾黑狐王		50	3	30	0	253
realFox3	34	33	深渊狐月金爪赤狐王		50	3	30	0	253
realFox3	34	33	深渊狐月玉面素狐王		50	3	30	0	253
realFox3	34	33	深渊狐月帝国卫士		50	3	30	0	253
realFox3	34	33	深渊狐月黑狐			50	10	20
realFox3	34	33	深渊狐月赤狐			50	10	20
realFox3	34	33	深渊狐月素狐			50	10	20
realFox3	34	33	深渊狐月狐月黑蛙		50	50	20
realFox3	34	33	深渊狐月狐月黄蛙		50	50	20
realFox3	34	33	源计划·塞娜			50	1	80	0	70
realFox3	34	33	源计划·卢锡安			50	1	80	0	70

WY1	146	153	瘟疫使者	200	50	20
WY1	146	153	瘟疫毒牙	200	50	20
WY1	146	153	瘟疫金蟾	200	50	20
WY1	146	153	瘟疫鱼人	200	50	20
WY1	146	153	瘟疫蘑菇	200	50	20
WY1	146	153	瘟疫火鸟	300	5	30	0	253
WY1	146	153	瘟疫弩手	300	5	30	0	253
WY1	146	153	瘟疫长老·火	300	1	60	0	5
WY1	146	153	瘟疫长老·雷	300	1	60	0	5
WY1	146	153	瘟疫长老·冰	300	1	60	0	5
WY1	146	153	瘟疫长老·毒	300	1	60	0	5

WY2	124	156	瘟疫使者	300	100	20
WY2	124	156	瘟疫毒牙	300	100	20
WY2	124	156	瘟疫金蟾	300	100	20
WY2	124	156	瘟疫鱼人	300	100	20
WY2	124	156	瘟疫蘑菇	300	80	20
WY2	124	156	瘟疫火鸟	300	5	30	0	253
WY2	124	156	瘟疫弩手	300	5	30	0	253
WY2	124	156	瘟疫长老·火	300	1	60	0	5
WY2	124	156	瘟疫长老·雷	300	1	60	0	5
WY2	124	156	瘟疫长老·冰	300	1	60	0	5
WY2	124	156	瘟疫长老·毒	300	1	60	0	5
WY2	124	156	瘟疫统帅	300	1	80	0	70

WY3	53	42	瘟疫使者	80	50	20
WY3	53	42	瘟疫毒牙	80	50	20
WY3	53	42	瘟疫金蟾	80	50	20
WY3	53	42	瘟疫鱼人	80	50	20
WY3	53	42	瘟疫蘑菇	80	50	20
WY3	53	42	瘟疫火鸟	80	5	30	0	253
WY3	53	42	瘟疫弩手	80	5	30	0	253
WY3	53	42	瘟疫长老·火	80	2	60	0	5
WY3	53	42	瘟疫长老·雷	80	2	60	0	5
WY3	53	42	瘟疫长老·冰	80	2	60	0	5
WY3	53	42	瘟疫长老·毒	80	2	60	0	5
WY3	53	42	瘟疫统帅	0	1	80	0	70

SY_WY1	146	153	深渊瘟疫使者	200	50	20
SY_WY1	146	153	深渊瘟疫毒牙	200	50	20
SY_WY1	146	153	深渊瘟疫金蟾	200	50	20
SY_WY1	146	153	深渊瘟疫鱼人	200	50	20
SY_WY1	146	153	深渊瘟疫蘑菇	200	50	20
SY_WY1	146	153	深渊瘟疫火鸟	300	5	30	0	253
SY_WY1	146	153	深渊瘟疫弩手	300	5	30	0	253
SY_WY1	146	153	深渊瘟疫长老·火	300	1	60	0	5
SY_WY1	146	153	深渊瘟疫长老·雷	300	1	60	0	5
SY_WY1	146	153	深渊瘟疫长老·冰	300	1	60	0	5
SY_WY1	146	153	深渊瘟疫长老·毒	300	1	60	0	5

SY_WY2	124	156	深渊瘟疫使者	300	100	20
SY_WY2	124	156	深渊瘟疫毒牙	300	100	20
SY_WY2	124	156	深渊瘟疫金蟾	300	100	20
SY_WY2	124	156	深渊瘟疫鱼人	300	100	20
SY_WY2	124	156	深渊瘟疫蘑菇	300	80	20
SY_WY2	124	156	深渊瘟疫火鸟	300	5	30	0	253
SY_WY2	124	156	深渊瘟疫弩手	300	5	30	0	253
SY_WY2	124	156	深渊瘟疫长老·火	300	1	60	0	5
SY_WY2	124	156	深渊瘟疫长老·雷	300	1	60	0	5
SY_WY2	124	156	深渊瘟疫长老·冰	300	1	60	0	5
SY_WY2	124	156	深渊瘟疫长老·毒	300	1	60	0	5
SY_WY2	124	156	深渊瘟疫统帅	300	1	80	0	70

SY_WY3	53	42	深渊瘟疫使者	80	50	20
SY_WY3	53	42	深渊瘟疫毒牙	80	50	20
SY_WY3	53	42	深渊瘟疫金蟾	80	50	20
SY_WY3	53	42	深渊瘟疫鱼人	80	50	20
SY_WY3	53	42	深渊瘟疫蘑菇	80	50	20
SY_WY3	53	42	深渊瘟疫火鸟	80	5	30	0	253
SY_WY3	53	42	深渊瘟疫弩手	80	5	30	0	253
SY_WY3	53	42	深渊瘟疫长老·火	80	2	60	0	5
SY_WY3	53	42	深渊瘟疫长老·雷	80	2	60	0	5
SY_WY3	53	42	深渊瘟疫长老·冰	80	2	60	0	5
SY_WY3	53	42	深渊瘟疫长老·毒	80	2	60	0	5
SY_WY3	53	42	深渊瘟疫统帅	0	1	80	0	70

SY_H001	75	75	深渊魔龙射手		80	100	20
SY_H001	75	75	深渊魔龙刀兵		80	100	20
SY_H001	75	75	深渊魔龙破甲兵		80	100	20
SY_H001	75	75	深渊魔龙石碑		80	50	20
SY_H001	75	75	深渊魔龙教主		80	6	60	0	5
SY_H001	75	75	深渊魔龙树妖		80	6	60	0	5
SY_H001	75	75	深渊魔龙战将		80	10	40	0	253
SY_H001	75	75	深渊魔龙巨蛾		80	10	40	0	253
SY_H001	75	75	深渊魔龙力士		80	10	40	0	253
SY_H001	75	75	深渊暗之魔龙教皇	80	3	80	0	70
SY_H001	75	75	秦广王·蒋		80	1	120	0	249

SY_H002	200	200	深渊雷炎狂热火蜥蜴	200	150	10
SY_H002	200	200	深渊雷炎圣殿卫士	200	150	10
SY_H002	200	200	深渊雷炎恶魔蜘蛛	200	150	10
SY_H002	200	200	深渊雷炎金杖蜘蛛	200	150	10
SY_H002	200	200	深渊雷炎巨镰蜘蛛	200	150	10
SY_H002	200	200	深渊雷炎绿魔蜘蛛	200	150	10
SY_H002	200	200	深渊雷炎蓝背蜘蛛	200	150	10
SY_H002	200	200	深渊雷炎剧毒骷髅	200	150	10
SY_H002	200	200	深渊雷炎圣殿黄龙	200	10	40	0	253
SY_H002	200	200	深渊雷炎圣殿护卫	200	10	40	0	253
SY_H002	200	200	深渊雷炎铁翼巨蛾	200	10	40	0	253
SY_H002	200	200	深渊雷炎火龙神		200	6	60	0	5
SY_H002	200	200	深渊雷炎雷炎蛛王	200	6	60	0	5
SY_H002	200	200	深渊雷炎富贵兽		200	6	60	0	5
SY_H002	200	200	蜘蛛女王·伊莉丝	200	3	80	0	70
SY_H002	200	200	楚江王·历		200	1	120	0	249

SY_H003 50	50	深渊雪域战将		50	50	20
SY_H003 50	50	深渊雪域侍卫		50	50	20
SY_H003 50	50	深渊雪域寒冰魔		50	80	20
SY_H003 50	50	深渊雪域灭天魔		50	80	20
SY_H003 50	50	深渊雪域五毒魔		50	80	20
SY_H003 50	50	深渊雪域冰柱		50	50	20
SY_H003 50	50	深渊雪域天将		50	10	40	0	253
SY_H003 50	50	深渊雪域小魔王		50	6	60	0	5
SY_H003 50	50	深渊雪域魔王		50	6	60	0	5
SY_H003 50	50	深渊雪域锻造炉		50	10	40	0	253
SY_H003 50	50	深渊雪域锻造炉		50	10	40	0	253
SY_H003 50	50	深渊雪域锻造炉		50	10	40	0	253
SY_H003 50	50	至尊法师·史蒂芬·斯特兰奇	50	1	80	0	70
SY_H003 50	50	宋帝王·余		50	1	120	0	249

SY_H004 85 	85 	深渊石原恶性怪 		100	100 	20  
SY_H004 85 	85 	深渊石原触角神魔 	100	100 	20
SY_H004 85 	85 	深渊石原爆毒神魔 	100	100 	20
SY_H004 85 	85 	深渊石原红衣法师 	100	100 	20
SY_H004 85 	85 	深渊石原风魔 		100	100 	20
SY_H004 85 	85 	深渊石原法老 		100	100 	20
SY_H004 85 	85 	深渊石原巨象兽 		100	100 	20
SY_H004 85 	85 	深渊石原巨型沙虫 	100	100 	20
SY_H004 85 	85 	深渊石原沙漠秃鹰 	100	100 	20
SY_H004 85 	85 	深渊石原沙漠石人 	100	100 	20
SY_H004 85 	85 	深渊石原迷途之人的怨念	100	10  	40	0	253
SY_H004 85 	85 	深渊石原沙漠行军蚁后	100	10  	40	0	253
SY_H004 85 	85 	深渊石原独行的烈焰法师	100	10  	40	0	253
SY_H004 85 	85 	深渊石原沙漠公主	100	6  	60	0	5
SY_H004 85 	85 	深渊石原沙漠领主	100	1  	80	0	70
SY_H004 85 	85 	五官王·吕		50	1	120	0	249

SY_H005 162	162 	深渊陵墓半兽人巡逻兵 	100	80 	20
SY_H005 162 	162 	深渊陵墓半兽人矿工 	100	80 	20
SY_H005 162 	162 	深渊陵墓半兽人长矛兵 	100	80 	20
SY_H005 162 	162 	深渊陵墓半兽人狂战士 	100	80 	20
SY_H005 162 	162 	深渊陵墓半兽人驯兽师 	100	80 	20
SY_H005 162 	162 	深渊陵墓半兽人骑兵 	100	80 	20
SY_H005 162 	162 	深渊陵墓半兽人巫医 	100	80 	20
SY_H005 162 	162 	深渊陵墓半兽人厨师 	100	80 	20
SY_H005 162 	162 	深渊陵墓半兽人战将 	100	80 	20
SY_H005 162 	162 	深渊陵墓半兽人统帅 	100	20 	40	0	253
SY_H005 162 	162 	深渊陵墓半兽人首领 	3	6 	60	0	5
SY_H005 162 	162 	深渊陵墓兽人巨怪 	3	6 	60	0	5
SY_H005 162 	162 	女雷神·简·福斯特 	0	1 	80	0	70
SY_H005 162 	162 	阎罗天子·包		50	1	120	0	249

SY_H006	50	50	深渊狐月狐月天珠		50	6	60	0	5
SY_H006	50	50	深渊狐月狐月之眼		50	80	20
SY_H006	50	50	深渊狐月狐月魔眼		50	80	20
SY_H006	50	50	深渊狐月火尾黑狐王		50	10	30	0	253
SY_H006	50	50	深渊狐月金爪赤狐王		50	10	30	0	253
SY_H006	50	50	深渊狐月玉面素狐王		50	10	30	0	253
SY_H006	50	50	深渊狐月帝国卫士		50	10	30	0	253
SY_H006	50	50	深渊狐月九尾魂石		50	10	30	0	253
SY_H006	50	50	深渊狐月黑狐			50	80	20
SY_H006	50	50	深渊狐月赤狐			50	80	20
SY_H006	50	50	深渊狐月素狐			50	80	20
SY_H006	50	50	深渊狐月狐月黑蛙		50	100	20
SY_H006	50	50	深渊狐月狐月黄蛙		50	100	20
SY_H006	50	50	源计划·塞娜			50	1	80	0	70
SY_H006	50	50	源计划·卢锡安			50	1	80	0	70
SY_H006	50	50	卞城王·毕			50	1	120	0	249

SY_H007	100	100	深渊瘟疫使者			100	100	20
SY_H007	100	100	深渊瘟疫毒牙			100	100	20
SY_H007	100	100	深渊瘟疫金蟾			100	100	20
SY_H007	100	100	深渊瘟疫鱼人			100	100	20
SY_H007	100	100	深渊瘟疫蘑菇			100	150	20
SY_H007	100	100	深渊瘟疫火鸟			100	10	30	0	253
SY_H007	100	100	深渊瘟疫弩手			100	10	30	0	253
SY_H007	100	100	深渊瘟疫长老·火		100	6	60	0	5
SY_H007	100	100	深渊瘟疫长老·雷		100	6	60	0	5
SY_H007	100	100	深渊瘟疫长老·冰		100	6	60	0	5
SY_H007	100	100	深渊瘟疫长老·毒		100	6	60	0	5
SY_H007	100	100	深渊瘟疫统帅			100	1	80	0	70
SY_H007	100	100	泰山王·董			100	1	120	0	249

SY_H008	44	44	深渊瘟疫蘑菇			50	100	20
SY_H008	44	44	深渊魔龙战将			50	10	40	0	253
SY_H008	44	44	深渊魔龙巨蛾			50	10	40	0	253
SY_H008	44	44	深渊魔龙力士			50	10	40	0	253
SY_H008	44	44	深渊雷炎圣殿黄龙		50	10	40	0	253
SY_H008	44	44	深渊雷炎圣殿护卫		50	10	40	0	253
SY_H008	44	44	深渊雷炎铁翼巨蛾		50	10	40	0	253
SY_H008	44	44	深渊雪域天将			50	10	40	0	253
SY_H008	44	44	深渊雪域锻造炉			50	10	40	0	253
SY_H008	44	44	深渊雪域锻造炉			50	10	40	0	253
SY_H008	44	44	深渊雪域锻造炉			50	10	40	0	253
SY_H008	44	44	深渊石原迷途之人的怨念		50	10  	40	0	253
SY_H008	44	44	深渊石原沙漠行军蚁后		50	10  	40	0	253
SY_H008	44	44	深渊石原独行的烈焰法师		50	10  	40	0	253
SY_H008	44	44	深渊狐月火尾黑狐王		50	10	40	0	253
SY_H008	44	44	深渊狐月金爪赤狐王		50	10	40	0	253
SY_H008	44	44	深渊狐月玉面素狐王		50	10	40	0	253
SY_H008	44	44	深渊狐月帝国卫士		50	10	40	0	253
SY_H008	44	44	深渊狐月九尾魂石		50	10	40	0	253
SY_H008	44	44	深渊瘟疫火鸟			50	10	40	0	253
SY_H008	44	44	深渊瘟疫弩手			50	10	40	0	253
SY_H008	44	44	都市王·黄			50	1	120	0	249

SY_H009	150	150	深渊瘟疫蘑菇			50	200	20
SY_H009	150	150	深渊魔龙教主			150	10	60	0	5
SY_H009	150	150	深渊魔龙树妖			150	10	60	0	5
SY_H009	150	150	深渊雷炎火龙神			150	10	60	0	5
SY_H009	150	150	深渊雷炎雷炎蛛王		150	10	60	0	5
SY_H009	150	150	深渊雷炎富贵兽			150	10	60	0	5
SY_H009	150	150	深渊雪域小魔王			150	10	60	0	5
SY_H009	150	150	深渊雪域魔王			150	10	60	0	5
SY_H009	150	150	深渊石原沙漠公主		150	10  	60	0	5
SY_H009	150	150	深渊陵墓半兽人首领 		150	10 	60	0	5
SY_H009	150	150	深渊陵墓兽人巨怪 		150	10 	60	0	5
SY_H009	150	150	深渊狐月狐月天珠		150	10	60	0	5
SY_H009	150	150	深渊瘟疫长老·火		150	10	60	0	5
SY_H009	150	150	深渊瘟疫长老·雷		150	10	60	0	5
SY_H009	150	150	深渊瘟疫长老·冰		150	10	60	0	5
SY_H009	150	150	深渊瘟疫长老·毒		150	10	60	0	5
SY_H009	150	150	平等王·陆			150	1	120	0	249

SY_H010	200	210	深渊瘟疫蘑菇			50	300	20
SY_H010	200	210	深渊暗之魔龙教皇		200	5	80	0	70
SY_H010	200	210	蜘蛛女王·伊莉丝		200	5	80	0	70
SY_H010	200	210	至尊法师·史蒂芬·斯特兰奇	200	5	80	0	70
SY_H010	200	210	深渊石原沙漠领主		200	5  	80	0	70
SY_H010	200	210	女雷神·简·福斯特 		200	5 	80	0	70
SY_H010	200	210	源计划·塞娜			200	5	80	0	70
SY_H010	200	210	源计划·卢锡安			200	5	80	0	70
SY_H010	200	210	深渊瘟疫统帅			200	5	80	0	70
SY_H010	200	210	转轮王·薛			150	1	120	0	249

SY_H011	100	100	深渊瘟疫蘑菇			70	200	20
SY_H011	100	100	深渊暗之魔龙教皇		70	5	80	0	70
SY_H011	100	100	蜘蛛女王·伊莉丝		70	5	80	0	70
SY_H011	100	100	至尊法师·史蒂芬·斯特兰奇	70	5	80	0	70
SY_H011	100	100	深渊石原沙漠领主		70	5  	80	0	70
SY_H011	100	100	女雷神·简·福斯特 		70	5 	80	0	70
SY_H011	100	100	源计划·塞娜			70	5	80	0	70
SY_H011	100	100	源计划·卢锡安			70	5	80	0	70
SY_H011	100	100	深渊瘟疫统帅			70	5	80	0	70
SY_H011	100	100	刮骨刀·夏禾			0	1	120	0	249
SY_H011	100	100	穿肠毒·窦梅			0	1	120	0	249
SY_H011	100	100	雷烟炮·高宁			0	1	120	0	249
SY_H011	100	100	祸根苗·沈冲			0	1	120	0	249
SY_H011	100	100	秦广王·蒋			70	1	120	0	249
SY_H011	100	100	楚江王·历			70	1	120	0	249
SY_H011	100	100	宋帝王·余			70	1	120	0	249
SY_H011	100	100	五官王·吕			70	1	120	0	249
SY_H011	100	100	阎罗天子·包			70	1	120	0	249
SY_H011	100	100	卞城王·毕			70	1	120	0	249
SY_H011	100	100	泰山王·董			70	1	120	0	249
SY_H011	100	100	都市王·黄			70	1	120	0	249
SY_H011	100	100	平等王·陆			70	1	120	0	249
SY_H011	100	100	转轮王·薛			70	1	120	0	249

SY_H012	145	171	深渊瘟疫蘑菇			70	200	20
SY_H012	145	171	深渊暗之魔龙教皇		70	5	80	0	70
SY_H012	145	171	蜘蛛女王·伊莉丝		70	5	80	0	70
SY_H012	145	171	至尊法师·史蒂芬·斯特兰奇	70	5	80	0	70
SY_H012	145	171	深渊石原沙漠领主		70	5  	80	0	70
SY_H012	145	171	女雷神·简·福斯特 		70	5 	80	0	70
SY_H012	145	171	源计划·塞娜			70	5	80	0	70
SY_H012	145	171	源计划·卢锡安			70	5	80	0	70
SY_H012	145	171	深渊瘟疫统帅			70	5	80	0	70
SY_H012	145	171	刮骨刀·夏禾			70	1	120	0	249
SY_H012	145	171	穿肠毒·窦梅			70	1	120	0	249
SY_H012	145	171	雷烟炮·高宁			70	1	120	0	249
SY_H012	145	171	祸根苗·沈冲			70	1	120	0	249
SY_H012	288	284	万恶之源			0	1	120	0	249
SY_H012	145	171	秦广王·蒋			70	1	120	0	249
SY_H012	145	171	楚江王·历			70	1	120	0	249
SY_H012	145	171	宋帝王·余			70	1	120	0	249
SY_H012	145	171	五官王·吕			70	1	120	0	249
SY_H012	145	171	阎罗天子·包			70	1	120	0	249
SY_H012	145	171	卞城王·毕			70	1	120	0	249
SY_H012	145	171	泰山王·董			70	1	120	0	249
SY_H012	145	171	都市王·黄			70	1	120	0	249
SY_H012	145	171	平等王·陆			70	1	120	0	249
SY_H012	145	171	转轮王·薛			70	1	120	0	249

SY_ALLZJ 17	11	阿拉蕾				1	1	90	0	70
SY_ALLZJ 17	11	怪博士				1	1	90	0	70
SY_ALLZJ 17	11	蓝银花				10	3	40	0	5

SY_H013	17	19	天师·孙恩			0	1	180	0	249
SY_H013	17	19	蓝银花				10	5	40	0	5