;地图	坐标X	坐标Y	怪物名字	范围	数量	0	集中刷新坐标机率	名字颜色(0~255)	内功怪物(0,1)	国家ID		
;=====================一大陆刷怪======================================						0						
MFDL	366	327	红蛇	400	50	6	0	180				
MFDL	366	327	虎蛇	400	50	6	0	180				
MFDL	366	327	羊	400	50	6	0	180				
MFDL	366	327	猎鹰	400	50	6	0	180				
MFDL	366	327	盔甲虫	400	50	6	0	180				
MFDL	366	327	威思而小虫	400	50	6	0	180				
MFDL	366	327	沙虫	400	50	6	0	180				
MFDL	366	327	多角虫	400	50	6	0	180				
MFDL	366	327	巨型多角虫	400	50	6	0	180				
MFDL	366	327	狼	400	50	6	0	180				
MFDL	366	327	多钩猫	400	50	6	0	180				
MFDL	366	327	钉耙猫	400	50	6	0	180				
MFDL	366	327	稻草人	400	50	6	0	180				
;骷髅洞						0						
D003	200	200	蛤蟆	400	1000	3	0	250				
D003	200	200	蝎子	400	1000	3	0	250				
D003	200	200	骷髅	400	1000	3	0	250				
D003	200	200	食人花	400	200	3	0	250				
D003	200	200	半兽人	400	1000	3	0	250				
D003	200	200	毒蜘蛛	400	1000	3	0	250				
D003	200	200	半兽战士	400	1000	3	0	250				
D003	200	200	山洞蝙蝠	400	1000	3	0	250				
D003	200	200	森林雪人	400	1000	3	0	250				
D003	200	200	掷斧骷髅	400	1000	3	0	250				
D003	200	200	骷髅战士	400	1000	3	0	250				
D003	200	200	骷髅战将	400	500	3	0	250				
D003	200	200	骷髅精灵	400	30	6	0	249				
D003	200	200	半兽勇士	400	30	6	0	249				
D003	200	200	半兽统领	400	30	6	0	254				
DM002	17	19	掷斧骷髅	20	50	3	0	250				
DM002	17	19	骷髅精灵	20	5	6	0	249				
DM002	17	19	半兽勇士	20	5	6	0	249				
DM002	17	19	半兽统领	20	5	6	0	254				
DM002	17	19	清风送礼[福利BOSS]1	1	1	12	0	253				
;废矿区						0						
H005	156	147	洞蛆	300	220	2	0	250				
H005	156	147	电僵尸	300	220	2	0	250				
H005	156	147	黑僵尸	300	220	2	0	250				
H005	156	147	袈裟僵尸	300	220	2	0	250				
H005	156	147	腐蚀僵尸	300	220	2	0	250				
H005	156	147	爬行僵尸	300	220	2	0	250				
H005	156	147	电僵王	300	5	3	0	70				
H005	156	147	尸王	300	5	3	0	70				
Q004	10	10	清风送礼[福利BOSS]1	1	1	12	0	253				
Q004	10	10	电僵王	50	20	3	0	70				
Q004	10	10	尸王	50	20	3	0	70				
;死亡山谷						0						
H004	96	96	蜈蚣	200	200	2	0	250				
H004	96	96	钳虫	200	200	2	0	250				
H004	96	96	角蝇	200	5	2	0	250				
H004	96	96	跳跳蜂	200	200	2	0	250				
H004	96	96	黑色恶蛆	200	200	2	0	250				
H004	96	96	巨型蠕虫	200	200	2	0	250				
H004	96	96	邪恶钳虫	200	30	3	0	254				
H004	96	96	触龙神	55	3	6	0	70				
H004	96	96	暗之触龙神	55	3	6	0	70				
N111	32	43	邪恶钳虫	30	30	3	0	254				
N111	32	43	触龙神	35	5	6	0	70				
N111	32	43	暗之触龙神	5	5	6	0	70				
N111	32	43	清风送礼[福利BOSS]1	1	1	12	0	253				
;沃玛寺庙						0						
H010	211	205	沃玛战士	400	200	2	0	250				
H010	211	205	沃玛勇士	400	200	2	0	250				
H010	211	205	沃玛战将	400	200	2	0	250				
H010	211	205	火焰沃玛	400	200	2	0	250				
H010	211	205	沃玛卫士	400	200	2	0	250				
H010	211	205	暗黑战士	400	200	2	0	250				
H010	211	205	粪虫	400	100	2	0	250				
H010	211	205	沃玛教主	400	3	3	0	70				
h003	50	50	暗黑战士	100	50	2	0	250				
h003	50	50	沃玛卫士	100	20	3	0	250				
h003	50	50	沃玛教主	50	10	6	0	70				
h003	50	50	清风送礼[福利BOSS]1	1	1	12	0	253				
;野猪古墓						0						
H102	209	205	楔蛾	400	120	2	0	250				
H102	209	205	红野猪	400	150	2	0	250				
H102	209	205	黑野猪	400	150	2	0	250				
H102	209	205	白野猪	400	100	2	0	250				
H102	209	205	蝎蛇	400	100	2	0	250				
H102	209	205	黑色恶蛆	400	100	2	0	250				
H102	209	205	邪恶毒蛇	400	10	3	0	250				
H102	209	205	石墓尸王	400	2	6	0	230				
H006	54	47	楔蛾	100	120	2	0	250				
H006	54	47	白野猪	100	30	2	0	250				
H006	54	47	邪恶毒蛇	100	10	3	0	250				
H006	54	47	石墓尸王	100	5	6	0	230				
H006	83	25	清风送礼[福利BOSS]1	1	1	12	0	253				
;纵横道						0						
D2010	171	168	楔蛾	300	10	2	0	250				
D2010	171	168	黑色恶蛆	300	10	2	0	250				
D2010	171	168	红野猪	300	10	2	0	250				
D2010	171	168	黑野猪	300	10	2	0	250				
D2010	171	168	白野猪	300	10	2	0	250				
D2010	171	168	虹魔猪卫	300	5	3	0	250				
D2010	171	168	虹魔蝎卫	300	5	3	0	250				
D2010	171	168	千年树妖	300	3	6	0	250				
D2010	171	168	虹魔教主	300	2	6	0	70				
;封魔殿						0						
D2077	201	202	楔蛾	400	20	2	0	250				
D2077	201	202	红野猪	400	20	2	0	250				
D2077	201	202	黑野猪	400	20	2	0	250				
D2077	201	202	白野猪	400	20	2	0	250				
D2077	201	202	黑色恶蛆	400	30	2	0	250				
D2077	201	202	虹魔猪卫	400	20	2	0	250				
D2077	201	202	虹魔蝎卫	400	20	2	0	250				
D2077	201	202	大老鼠	400	50	2	0	250				
D2077	201	202	祖玛雕像	400	50	2	0	250				
D2077	201	202	祖玛卫士	400	50	2	0	250				
D2077	201	202	祖玛弓箭手	400	50	2	0	250				
D2077	201	202	千年树妖	400	10	3	0	250				
D2077	201	202	虹魔教主	400	10	2	0	70				
D2077	201	202	清风送礼[福利BOSS]1	1	1	12	0	253				
;骨魔洞						0						
D2065	154	150	恶灵僵尸	300	120	2	0	250				
D2065	154	150	骷髅锤兵	300	120	2	0	250				
D2065	154	150	骷髅长枪兵	300	120	2	0	250				
D2065	154	150	骷髅刀斧手	300	120	2	0	250				
D2065	154	150	骷髅弓箭手	300	120	2	0	250				
D2065	154	150	黄泉教主	300	3	6	0	70				
N0115	12	14	骷髅弓箭手	10	50	2	0	250				
N0115	12	14	黄泉教主	10	5	6	0	70				
N0115	7	9	清风送礼[福利BOSS]1	1	1	12	0	253				
;牛魔寺庙						0						
D2078	150	157	牛头魔	300	120	2	0	155				
D2078	150	157	牛魔战士	300	120	2	0	155				
D2078	150	157	牛魔斗士	300	120	2	0	155				
D2078	150	157	牛魔侍卫	300	120	2	0	155				
D2078	150	157	牛魔将军	300	120	2	0	155				
D2078	150	157	牛魔法师	300	120	2	0	155				
D2078	150	157	牛魔祭司	300	120	2	0	155				
D2078	150	157	牛魔王	300	3	6	0	70				
D2078	150	157	暗之牛魔王	150	1	6	0	249				
n0116	14	17	牛魔法师	30	50	2	0	155				
n0116	14	17	牛魔王	15	5	6	0	70				
n0116	14	17	暗之牛魔王	15	5	6	0	249				
n0116	16	11	清风送礼[福利BOSS]1	1	1	12	0	253				
;祖玛寺庙						0						
H007	104	103	楔蛾	200	50	2	0	250				
H007	104	103	大老鼠	200	120	2	0	250				
H007	104	103	祖玛雕像	200	120	2	0	250				
H007	104	103	祖玛卫士	200	120	2	0	250				
H007	104	103	祖玛弓箭手	200	120	2	0	250				
H007	104	103	祖玛教主	200	1	6	0	70				
01141	11	13	楔蛾	20	50	2	0	250				
01141	11	13	祖玛弓箭手	20	50	2	0	250				
01141	6	16	祖玛教主	1	1	6	0	70				
01141	17	11	祖玛教主	1	1	6	0	70				
01141	11	10	祖玛教主	1	1	6	0	70				
01141	5	10	祖玛教主	1	1	6	0	70				
01141	11	4	清风送礼[福利BOSS]1	1	1	12	0	253				
;赤月峡谷						0						
H009	128	140	血僵尸	155	30	2	0	20				
H009	128	140	血巨人	150	30	2	0	20				
H009	128	140	月魔蜘蛛	150	120	2	0	219				
H009	128	140	黑锷蜘蛛	150	120	2	0	6				
H009	128	140	钢牙蜘蛛	150	120	2	0	6				
H009	128	140	天狼蜘蛛	150	120	2	0	6				
H009	128	140	花吻蜘蛛	150	120	2	0	222				
H009	128	140	暴牙蜘蛛	150	120	2	0	6				
H009	128	140	赤月恶魔	150	1	6	0	70				
D10062	22	19	月魔蜘蛛	15	30	2	0	219				
D10062	22	19	钢牙蜘蛛	15	30	2	0	6				
D10062	22	19	清风送礼[福利BOSS]1	1	1	12	0	253				
D10062	23	18	赤月恶魔	150	2	6	0	70				
;奴隶洞						0						
M003	100	100	奴隶	200	150	2	0	255				
M003	100	100	奴隶	200	150	2	0	255				
M003	100	100	奴隶主	200	10	2	0	254				
M003	100	100	米尔皇帝	200	1	6	0	70				
F004	46	52	奴隶	50	50	2	0	255				
F004	46	52	奴隶主	50	40	2	0	254				
F004	46	52	米尔皇帝	50	5	6	0	70				
F004	80	70	清风送礼[福利BOSS]1	1	1	12	0	253				
;蚂蚁洞穴						0						
d422	150	150	火蚁	300	300	2	0	19				
d422	150	150	兵蚁	300	300	2	0	154				
d422	150	150	毒蚁	300	300	2	0	222				
d422	150	150	工蚁	300	300	2	0	154				
d422	150	150	蚁后	300	2	6	0	249				
d422	150	150	蚁王	300	1	6	0	249				
E404	42	40	火蚁	50	50	2	0	19				
E404	42	40	蚁后	50	5	6	0	249				
E404	42	40	蚁王	50	3	6	0	249				
E404	42	40	清风送礼[福利BOSS]1	1	1	12	0	253				
;钳虫巢穴						0						
T232	21	28	暗之沃玛教主	10	3	2	0	249				
T232	21	28	清风送礼[福利BOSS]1	1	1	18	0	253				
;死亡神殿						0						
T218	14	19	暗之虹魔教主	10	3	2	0	249				
T218	14	19	清风送礼[福利BOSS]1	1	1	18	0	253				
;地狱烈焰						0						
T339	24	27	暗之骷髅精灵	10	3	2	0	249				
T339	24	27	清风送礼[福利BOSS]1	1	1	18	0	253				
;深渊魔域						0						
T219	50	79	暗之双头金刚	1	3	2	0	249				
T219	50	79	清风送礼[福利BOSS]1	1	1	18	0	253				
;堕落坟场						0						
T315	49	31	暗之黄泉教主	1	3	2	0	249				
T315	49	31	清风送礼[福利BOSS]1	1	1	18	0	253				
;困惑殿堂						0						
T118	16	18	暗之双头血魔	10	3	2	0	249				
T118	16	18	清风送礼[福利BOSS]1	1	1	18	0	253				
;魔龙城						0						
6	250	250	魔龙刀兵	500	50	3	0	254				
6	250	250	魔龙巨蛾	500	50	3	0	254				
6	250	250	魔龙力士	500	50	3	0	254				
6	250	250	魔龙射手	500	50	3	0	254				
6	250	250	魔龙战将	500	50	3	0	254				
6	250	250	魔龙破甲兵	500	50	3	0	254				
6	250	250	魔龙教主	500	20	6	0	249				
6	250	250	暗之魔龙教主	500	20	6	0	249				
6	250	250	『普通』魔龙刀兵	500	50	3	0	255				
6	250	250	『普通』魔龙巨蛾	500	50	3	0	255				
6	250	250	『普通』魔龙力士	500	50	3	0	255				
6	250	250	『普通』魔龙射手	500	50	3	0	255				
6	250	250	『普通』魔龙战将	500	50	3	0	255				
6	250	250	『精英』魔龙刀兵	500	50	3	0	229				
6	250	250	『精英』魔龙巨蛾	500	50	3	0	229				
6	250	250	『精英』魔龙力士	500	50	3	0	229				
6	250	250	『精英』魔龙射手	500	50	3	0	229				
6	250	250	『精英』魔龙战将	500	50	3	0	229				
6	250	250	『修罗』魔龙刀兵	500	50	3	0	6				
6	250	250	『修罗』魔龙巨蛾	500	50	3	0	6				
6	250	250	『修罗』魔龙力士	500	50	3	0	6				
6	250	250	『修罗』魔龙射手	500	50	3	0	6				
6	250	250	『修罗』魔龙战将	500	50	3	0	6				
6	250	250	清风送礼[福利BOSS]1	1	1	12	0	253				
;--------------------------------------------------						0						
611	100	100	魔龙刀兵	200	30	3	0	254				
611	100	100	魔龙巨蛾	200	30	3	0	254				
611	100	100	魔龙力士	200	30	3	0	254				
611	100	100	魔龙射手	200	30	3	0	254				
611	100	100	魔龙战将	200	30	3	0	254				
611	100	100	魔龙破甲兵	200	30	3	0	254				
611	100	100	魔龙教主	200	5	6	0	249				
611	100	100	暗之魔龙教主	200	5	6	0	249				
611	100	100	清风送礼[福利BOSS]1	1	1	12	0	253				
611	100	100	『普通』魔龙刀兵	200	30	3	0	255				
611	100	100	『普通』魔龙巨蛾	200	30	3	0	255				
611	100	100	『普通』魔龙力士	200	30	3	0	255				
611	100	100	『普通』魔龙射手	200	30	3	0	255				
611	100	100	『普通』魔龙战将	200	30	3	0	255				
611	100	100	『精英』魔龙刀兵	200	30	3	0	229				
611	100	100	『精英』魔龙巨蛾	200	30	3	0	229				
611	100	100	『精英』魔龙力士	200	30	3	0	229				
611	100	100	『精英』魔龙射手	200	30	3	0	229				
611	100	100	『精英』魔龙战将	200	30	3	0	229				
611	100	100	『修罗』魔龙刀兵	200	30	3	0	6				
611	100	100	『修罗』魔龙巨蛾	200	30	3	0	6				
611	100	100	『修罗』魔龙力士	200	30	3	0	6				
611	100	100	『修罗』魔龙射手	200	30	3	0	6				
611	100	100	『修罗』魔龙战将	200	30	3	0	6				
;--------------------------------------------------						0						
66	150	150	魔龙刀兵	300	60	3	0	255				
66	150	150	魔龙巨蛾	300	60	3	0	255				
66	150	150	魔龙力士	300	60	3	0	255				
66	150	150	魔龙射手	300	60	3	0	255				
66	150	150	魔龙战将	300	60	3	0	255				
66	150	150	魔龙破甲兵	300	60	3	0	255				
66	150	150	魔龙教主	300	5	6	0	249				
66	150	150	暗之魔龙教主	300	5	6	0	249				
66	150	150	『普通』魔龙刀兵	300	30	3	0	255				
66	150	150	『普通』魔龙巨蛾	300	30	3	0	255				
66	150	150	『普通』魔龙力士	300	30	3	0	255				
66	150	150	『普通』魔龙射手	300	30	3	0	255				
66	150	150	『普通』魔龙战将	300	30	3	0	255				
66	150	150	『精英』魔龙刀兵	300	30	3	0	229				
66	150	150	『精英』魔龙巨蛾	300	30	3	0	229				
66	150	150	『精英』魔龙力士	300	30	3	0	229				
66	150	150	『精英』魔龙射手	300	30	3	0	229				
66	150	150	『精英』魔龙战将	300	30	3	0	229				
66	150	150	『修罗』魔龙刀兵	300	30	3	0	6				
66	150	150	『修罗』魔龙巨蛾	300	30	3	0	6				
66	150	150	『修罗』魔龙力士	300	30	3	0	6				
66	150	150	『修罗』魔龙射手	300	30	3	0	6				
66	150	150	『修罗』魔龙战将	300	30	3	0	6				
66	150	150	『魔化』魔龙刀兵	300	20	3	0	241				
66	150	150	『魔化』魔龙巨蛾	300	20	3	0	241				
66	150	150	『魔化』魔龙力士	300	20	3	0	241				
66	150	150	『魔化』魔龙射手	300	20	3	0	241				
66	150	150	『魔化』魔龙战将	300	20	3	0	241				
66	150	150	『变异』魔龙刀兵	300	20	3	0	93				
66	150	150	『变异』魔龙巨蛾	300	20	3	0	93				
66	150	150	『变异』魔龙力士	300	20	3	0	93				
66	150	150	『变异』魔龙射手	300	20	3	0	93				
66	150	150	『变异』魔龙战将	300	20	3	0	93				
66	150	150	『魔化』魔龙教主	300	20	3	0	249				
66	150	150	『变异』魔龙教主	300	20	3	0	249				
66	150	150	『变异』暗之魔龙教主	300	20	3	0	249				
66	150	150	『BOSS』暗之魔龙教主	300	20	3	0	93				
66	150	150	清风送礼[福利BOSS]1	1	1	12	0	253				
;玛法异界						0						
玛法异界	200	200	虹魔猪卫	400	50	2	0	6				
玛法异界	200	200	虹魔蝎卫	400	20	2	0	6				
玛法异界	200	200	半兽统领	400	20	2	0	19				
玛法异界	200	200	巨型多角虫	400	50	2	0	255				
玛法异界	200	200	花吻蜘蛛	400	50	2	0	222				
玛法异界	200	200	邪恶毒蛇	400	50	2	0	6				
玛法异界	200	200	月魔蜘蛛	400	20	2	0	222				
玛法异界	200	200	电僵王	400	20	2	0	255				
玛法异界	200	200	恶灵尸王	400	20	2	0	255				
玛法异界	200	200	半兽统领	400	20	2	0	250				
玛法异界	200	200	火蚁	400	50	2	0	6				
玛法异界	200	200	兵蚁	400	50	2	0	6				
玛法异界	200	200	毒蚁	400	50	2	0	6				
玛法异界	200	200	工蚁	400	50	2	0	6				
玛法异界	200	200	蚁后	400	5	6	0	249				
玛法异界	200	200	蚁王	400	5	6	0	249				
玛法异界	200	200	千年树妖	400	20	3	0	8				
玛法异界	200	200	赤月恶魔	400	5	6	0	70				
玛法异界	200	200	触龙神	400	5	6	0	70				
玛法异界	200	200	钳虫统领	400	5	6	0	70				
玛法异界	200	200	万年树妖	400	5	6	0	70				
玛法异界	200	200	米尔皇帝	400	5	6	0	70				
玛法异界	200	200	牛魔王	400	5	6	0	70				
玛法异界	200	200	双头血魔	400	5	6	0	70				
玛法异界	200	200	双头金刚	400	5	6	0	70				
玛法异界	200	200	黄泉教主	400	5	6	0	70				
玛法异界	200	200	沃玛教主	400	5	6	0	70				
玛法异界	200	200	虹魔教主	400	5	6	0	70				
玛法异界	200	200	『魔化』暗之牛魔王	400	5	6	0	241				
玛法异界	200	200	『魔化』暗之双头血魔	400	5	6	0	241				
玛法异界	200	200	『魔化』暗之双头金刚	400	5	6	0	241				
玛法异界	200	200	『魔化』暗之黄泉教主	400	5	6	0	241				
玛法异界	200	200	『魔化』暗之骷髅精灵	400	5	6	0	241				
玛法异界	200	200	『魔化』暗之沃玛教主	400	5	6	0	241				
玛法异界	200	200	『魔化』暗之虹魔教主	400	5	6	0	241				
玛法异界	200	200	『变异』暗之沃玛教主	400	5	6	0	249				
玛法异界	200	200	『变异』暗之双头金刚	400	5	6	0	249				
玛法异界	200	200	『变异』暗之黄泉教主	400	5	6	0	249				
玛法异界	200	200	『变异』暗之骷髅精灵	400	5	6	0	249				
玛法异界	200	200	『变异』暗之虹魔教主	400	5	6	0	249				
玛法异界	200	200	『变异』暗之双头血魔	400	5	6	0	249				
玛法异界	200	200	玛法教主	400	3	6	0	249				
玛法异界	200	200	黑山老妖	400	3	6	0	249				
玛法异界	200	200	恶魔之主	400	3	6	0	249				
玛法异界	200	200	兽人王	400	3	6	0	249				
玛法异界	200	200	恶龙之灵	400	3	6	0	249				
玛法异界	200	200	食人魔	400	3	6	0	249				
玛法异界	200	200	镇天霸主	400	3	6	0	249				
玛法异界	200	200	圣兽白虎	400	3	6	0	249				
玛法异界	200	200	圣兽青龙	400	3	6	0	249				
玛法异界	200	200	圣兽朱雀	400	3	6	0	249				
玛法异界	200	200	圣兽玄武	400	3	6	0	249				
玛法异界	200	200	沼泽魔王	400	3	6	0	249				
玛法异界	200	200	深渊魔王	400	3	6	0	249				
玛法异界	200	200	远古霸主	400	3	6	0	249				
玛法异界	200	200	清风送礼[福利BOSS]1	1	1	12	0	253				
;深渊副本						0						
深渊宝藏	150	150	深渊恶鬼	300	50	2	0	255				
深渊宝藏	150	150	深渊死灵	300	50	2	0	255				
深渊宝藏	150	150	深渊之惧	300	50	2	0	255				
深渊宝藏	150	150	深渊祭祀	300	15	2	0	251				
深渊宝藏	150	150	深渊魔王	300	2	6	0	249				
深渊宝藏	150	150	清风送礼[福利BOSS]1	1	1	12	0	253				
;远古神殿						0						
远古神殿一层	70	70	远古骷髅	150	20	2	0	5				
远古神殿一层	70	70	远古护卫	150	20	2	0	5				
远古神殿一层	70	70	远古射手	150	20	2	0	5				
远古神殿一层	70	70	远古统领	150	20	2	0	5				
远古神殿一层	70	70	远古霸主	150	1	12	0	93				
远古神殿一层	70	70	清风送礼[福利BOSS]1	1	1	12	0	253				
远古神殿二层	50	50	远古骷髅	100	20	2	0	5				
远古神殿二层	50	50	远古护卫	100	20	2	0	5				
远古神殿二层	50	50	远古射手	100	20	2	0	5				
远古神殿二层	50	50	远古统领	100	20	2	0	5				
远古神殿二层	50	50	远古霸主	100	1	12	0	93				
远古神殿二层	50	50	清风送礼[福利BOSS]1	1	1	12	0	253				
远古神殿三层	25	25	远古骷髅	50	50	2	0	5				
远古神殿三层	25	25	远古护卫	50	50	2	0	5				
远古神殿三层	25	25	远古射手	50	50	2	0	5				
远古神殿三层	25	25	远古统领	50	30	2	0	5				
远古神殿三层	27	28	远古霸主	5	1	6	0	93				
远古神殿三层	27	28	清风送礼[福利BOSS]1	1	1	12	0	253				
;恐怖森林						0						
F003	50	50	『BOSS』暴牙蜘蛛	100	25	2	0	255				
F003	50	50	『BOSS』月魔蜘蛛	100	25	2	0	255				
F003	50	50	『BOSS』钢牙蜘蛛	100	25	2	0	255				
F003	50	50	『BOSS』花吻蜘蛛	100	25	2	0	255				
F003	50	50	『BOSS』暗之双头血魔	100	5	2	0	70				
F003	50	50	黑山老妖	100	1	6	0	249				
F003	50	50	清风送礼[福利BOSS]1	1	1	12	0	253				
;镇魔阁						0						
GA1	20	31	『BOSS』暴牙蜘蛛	10	15	2	0	255				
GA1	20	31	『BOSS』月魔蜘蛛	10	15	2	0	255				
GA1	20	31『BOSS』钢牙蜘蛛	10	15	20	0	255					
GA1	20	31『BOSS』花吻蜘蛛	10	15	20	0	255					
GA1	20	31『BOSS』暗之双头血魔	10	5	20	0	70					
GA1	15	25	镇天霸主	10	1	6	0	249				
GA1	20	31	清风送礼[福利BOSS]1	1	1	18	0	253				
;兽人谷						0						
D024	50	50	『BOSS』沃玛卫士	100	40	2	0	255				
D024	50	50	『BOSS』沃玛战士	100	40	2	0	255				
D024	50	50	『BOSS』沃玛勇士	100	40	2	0	255				
D024	50	50	『BOSS』沃玛战将	100	40	2	0	255				
D024	50	50	『BOSS』沃玛教主	100	10	3	0	70				
D024	50	50	兽人王	1	1	6	0	249				
D024	50	50	清风送礼[福利BOSS]1	1	1	18	0	253				
;食人谷						0						
D717	50	50	『BOSS』电僵王	100	30	2	0	255				
D717	50	50	『BOSS』白野猪	100	40	2	0	255				
D717	50	50	『BOSS』黑色恶蛆	100	40	2	0	255				
D717	50	50	『BOSS』邪恶毒蛇	100	20	2	0	255				
D717	58	49	『BOSS』万年树妖	0	3	6	0	70				
D717	50	50	食人魔	100	1	6	0	249				
D717	50	50	清风送礼[福利BOSS]1	1	1	18	0	253				
;古墓遗址						0						
D2079	50	50	『BOSS』牛魔战士	100	20	2	0	255				
D2079	50	50	『BOSS』牛魔侍卫	100	20	2	0	255				
D2079	50	50	『BOSS』牛魔将军	100	20	2	0	255				
D2079	50	50	『BOSS』牛魔法师	100	20	2	0	255				
D2079	50	50	『BOSS』牛魔祭司	100	20	2	0	241				
D2079	50	50	『BOSS』牛魔王	100	5	3	0	70				
D2079	52	51	玛法教主	1	1	6	0	249				
D2079	52	51	清风送礼[福利BOSS]1	1	1	18	0	253				
;腐蚀深渊						0						
腐蚀深渊	50	50	『变异』牛魔法师	100	20	2	0	255				
腐蚀深渊	50	50	『变异』月魔蜘蛛	100	20	2	0	255				
腐蚀深渊	50	50	『变异』黑锷蜘蛛	100	20	2	0	255				
腐蚀深渊	50	50	『变异』血僵尸	100	20	2	0	255				
腐蚀深渊	50	50	『变异』双头血魔	100	3	3	0	70				
腐蚀深渊	52	42	沼泽魔王	0	1	6	0	249				
腐蚀深渊	52	42	清风送礼[福利BOSS]1	1	1	18	0	253				
;藏宝阁						0						
藏宝阁	20	79	千年树妖	0	1	3	0	70				
藏宝阁	80	79	千年树妖	0	1	3	0	70				
藏宝阁	77	22	千年树妖	0	1	3	0	70				
藏宝阁	23	21	千年树妖	0	1	3	0	70				
藏宝阁	50	50	『变异』楔蛾	100	30	2	0	255				
藏宝阁	50	50	『变异』祖玛卫士	100	30	2	0	255				
藏宝阁	50	50	『变异』祖玛雕像	100	30	2	0	255				
藏宝阁	50	50	『变异』祖玛弓箭手	100	30	2	0	255				
藏宝阁	50	50	『变异』牛魔王	100	3	6	0	249				
藏宝阁	50	50	『变异』双头金刚	100	3	6	0	249				
藏宝阁	50	50	『变异』黄泉教主	100	3	6	0	249				
藏宝阁	50	50	『变异』沃玛教主	100	3	6	0	249				
藏宝阁	50	50	『变异』双头血魔	100	3	6	0	249				
藏宝阁	50	50	『变异』虹魔教主	100	3	6	0	249				
藏宝阁	50	50	蚁后	100	3	6	0	249				
藏宝阁	50	50	清风送礼[福利BOSS]1	1	1	18	0	253				
;恶龙池						0						
D2052	50	50	『变异』恶灵僵尸	100	30	2	0	255				
D2052	50	50	『变异』沃玛卫士	100	30	2	0	255				
D2052	50	50	『变异』沃玛勇士	100	30	2	0	255				
D2052	50	50	『变异』钳虫统领	100	5	2	0	255				
D2052	50	50	『变异』黄泉教主	100	5	6	0	70				
D2052	50	50	恶龙之灵	1	1	6	0	249				
D2052	50	50	清风送礼[福利BOSS]1	1	1	18	0	253				
;恶魔禁地						0						
D5071	25	25	『BOSS』骷髅长枪兵	50	20	2	0	255				
D5071	25	25	『BOSS』骷髅刀斧手	50	20	2	0	255				
D5071	25	25	『BOSS』骷髅弓箭手	50	20	2	0	255				
D5071	25	25	『BOSS』恶灵尸王	50	3	2	0	70				
D5071	20	22	『BOSS』万年树妖	1	2	3	0	70				
D5071	20	22	恶魔之主	3	1	6	0	249				
D5071	20	22	清风送礼[福利BOSS]1	1	1	18	0	253				
;白虎禁地						0						
ss1	22	22	圣兽白虎	1	2	6	0	249				
ss1	22	22	『BOSS』黑锷蜘蛛	50	15	2	0	255				
ss1	22	22	『BOSS』钢牙蜘蛛	50	15	2	0	255				
ss1	22	22	『BOSS』花吻蜘蛛	50	15	2	0	255				
ss1	22	22	『BOSS』月魔蜘蛛	50	5	2	0	255				
ss1	22	22	『BOSS』暗之双头血魔	50	5	3	0	70				
ss1	22	22	『BOSS』暗之双头金刚	50	5	3	0	70				
ss1	22	22	清风送礼[福利BOSS]1	1	1	12	0	253				
;朱雀禁地						0						
ss2	22	22	圣兽朱雀	1	2	6	0	249				
ss2	22	22	『BOSS』黑锷蜘蛛	50	15	2	0	255				
ss2	22	22	『BOSS』钢牙蜘蛛	50	15	2	0	255				
ss2	22	22	『BOSS』花吻蜘蛛	50	15	2	0	255				
ss2	22	22	『BOSS』月魔蜘蛛	50	5	2	0	255				
ss2	22	22	『BOSS』暗之双头血魔	50	5	3	0	70				
ss2	22	22	『BOSS』暗之双头金刚	50	5	3	0	70				
ss2	22	22	清风送礼[福利BOSS]1	1	1	12	0	253				
;玄武禁地						0						
ss3	22	22	圣兽玄武	1	2	6	0	249				
ss3	22	22	『BOSS』黑锷蜘蛛	50	15	2	0	255				
ss3	22	22	『BOSS』钢牙蜘蛛	50	15	2	0	255				
ss3	22	22	『BOSS』花吻蜘蛛	50	15	2	0	255				
ss3	22	22	『BOSS』月魔蜘蛛	50	5	2	0	255				
ss3	22	22	『BOSS』暗之双头血魔	50	5	3	0	70				
ss3	22	22	『BOSS』暗之双头金刚	50	5	3	0	70				
ss3	22	22	清风送礼[福利BOSS]1	1	1	12	0	253				
;青龙						0						
ss4	22	22	圣兽青龙	1	2	6	0	249				
ss4	22	22	『BOSS』黑锷蜘蛛	50	15	2	0	255				
ss4	22	22	『BOSS』钢牙蜘蛛	50	15	2	0	255				
ss4	22	22	『BOSS』花吻蜘蛛	50	15	2	0	255				
ss4	22	22	『BOSS』月魔蜘蛛	50	5	2	0	255				
ss4	22	22	『BOSS』暗之双头血魔	50	5	3	0	70				
ss4	22	22	『BOSS』暗之双头金刚	50	5	3	0	70				
ss4	22	22	清风送礼[福利BOSS]1	1	1	12	0	253				
;===========二大路九黎刷怪==============================						0						
九黎	296	491	清风送礼[福利BOSS]2	1	1	12	0	253				
九黎	160	219	封印雕像	50	10	6	0	151				
九黎	160	219	封印雕像	50	10	6	0	151	0	0		
九黎	160	219	流放法师	50	10	6	0	151				
九黎	160	219	流放法师	50	10	6	0	151	0	0		
九黎	160	219	英雄守卫	50	10	6	0	151				
九黎	160	219	英雄守卫	50	10	6	0	151	0	0		
九黎	160	219	鬼将	150	10	6	0	19				
九黎	160	219	鬼将	150	10	6	0	19	0	0		
九黎	160	219	鬼卫	150	10	6	0	19				
九黎	160	219	鬼卫	150	10	6	0	19	0	0		
九黎	160	219	诛魔	150	10	6	0	19				
九黎	160	219	诛魔	150	10	6	0	19	0	0		
九黎	160	219	死侍	150	10	6	0	19				
九黎	160	219	死侍	150	10	6	0	19	0	0		
九黎	160	219	鬼王	150	1	6	0	249				
九黎	160	219	鬼王	150	1	6	0	249	0	0		
九黎	473	206	封印雕像	50	10	6	0	151				
九黎	473	206	封印雕像	50	10	6	0	151	0	0		
九黎	473	206	流放法师	50	10	6	0	151				
九黎	473	206	流放法师	50	10	6	0	151	0	0		
九黎	473	206	英雄守卫	50	10	6	0	151				
九黎	473	206	英雄守卫	50	10	6	0	151	0	0		
九黎	473	206	鬼将	150	10	6	0	19				
九黎	473	206	鬼将	150	10	6	0	19	0	0		
九黎	473	206	鬼卫	150	10	6	0	19				
九黎	473	206	鬼卫	150	10	6	0	19	0	0		
九黎	473	206	诛魔	150	10	6	0	19				
九黎	473	206	诛魔	150	10	6	0	19	0	0		
九黎	473	206	死侍	150	10	6	0	19				
九黎	473	206	死侍	150	10	6	0	19	0	0		
九黎	473	206	鬼王	150	1	6	0	249				
九黎	473	206	鬼王	150	1	6	0	249	0	0		
九黎	358	448	封印雕像	50	10	6	0	151				
九黎	358	448	封印雕像	50	10	6	0	151	0	0		
九黎	358	448	流放法师	50	10	6	0	151				
九黎	358	448	流放法师	50	10	6	0	151	0	0		
九黎	358	448	英雄守卫	50	10	6	0	151				
九黎	358	448	英雄守卫	50	10	6	0	151	0	0		
九黎	358	448	鬼将	150	10	6	0	19				
九黎	358	448	鬼将	150	10	6	0	19	0	0		
九黎	358	448	鬼卫	150	10	6	0	19				
九黎	358	448	鬼卫	150	10	6	0	19	0	0		
九黎	358	448	诛魔	150	10	6	0	19				
九黎	358	448	诛魔	150	10	6	0	19	0	0		
九黎	358	448	死侍	150	10	6	0	19				
九黎	358	448	死侍	150	10	6	0	19	0	0		
九黎	358	448	鬼王	150	1	6	0	249				
九黎	358	448	鬼王	150	1	6	0	249	0	0		
九黎	168	490	封印雕像	50	10	6	0	151				
九黎	168	490	封印雕像	50	10	6	0	151	0	0		
九黎	168	490	流放法师	50	10	6	0	151				
九黎	168	490	流放法师	50	10	6	0	151	0	0		
九黎	168	490	英雄守卫	50	10	6	0	151				
九黎	168	490	英雄守卫	50	10	6	0	151	0	0		
九黎	168	490	鬼将	150	10	6	0	19				
九黎	168	490	鬼将	150	10	6	0	19	0	0		
九黎	168	490	鬼卫	150	10	6	0	19				
九黎	168	490	鬼卫	150	10	6	0	19	0	0		
九黎	168	490	诛魔	150	10	6	0	19				
九黎	168	490	诛魔	150	10	6	0	19	0	0		
九黎	168	490	死侍	150	10	6	0	19				
九黎	168	490	死侍	150	10	6	0	19	0	0		
九黎	168	490	鬼王	150	1	6	0	249				
九黎	168	490	鬼王	150	1	6	0	249	0	0		
;流放之地						0						
D415	48	42	流放卫士	20	10	3	0	154	0	0		
D415	48	42	流放勇士	20	10	3	0	154	0	0		
D415	48	42	流放法师	20	10	3	0	154	0	0		
D415	48	42	流放护卫	20	10	3	0	154	0	0		
D415	48	42	流放卫士	20	10	3	0	154				
D415	48	42	流放勇士	20	10	3	0	154				
D415	48	42	流放法师	20	10	3	0	154				
D415	48	42	流放护卫	20	10	3	0	154				
D415	48	42	迷失罪恶狂徒	20	1	12	0	70				
流放之地	100	100	流放卫士	200	15	3	0	154	0	0		
流放之地	100	100	流放勇士	200	15	3	0	154	0	0		
流放之地	100	100	流放法师	200	15	3	0	154	0	0		
流放之地	100	100	流放护卫	200	15	3	0	154	0	0		
流放之地	100	100	流放卫士	200	15	3	0	154				
流放之地	100	100	流放勇士	200	15	3	0	154				
流放之地	100	100	流放法师	200	15	3	0	154				
流放之地	100	100	流放护卫	200	15	3	0	154				
流放之地	100	100	迷失罪恶狂徒	200	2	6	0	70				
流放之地	100	100	清风送礼[福利BOSS]2	1	1	12	0	253				
;峡谷之巅						0						
峡谷之巅	150	150	峡谷魔珠	300	20	3	0	2	0	0		
峡谷之巅	150	150	峡谷蝙蝠	300	20	3	0	2	0	0		
峡谷之巅	150	150	峡谷天蝎	300	20	3	0	2	0	0		
峡谷之巅	150	150	峡谷巨魔	300	20	3	0	2	0	0		
峡谷之巅	150	150	峡谷魔珠	300	20	3	0	2				
峡谷之巅	150	150	峡谷蝙蝠	300	20	3	0	2				
峡谷之巅	150	150	峡谷天蝎	300	20	3	0	2				
峡谷之巅	150	150	峡谷巨魔	300	20	3	0	2				
峡谷之巅	150	150	峡谷恶魔	100	1	6	0	70				
峡谷宝藏	25	25	峡谷魔珠	50	25	3	0	2	0	0		
峡谷宝藏	25	25	峡谷蝙蝠	50	10	3	0	2	0	0		
峡谷宝藏	25	25	峡谷巨魔	50	10	3	0	2	0	0		
峡谷宝藏	25	25	峡谷魔珠	50	25	3	0	2				
峡谷宝藏	25	25	峡谷蝙蝠	50	10	3	0	2				
峡谷宝藏	25	25	峡谷巨魔	50	10	3	0	2				
峡谷宝藏	25	25	峡谷恶魔	20	2	6	0	70				
峡谷宝藏	25	25	清风送礼[福利BOSS]2	1	1	12	0	253				
;英雄之地						0						
D416	50	40	英雄护卫	30	10	3	0	5	0	0		
D416	50	40	英雄守卫	30	10	3	0	5	0	0		
D416	50	40	英雄将军	30	10	3	0	5	0	0		
D416	50	40	英雄祭祀	30	2	3	0	5	0	0		
D416	50	40	英雄护卫	30	10	3	0	5				
D416	50	40	英雄守卫	30	10	3	0	5				
D416	50	40	英雄将军	30	10	3	0	5				
D416	50	40	英雄祭祀	30	2	3	0	5				
D416	50	40	英雄霸主	30	1	12	0	5				
英雄之地	50	50	英雄护卫	100	15	3	0	5	0	0		
英雄之地	50	50	英雄守卫	100	15	3	0	5	0	0		
英雄之地	50	50	英雄将军	100	15	3	0	5	0	0		
英雄之地	50	50	英雄祭祀	100	5	3	0	5	0	0		
英雄之地	50	50	英雄护卫	100	15	3	0	5				
英雄之地	50	50	英雄守卫	100	15	3	0	5				
英雄之地	50	50	英雄将军	100	15	3	0	5				
英雄之地	50	50	英雄祭祀	100	5	3	0	5				
英雄之地	52	51	英雄霸主	1	2	6	0	70				
英雄之地	52	51	清风送礼[福利BOSS]2	1	1	12	0	253				
;封印之地						0						
D414	49	41	封印射手	20	10	3	0	9	0	0		
D414	49	41	封印雕像	20	10	3	0	9	0	0		
D414	49	41	封印修罗	20	10	3	0	9	0	0		
D414	49	41	封印尸王	20	5	3	0	9	0	0		
D414	49	41	封印魔王	20	1	12	0	70				
D414	49	41	封印射手	20	10	3	0	9				
D414	49	41	封印雕像	20	10	3	0	9				
D414	49	41	封印修罗	20	10	3	0	9				
D414	49	41	封印尸王	20	5	3	0	9				
封印之地	100	100	封印雕像	200	15	3	0	9	0	0		
封印之地	100	100	封印射手	200	15	3	0	9	0	0		
封印之地	100	100	封印修罗	200	15	3	0	9	0	0		
封印之地	100	100	封印尸王	200	5	3	0	9	0	0		
封印之地	100	100	封印雕像	200	15	3	0	9				
封印之地	100	100	封印射手	200	15	3	0	9				
封印之地	100	100	封印修罗	200	15	3	0	9				
封印之地	100	100	封印尸王	200	5	3	0	9				
封印之地	100	100	封印魔王	200	2	6	0	70				
封印之地	100	100	清风送礼[福利BOSS]2	1	1	12	0	253				
;想思墓穴						0						
相思墓穴一层	70	70	远古红野猪	150	20	3	0	128				
相思墓穴一层	70	70	远古黑野猪	150	20	3	0	128				
相思墓穴一层	70	70	远古白野猪	150	20	3	0	128				
相思墓穴一层	70	70	远古蝎卫	150	20	3	0	128				
相思墓穴一层	70	70	远古暴躁猪魔	150	1	12	0	249				
相思墓穴二层	70	70	远古红野猪	150	15	3	0	128	0	0		
相思墓穴二层	70	70	远古黑野猪	150	15	3	0	128	0	0		
相思墓穴二层	70	70	远古白野猪	150	15	3	0	128	0	0		
相思墓穴二层	70	70	远古蝎卫	150	15	3	0	128	0	0		
相思墓穴二层	70	70	远古红野猪	150	15	3	0	128				
相思墓穴二层	70	70	远古黑野猪	150	15	3	0	128				
相思墓穴二层	70	70	远古白野猪	150	15	3	0	128				
相思墓穴二层	70	70	远古蝎卫	150	15	3	0	128				
相思墓穴二层	100	100	远古暴躁猪魔	200	1	12	0	249				
相思墓穴三层	100	100	远古红野猪	200	15	3	0	128	0	0		
相思墓穴三层	100	100	远古黑野猪	200	15	3	0	128	0	0		
相思墓穴三层	100	100	远古白野猪	200	15	3	0	128	0	0		
相思墓穴三层	100	100	远古蝎卫	200	15	3	0	128	0	0		
相思墓穴三层	100	100	远古红野猪	200	15	3	0	128				
相思墓穴三层	100	100	远古黑野猪	200	15	3	0	128				
相思墓穴三层	100	100	远古白野猪	200	15	3	0	128				
相思墓穴三层	100	100	远古蝎卫	200	15	3	0	128				
相思墓穴三层	100	100	远古暴躁猪魔	200	2	6	0	249				
相思墓穴三层	100	100	清风送礼[福利BOSS]2	1	1	12	0	253				
;寂静神殿						0						
寂静神殿一层	50	50	寂静护卫	100	20	3	0	151				
寂静神殿一层	50	50	寂静法师	100	20	3	0	151				
寂静神殿一层	50	50	寂静勇士	100	20	3	0	151				
寂静神殿一层	50	50	寂静统领	100	1	6	0	151				
寂静神殿一层	50	50	寂静之主※霸主	100	1	15	0	249				
寂静神殿二层	50	50	寂静护卫	100	20	3	0	151				
寂静神殿二层	50	50	寂静法师	100	20	3	0	151				
寂静神殿二层	50	50	寂静勇士	100	20	3	0	151				
寂静神殿二层	50	50	寂静统领	100	2	6	0	151				
寂静神殿二层	50	50	寂静之主※霸主	100	1	15	0	249				
寂静神殿三层	50	50	寂静护卫	100	15	3	0	151	0	0		
寂静神殿三层	50	50	寂静法师	100	15	3	0	151	0	0		
寂静神殿三层	50	50	寂静勇士	100	15	3	0	151	0	0		
寂静神殿三层	50	50	寂静统领	100	2	6	0	151	0	0		
寂静神殿三层	50	50	寂静护卫	100	15	3	0	151				
寂静神殿三层	50	50	寂静法师	100	15	3	0	151				
寂静神殿三层	50	50	寂静勇士	100	15	3	0	151				
寂静神殿三层	50	50	寂静统领	100	2	6	0	151				
寂静神殿三层	50	50	寂静之主※霸主	100	1	12	0	249				
寂静神殿四层	50	50	寂静护卫	100	15	3	0	151	0	0		
寂静神殿四层	50	50	寂静法师	100	15	3	0	151	0	0		
寂静神殿四层	50	50	寂静勇士	100	15	3	0	151	0	0		
寂静神殿四层	50	50	寂静统领	100	3	6	0	151	0	0		
寂静神殿四层	50	50	寂静护卫	100	15	3	0	151				
寂静神殿四层	50	50	寂静法师	100	15	3	0	151				
寂静神殿四层	50	50	寂静勇士	100	15	3	0	151				
寂静神殿四层	50	50	寂静统领	100	3	6	0	151				
寂静神殿四层	50	50	寂静之主※霸主	100	1	9	0	249				
寂静神殿四层	50	50	清风送礼[福利BOSS]2	1	1	12	0	253				
寂静神殿五层	20	20	寂静护卫	100	15	3	0	151	0	0		
寂静神殿五层	20	20	寂静法师	100	15	3	0	151	0	0		
寂静神殿五层	20	20	寂静勇士	100	15	3	0	151	0	0		
寂静神殿五层	20	20	寂静统领	100	5	3	0	151	0	0		
寂静神殿五层	20	20	寂静护卫	100	15	3	0	151				
寂静神殿五层	20	20	寂静法师	100	15	3	0	151				
寂静神殿五层	20	20	寂静勇士	100	15	3	0	151				
寂静神殿五层	20	20	寂静统领	100	5	3	0	151				
寂静神殿五层	15	18	寂静之主※霸主	1	2	6	0	249				
寂静神殿五层	15	18	清风送礼[福利BOSS]2	1	1	12	0	253				
;虫穴						0						
虫穴一层	50	50	鬼牙蛛	100	20	3	0	222				
虫穴一层	50	50	致命毒蝎	100	20	3	0	23				
虫穴一层	50	50	天影魔蛛	100	20	3	0	60				
虫穴一层	50	50	三头王蛇	100	20	3	0	168				
虫穴一层	75	72	玄冥化身莽	100	1	6	0	70				
虫穴一层	75	72	上古变异虫王	100	1	15	0	249				
虫穴二层	50	50	鬼牙蛛	100	20	3	0	222				
虫穴二层	50	50	致命毒蝎	100	20	3	0	23				
虫穴二层	50	50	天影魔蛛	100	20	3	0	60				
虫穴二层	50	50	三头王蛇	100	20	3	0	168				
虫穴二层	75	72	玄冥化身莽	100	2	6	0	70				
虫穴二层	75	72	上古变异虫王	100	1	15	0	249				
虫穴三层	60	60	鬼牙蛛	120	15	3	0	222	0	0		
虫穴三层	60	60	致命毒蝎	120	15	3	0	23	0	0		
虫穴三层	60	60	天影魔蛛	120	15	3	0	60	0	0		
虫穴三层	60	60	三头王蛇	120	15	3	0	168	0	0		
虫穴三层	75	72	玄冥化身莽	100	1	6	0	70	0	0		
虫穴三层	60	60	鬼牙蛛	120	15	3	0	222				
虫穴三层	60	60	致命毒蝎	120	15	3	0	23				
虫穴三层	60	60	天影魔蛛	120	15	3	0	60				
虫穴三层	60	60	三头王蛇	120	15	3	0	168				
虫穴三层	75	72	玄冥化身莽	100	1	6	0	70				
虫穴三层	75	72	上古变异虫王	100	1	12	0	249				
虫穴四层	70	70	鬼牙蛛	150	15	3	0	222	0	0		
虫穴四层	70	70	致命毒蝎	150	15	3	0	23	0	0		
虫穴四层	70	70	天影魔蛛	150	15	3	0	60	0	0		
虫穴四层	70	70	三头王蛇	150	15	3	0	168	0	0		
虫穴四层	75	72	玄冥化身莽	100	2	6	0	70	0	0		
虫穴四层	70	70	鬼牙蛛	150	15	3	0	222				
虫穴四层	70	70	致命毒蝎	150	15	3	0	23				
虫穴四层	70	70	天影魔蛛	150	15	3	0	60				
虫穴四层	70	70	三头王蛇	150	15	3	0	168				
虫穴四层	75	72	玄冥化身莽	100	2	6	0	70				
虫穴四层	75	72	上古变异虫王	100	1	9	0	249				
虫穴四层	75	72	清风送礼[福利BOSS]2	1	1	12	0	253				
虫穴五层	70	70	鬼牙蛛	150	15	3	0	222	0	0		
虫穴五层	70	70	致命毒蝎	150	15	3	0	23	0	0		
虫穴五层	70	70	天影魔蛛	150	15	3	0	60	0	0		
虫穴五层	70	70	三头王蛇	150	15	3	0	168	0	0		
虫穴五层	75	72	玄冥化身莽	1	3	6	0	70	0	0		
虫穴五层	70	70	鬼牙蛛	150	15	3	0	222				
虫穴五层	70	70	致命毒蝎	150	15	3	0	23				
虫穴五层	70	70	天影魔蛛	150	15	3	0	60				
虫穴五层	70	70	三头王蛇	150	15	3	0	168				
虫穴五层	75	72	玄冥化身莽	1	3	6	0	70				
虫穴五层	84	79	上古变异虫王	1	2	6	0	249				
虫穴五层	84	79	清风送礼[福利BOSS]2	1	1	12	0	253				
;群魔城堡						0						
D616	58	58	英雄护卫	50	15	3	0	131	0	0		
D616	58	58	英雄守卫	50	15	3	0	132	0	0		
D616	58	58	英雄祭祀	50	15	3	0	191	0	0		
D616	58	58	英雄护卫	50	15	3	0	131				
D616	58	58	英雄守卫	50	15	3	0	132				
D616	58	58	英雄祭祀	50	15	3	0	191				
D616	58	58	通天教主	30	1	12	0	249				
群魔城堡	15	15	英雄护卫	30	15	3	0	131	0	0		
群魔城堡	15	15	英雄守卫	30	15	3	0	132	0	0		
群魔城堡	15	15	英雄祭祀	30	15	3	0	191	0	0		
群魔城堡	15	15	英雄护卫	30	15	3	0	131				
群魔城堡	15	15	英雄守卫	30	15	3	0	132				
群魔城堡	15	15	英雄祭祀	30	15	3	0	191				
群魔城堡	15	15	通天教主	30	2	6	0	249				
群魔城堡	15	15	清风送礼[福利BOSS]2	1	1	12	0	253				
;九黎皇宫						0						
D2004	48	43	流放卫士	50	15	3	0	187	0	0		
D2004	48	43	流放勇士	50	15	3	0	228	0	0		
D2004	48	43	流放法师	50	15	3	0	232	0	0		
D2004	48	43	流放卫士	50	15	3	0	187				
D2004	48	43	流放勇士	50	15	3	0	228				
D2004	48	43	流放法师	50	15	3	0	232				
D2004	48	43	持国天王	50	1	12	0	249				
九黎皇宫	25	25	流放卫士	50	15	3	0	187	0	0		
九黎皇宫	25	25	流放勇士	50	15	3	0	228	0	0		
九黎皇宫	25	25	流放法师	50	15	3	0	232	0	0		
九黎皇宫	25	25	流放卫士	50	15	3	0	187				
九黎皇宫	25	25	流放勇士	50	15	3	0	228				
九黎皇宫	25	25	流放法师	50	15	3	0	232				
九黎皇宫	25	25	持国天王	50	2	6	0	249				
九黎皇宫	25	25	清风送礼[福利BOSS]2	1	1	12	0	253				
;恶魔之心						0						
D613	55	56	峡谷魔珠	50	15	3	0	171	0	0		
D613	55	56	峡谷蝙蝠	50	15	3	0	229	0	0		
D613	55	56	峡谷巨魔	50	15	3	0	251	0	0		
D613	55	56	峡谷魔珠	50	15	3	0	171				
D613	55	56	峡谷蝙蝠	50	15	3	0	229				
D613	55	56	峡谷巨魔	50	15	3	0	251				
D613	55	56	人面魔珠	50	1	12	0	249				
恶魔之心	10	10	峡谷魔珠	15	15	3	0	171	0	0		
恶魔之心	10	10	峡谷蝙蝠	15	15	3	0	229	0	0		
恶魔之心	10	10	峡谷巨魔	15	15	3	0	251	0	0		
恶魔之心	10	10	峡谷魔珠	15	15	3	0	171				
恶魔之心	10	10	峡谷蝙蝠	15	15	3	0	229				
恶魔之心	10	10	峡谷巨魔	15	15	3	0	251				
恶魔之心	10	10	人面魔珠	20	2	6	0	249				
恶魔之心	10	10	清风送礼[福利BOSS]2	1	1	12	0	253				
;潜龙峡谷						0						
D617	50	73	鬼将	60	15	3	0	198	0	0		
D617	50	73	鬼卫	60	15	3	0	254	0	0		
D617	50	73	诛魔	60	15	3	0	253	0	0		
D617	50	73	鬼将	60	15	3	0	198				
D617	50	73	鬼卫	60	15	3	0	254				
D617	50	73	诛魔	60	15	3	0	253				
D617	50	73	上古大妖	1	1	12	0	249				
潜龙峡谷	64	27	鬼将	100	15	3	0	198	0	0		
潜龙峡谷	64	27	鬼卫	100	15	3	0	254	0	0		
潜龙峡谷	64	27	诛魔	100	15	3	0	253	0	0		
潜龙峡谷	64	27	鬼将	100	15	3	0	198				
潜龙峡谷	64	27	鬼卫	100	15	3	0	254				
潜龙峡谷	64	27	诛魔	100	15	3	0	253				
潜龙峡谷	64	27	上古大妖	100	2	6	0	249				
潜龙峡谷	64	27	清风送礼[福利BOSS]2	1	1	12	0	253				
;失落之地						0						
D615	51	46	封印雕像	80	15	3	0	156	0	0		
D615	51	46	封印修罗	80	15	3	0	158	0	0		
D615	51	46	封印尸王	80	15	3	0	241	0	0		
D615	51	46	封印雕像	80	15	3	0	156				
D615	51	46	封印修罗	80	15	3	0	158				
D615	51	46	封印尸王	80	15	3	0	241				
D615	51	46	紫微大帝	1	1	12	0	249				
失落之地	36	32	封印雕像	20	15	3	0	156	0	0		
失落之地	36	32	封印修罗	20	15	3	0	158	0	0		
失落之地	36	32	封印尸王	20	15	3	0	241	0	0		
失落之地	36	32	封印雕像	20	15	3	0	156				
失落之地	36	32	封印修罗	20	15	3	0	158				
失落之地	36	32	封印尸王	20	15	3	0	241				
失落之地	36	32	紫微大帝	1	2	6	0	249				
失落之地	36	32	清风送礼[福利BOSS]2	1	1	12	0	253				
;九幽洞						0						
D2003	151	173	远古蝎卫	100	30	3	0	159	0	0		
D2003	151	173	鬼将	100	30	3	0	150	0	0		
D2003	151	173	死侍	100	30	3	0	146	0	0		
D2003	151	173	远古蝎卫	100	15	3	0	159				
D2003	151	173	鬼将	100	15	3	0	150				
D2003	151	173	死侍	100	15	3	0	146				
D2003	151	173	上古巨魔	1	1	12	0	249				
九幽洞	50	50	远古蝎卫	100	15	3	0	159	0	0		
九幽洞	50	50	鬼将	100	15	3	0	150	0	0		
九幽洞	50	50	死侍	100	15	3	0	146	0	0		
九幽洞	50	50	远古蝎卫	100	15	3	0	159				
九幽洞	50	50	鬼将	100	15	3	0	150				
九幽洞	50	50	死侍	100	15	3	0	146				
九幽洞	50	50	上古巨魔	100	2	6	0	249				
九幽洞	50	50	清风送礼[福利BOSS]2	1	1	12	0	253				
;======================三大陆天合关地图========================						0						
;落日神殿						0						
天合关	436	310	落日守卫	500	50	10	0	96	0	0		
天合关	436	310	落日勇士	500	50	10	0	96	0	0		
天合关	436	310	落日护法	500	50	10	0	96	0	0		
天合关	436	310	落日将军	500	15	10	0	251	0	0		
天合关	436	310	落日战神	500	1	10	0	249	0	0		
天合关	436	310	献祭者	500	50	10	0	96	0	0		
天合关	436	310	陪葬品	500	50	10	0	96	0	0		
天合关	436	310	信徒	500	50	10	0	96	0	0		
天合关	436	310	恶毒的祭祀	500	15	10	0	251	0	0		
天合关	436	310	法外狂徒	500	1	10	0	249	0	0		
天合关	436	310	清风送礼[福利BOSS]3	1	1	12	0	253				
天合关	436	310	落日守卫	500	50	10	0	96				
天合关	436	310	落日勇士	500	50	10	0	96				
天合关	436	310	落日护法	500	50	10	0	96				
天合关	436	310	落日将军	500	15	10	0	251				
天合关	436	310	落日战神	500	1	10	0	249				
天合关	436	310	献祭者	500	50	10	0	96				
天合关	436	310	陪葬品	500	50	10	0	96				
天合关	436	310	信徒	500	50	10	0	96				
天合关	436	310	恶毒的祭祀	500	15	10	0	251				
天合关	436	310	法外狂徒	500	1	10	0	249				
;乱葬岗						0						
乱葬岗	100	100	坟尸	200	30	3	0	255	0	0		
乱葬岗	100	100	掘墓者	200	30	3	0	190	0	0		
乱葬岗	100	100	枯骨灵刃	200	30	3	0	175	0	0		
乱葬岗	100	100	亡灵战将	200	3	3	0	70	0	0		
乱葬岗	100	100	坟尸	200	30	3	0	255				
乱葬岗	100	100	掘墓者	200	30	3	0	190				
乱葬岗	100	100	枯骨灵刃	200	30	3	0	175				
乱葬岗	100	100	亡灵战将	200	3	3	0	70				
乱葬岗	100	100	重生之骷髅王	200	3	6	0	249				
乱葬岗	117	188	清风送礼[福利BOSS]3	1	1	12	0	253				
;石魁牧野						0						
石魁牧野	50	50	夜罗刹	100	20	3	0	191	0	0		
石魁牧野	50	50	嗜血僵尸	100	20	3	0	168	0	0		
石魁牧野	50	50	邪恶异蛇	100	20	3	0	149	0	0		
石魁牧野	50	50	邪恶力士	100	3	3	0	70	0	0		
石魁牧野	50	50	夜罗刹	100	20	3	0	191				
石魁牧野	50	50	嗜血僵尸	100	20	3	0	168				
石魁牧野	50	50	邪恶异蛇	100	20	3	0	149				
石魁牧野	50	50	邪恶力士	100	3	3	0	70				
石魁牧野	50	50	石魁	100	3	6	0	249				
石魁牧野	82	26	清风送礼[福利BOSS]3	0	1	12	0	253				
;古八阵						0						
古八阵	100	100	圣地雕像	200	20	3	0	139	0	0		
古八阵	100	100	圣地卫士	200	20	3	0	146	0	0		
古八阵	100	100	圣地射手	200	20	3	0	255	0	0		
古八阵	100	100	圣地邪蝎	200	3	3	0	70	0	0		
古八阵	100	100	圣地雕像	200	30	3	0	139				
古八阵	100	100	圣地卫士	200	30	3	0	146				
古八阵	100	100	圣地射手	200	30	3	0	255				
古八阵	100	100	圣地邪蝎	200	3	3	0	70				
古八阵	100	100	圣地教主	200	3	6	0	249				
古八阵	100	100	清风送礼[福利BOSS]3	1	1	12	0	253				
;泰摩高地						0						
泰摩高地	102	94	邪恶楔蛾	200	30	3	0	255	0	0		
泰摩高地	102	94	邪恶红野猪	200	30	3	0	147	0	0		
泰摩高地	102	94	邪恶黑野猪	200	30	3	0	89	0	0		
泰摩高地	102	94	邪恶白野猪	200	4	3	0	70	0	0		
泰摩高地	102	94	邪恶楔蛾	200	30	3	0	255				
泰摩高地	102	94	邪恶红野猪	200	30	3	0	147				
泰摩高地	102	94	邪恶黑野猪	200	30	3	0	89				
泰摩高地	102	94	邪恶白野猪	200	4	3	0	70				
泰摩高地	102	94	邪恶野猪之王	200	3	6	0	249				
泰摩高地	121	75	清风送礼[福利BOSS]3	1	1	12	0	253				
;万兽森林						0						
0100	11	14	树妖	10	3	3	0	250				
0100	11	14	食魔花	10	3	3	0	241				
0100	11	14	邪恶树精	10	3	3	0	251				
0100	11	14	千年树精	10	1	3	0	70				
0100	11	14	树妖	10	3	3	0	250	0	0		
0100	11	14	食魔花	10	3	3	0	241	0	0		
0100	11	14	邪恶树精	10	3	3	0	251	0	0		
0100	11	14	千年树精	10	1	3	0	70	0	0		
万兽森林	150	200	树妖	200	50	3	0	250	0	0		
万兽森林	150	200	食魔花	200	50	3	0	241	0	0		
万兽森林	150	200	邪恶树精	200	50	3	0	251	0	0		
万兽森林	150	200	千年树精	200	5	3	0	70	0	0		
万兽森林	150	200	树妖	200	50	3	0	250				
万兽森林	150	200	食魔花	200	50	3	0	241				
万兽森林	150	200	邪恶树精	200	50	3	0	251				
万兽森林	150	200	千年树精	200	5	3	0	70				
万兽森林	150	200	大地之主	100	3	6	0	249				
万兽森林	150	200	清风送礼[福利BOSS]3	1	1	12	0	253				
;生死之地						0						
0105	11	14	夜行鬼	20	3	3	0	42				
0105	11	14	幽灵猿犬	20	3	3	0	96				
0105	11	14	幽冥魂	20	3	3	0	94				
0105	11	14	死神将领	20	1	3	0	250				
0105	11	14	夜行鬼	20	3	3	0	42	0	0		
0105	11	14	幽灵猿犬	20	3	3	0	96	0	0		
0105	11	14	幽冥魂	20	3	3	0	94	0	0		
0105	11	14	死神将领	20	1	3	0	250	0	0		
生死之地	120	120	夜行鬼	120	20	3	0	42	0	0		
生死之地	120	120	幽灵猿犬	120	20	3	0	96	0	0		
生死之地	120	120	幽冥魂	120	20	3	0	94	0	0		
生死之地	120	120	死神将领	120	3	3	0	250	0	0		
生死之地	121	279	夜行鬼	120	20	3	0	42	0	0		
生死之地	121	279	幽灵猿犬	120	20	3	0	96	0	0		
生死之地	121	279	幽冥魂	120	20	3	0	94	0	0		
生死之地	121	279	死神将领	120	3	3	0	250	0	0		
生死之地	279	281	夜行鬼	120	20	3	0	42	0	0		
生死之地	279	281	幽灵猿犬	120	20	3	0	96	0	0		
生死之地	279	281	幽冥魂	120	20	3	0	94	0	0		
生死之地	279	281	死神将领	120	3	3	0	250	0	0		
生死之地	282	120	夜行鬼	120	20	3	0	42	0	0		
生死之地	282	120	幽灵猿犬	120	20	3	0	96	0	0		
生死之地	282	120	幽冥魂	120	20	3	0	94	0	0		
生死之地	282	120	死神将领	120	3	3	0	250	0	0		
生死之地	120	120	夜行鬼	120	20	3	0	42				
生死之地	120	120	幽灵猿犬	120	20	3	0	96				
生死之地	120	120	幽冥魂	120	20	3	0	94				
生死之地	120	120	死神将领	120	3	3	0	250				
生死之地	120	120	恐惧之王	120	1	6	0	249				
生死之地	121	279	夜行鬼	120	20	3	0	42				
生死之地	121	279	幽灵猿犬	120	20	3	0	96				
生死之地	121	279	幽冥魂	120	20	3	0	94				
生死之地	121	279	死神将领	120	3	3	0	250				
生死之地	121	279	恐惧之王	120	1	6	0	249				
生死之地	279	281	夜行鬼	120	20	3	0	42				
生死之地	279	281	幽灵猿犬	120	20	3	0	96				
生死之地	279	281	幽冥魂	120	20	3	0	94				
生死之地	279	281	死神将领	120	3	3	0	250				
生死之地	279	281	恐惧之王	120	1	6	0	249				
生死之地	282	120	夜行鬼	120	20	3	0	42				
生死之地	282	120	幽灵猿犬	120	20	3	0	96				
生死之地	282	120	幽冥魂	120	20	3	0	94				
生死之地	282	120	死神将领	120	3	3	0	250				
生死之地	282	120	清风送礼[福利BOSS]3	1	1	12	0	253				
;亡灵地宫						0						
0101	11	14	接引者	60	3	3	0	156				
0101	11	14	渡鸦	60	3	3	0	116				
0101	11	14	亡灵祭祀	60	3	3	0	228				
0101	11	14	亡灵之魂	60	1	3	0	255				
0101	11	14	接引者	60	3	3	0	156	0	0		
0101	11	14	渡鸦	60	3	3	0	116	0	0		
0101	11	14	亡灵祭祀	60	3	3	0	228	0	0		
0101	11	14	亡灵之魂	60	1	3	0	255	0	0		
亡灵地宫	30	109	接引者	60	10	3	0	156	0	0		
亡灵地宫	30	109	渡鸦	60	10	3	0	116	0	0		
亡灵地宫	30	109	亡灵祭祀	60	10	3	0	228	0	0		
亡灵地宫	30	109	亡灵之魂	60	3	3	0	255	0	0		
亡灵地宫	123	60	接引者	60	10	3	0	156	0	0		
亡灵地宫	123	60	渡鸦	60	10	3	0	116	0	0		
亡灵地宫	123	60	亡灵祭祀	60	10	3	0	228	0	0		
亡灵地宫	123	60	亡灵之魂	60	3	3	0	255	0	0		
亡灵地宫	38	18	接引者	60	10	3	0	156	0	0		
亡灵地宫	38	18	渡鸦	60	10	3	0	116	0	0		
亡灵地宫	38	18	亡灵祭祀	60	10	3	0	228	0	0		
亡灵地宫	38	18	亡灵之魂	60	3	3	0	255	0	0		
亡灵地宫	30	109	接引者	60	10	3	0	156				
亡灵地宫	30	109	渡鸦	60	10	3	0	116				
亡灵地宫	30	109	亡灵祭祀	60	10	3	0	228				
亡灵地宫	30	109	亡灵之魂	60	3	3	0	255				
亡灵地宫	30	109	帝魂	50	1	6	0	249				
亡灵地宫	123	60	接引者	60	10	3	0	156				
亡灵地宫	123	60	渡鸦	60	10	3	0	116				
亡灵地宫	123	60	亡灵祭祀	60	10	3	0	228				
亡灵地宫	123	60	亡灵之魂	60	3	3	0	255				
亡灵地宫	123	60	帝魂	50	1	6	0	249				
亡灵地宫	38	18	接引者	60	10	3	0	156				
亡灵地宫	38	18	渡鸦	60	10	3	0	116				
亡灵地宫	38	18	亡灵祭祀	60	10	3	0	228				
亡灵地宫	38	18	亡灵之魂	60	3	3	0	255				
亡灵地宫	38	18	帝魂	50	1	6	0	249				
亡灵地宫	66	75	清风送礼[福利BOSS]3	1	1	12	0	253				
;皇陵古墓						0						
0107	10	13	圣殿★卫士	20	4	3	0	240				
0107	10	13	恶魔★蜘蛛	20	1	3	0	252				
0107	10	13	金杖★蜘蛛	20	3	3	0	254				
0107	10	13	圣殿★卫士	20	4	3	0	240	0	0		
0107	10	13	恶魔★蜘蛛	20	1	3	0	252	0	0		
0107	10	13	金杖★蜘蛛	20	3	3	0	254	0	0		
0107	10	13	上古★火蜥蜴	20	1	3	0	250	0	0		
皇陵古墓	127	113	圣殿★卫士	150	30	3	0	240	0	0		
皇陵古墓	127	113	恶魔★蜘蛛	150	30	3	0	252	0	0		
皇陵古墓	127	113	金杖★蜘蛛	150	30	3	0	254	0	0		
皇陵古墓	127	113	上古★火蜥蜴	150	3	3	0	250	0	0		
皇陵古墓	127	113	圣殿★卫士	150	30	3	0	240				
皇陵古墓	127	113	恶魔★蜘蛛	150	30	3	0	252				
皇陵古墓	127	113	金杖★蜘蛛	150	30	3	0	254				
皇陵古墓	127	113	上古★火蜥蜴	150	3	3	0	250				
皇陵古墓	127	113	独角巨魔	150	3	6	0	249				
皇陵古墓	127	113	清风送礼[福利BOSS]3	1	1	12	0	253				
;阴风洞						0						
0108	10	13	风干的枪客	10	4	3	0	2				
0108	10	13	闻风丧胆的刀斧手	10	4	3	0	5				
0108	10	13	失去魂魄的神射手	10	1	3	0	132				
0108	10	13	丧失理智的锤手	10	1	3	0	70				
0108	10	13	风干的枪客	10	4	3	0	2	0	0		
0108	10	13	闻风丧胆的刀斧手	10	4	3	0	5	0	0		
0108	10	13	失去魂魄的神射手	10	1	3	0	132	0	0		
0108	10	13	丧失理智的锤手	10	1	3	0	70	0	0		
阴风洞	90	84	风干的枪客	150	30	3	0	2	0	0		
阴风洞	90	84	闻风丧胆的刀斧手	150	30	3	0	5	0	0		
阴风洞	90	84	失去魂魄的神射手	150	30	3	0	132	0	0		
阴风洞	90	84	丧失理智的锤手	150	3	3	0	70	0	0		
阴风洞	90	84	风干的枪客	150	30	3	0	2				
阴风洞	90	84	闻风丧胆的刀斧手	150	30	3	0	5				
阴风洞	90	84	失去魂魄的神射手	150	30	3	0	132				
阴风洞	90	84	丧失理智的锤手	150	3	3	0	70				
阴风洞	90	84	恐惧魔蝎	150	3	6	0	249				
阴风洞	90	84	清风送礼[福利BOSS]3	1	1	12	0	253				
;将军坟						0						
0121	13	6	千年老尸	50	3	3	0	162				
0121	13	6	黑风僵尸	50	3	3	0	180				
0121	13	6	暴虐尸王	150	3	3	0	247				
0121	13	6	千年老尸	50	3	3	0	162	0	0		
0121	13	6	黑风僵尸	50	3	3	0	180	0	0		
0121	13	6	暴虐尸王	50	3	3	0	247	0	0		
0121	13	6	霹雳大粽子	50	1	3	0	70				
将军坟	96	95	千年老尸	150	20	3	0	162	0	0		
将军坟	96	95	黑风僵尸	150	20	3	0	180	0	0		
将军坟	96	95	暴虐尸王	150	20	3	0	247	0	0		
将军坟	96	95	霹雳大粽子	150	2	3	0	70	0	0		
将军坟	96	95	千年老尸	150	20	3	0	162				
将军坟	96	95	黑风僵尸	150	20	3	0	180				
将军坟	96	95	暴虐尸王	150	20	3	0	247				
将军坟	96	95	霹雳大粽子	150	2	3	0	70				
将军坟	96	95	暗黑骑士	150	3	6	0	249				
将军坟	28	171	清风送礼[福利BOSS]3	1	1	12	0	253				
;精绝古城						0						
0110	8	11	红蛇精	50	4	3	0	246	0	0		
0110	8	11	虎蛇精	50	3	3	0	210	0	0		
0110	8	11	多角虫精	50	2	3	0	150	0	0		
0110	8	11	红蛇精	50	4	3	0	246				
0110	8	11	虎蛇精	50	3	3	0	210				
0110	8	11	多角虫精	50	2	3	0	150				
0110	8	11	精绝古虫王	150	3	3	0	70	0	0		
精绝古城	149	180	红蛇精	150	20	3	0	246	0	0		
精绝古城	149	180	虎蛇精	150	20	3	0	210	0	0		
精绝古城	149	180	多角虫精	150	20	3	0	150	0	0		
精绝古城	149	180	精绝古虫王	150	3	3	0	70	0	0		
精绝古城	149	180	红蛇精	150	20	3	0	246				
精绝古城	149	180	虎蛇精	150	20	3	0	210				
精绝古城	149	180	多角虫精	150	20	3	0	150				
精绝古城	149	180	精绝古虫王	150	3	3	0	70				
精绝古城	149	180	毒龙天蝎	150	3	6	0	249				
精绝古城	131	143	清风送礼[福利BOSS]3	1	1	12	0	253				
;玛雅神殿						0						
0113	7	11	玛雅八爪鱼	30	3	3	0	222	0	0		
0113	7	11	玛雅神鳄	30	3	3	0	255	0	0		
0113	7	11	玛雅海豹兽	30	3	3	0	241	0	0		
0113	7	11	玛雅八爪鱼	30	3	3	0	222				
0113	7	11	玛雅神鳄	30	3	3	0	255				
0113	7	11	玛雅海豹兽	30	3	3	0	241				
0113	7	11	龙王	10	1	3	0	70	0	0		
玛雅神殿	50	50	玛雅八爪鱼	100	20	3	0	222	0	0		
玛雅神殿	50	50	玛雅神鳄	110	20	3	0	255	0	0		
玛雅神殿	50	50	玛雅海豹兽	100	20	3	0	241	0	0		
玛雅神殿	50	50	龙王	100	3	3	0	70	0	0		
玛雅神殿	50	50	玛雅八爪鱼	100	20	3	0	222				
玛雅神殿	50	50	玛雅神鳄	110	20	3	0	255				
玛雅神殿	50	50	玛雅海豹兽	100	20	3	0	241				
玛雅神殿	50	50	龙王	100	3	3	0	70				
玛雅神殿	50	50	后羿	100	3	6	0	249				
玛雅神殿	50	50	清风送礼[福利BOSS]3	1	1	12	0	253				
;庇护所						0						
0114	8	11	龙炎射手	20	3	3	0	255	0	0		
0114	8	11	龙炎刀兵	20	3	3	0	222	0	0		
0114	8	11	龙炎力士	20	3	3	0	254	0	0		
0114	8	11	龙炎射手	20	3	3	0	255				
0114	8	11	龙炎刀兵	20	3	3	0	222				
0114	8	11	龙炎力士	20	3	3	0	254				
0114	8	11	龙炎战将	20	1	3	0	251	0	0		
庇护所	73	73	龙炎射手	120	20	3	0	255	0	0		
庇护所	73	73	龙炎刀兵	120	20	3	0	222	0	0		
庇护所	73	73	龙炎力士	120	20	3	0	254	0	0		
庇护所	73	73	龙炎战将	120	3	3	0	251	0	0		
庇护所	73	73	龙炎射手	120	20	3	0	255				
庇护所	73	73	龙炎刀兵	120	20	3	0	222				
庇护所	73	73	龙炎力士	120	20	3	0	254				
庇护所	73	73	龙炎战将	120	3	3	0	251				
庇护所	73	73	蝙蝠魔	120	3	6	0	249				
庇护所	49	48	清风送礼[福利BOSS]3	1	1	12	0	253				
;-------四大陆普通区域-----------------						0						
;传说之地						0						
雷泽	338	328	传说战士	300	40	10	0	191	0	0		
雷泽	338	328	传说护卫	300	40	10	0	191	0	0		
雷泽	338	328	传说护法	300	40	10	0	191	0	0		
雷泽	338	328	传说将领	300	15	10	0	241	0	0		
雷泽	338	328	传说教主	300	2	6	0	249	0	0		
雷泽	338	328	熔岩石头人	300	50	10	0	191	0	0		
雷泽	338	328	火蜥蜴	300	50	10	0	191	0	0		
雷泽	338	328	地之蛇卫	300	50	10	0	191	0	0		
雷泽	338	328	地之巨蛾	300	50	10	0	191	0	0		
雷泽	338	328	地之守卫	300	15	10	0	191	0	0		
雷泽	338	328	魔之主	300	2	10	0	249	0	0		
雷泽	53	53	清风送礼[福利BOSS]4	1	1	12	0	253				
雷泽	338	328	传说战士	300	40	10	0	191				
雷泽	338	328	传说护卫	300	40	10	0	191				
雷泽	338	328	传说护法	300	40	10	0	191				
雷泽	338	328	传说将领	300	15	10	0	241				
雷泽	338	328	传说教主	300	2	6	0	249				
雷泽	338	328	熔岩石头人	300	50	10	0	191				
雷泽	338	328	火蜥蜴	300	50	10	0	191				
雷泽	338	328	地之蛇卫	300	50	10	0	191				
雷泽	338	328	地之巨蛾	300	50	10	0	191				
雷泽	338	328	地之守卫	300	15	10	0	191				
雷泽	338	328	魔之主	300	2	10	0	249				
;蝴蝶谷						0						
蝴蝶谷	50	50	野猪	100	20	3	0	139	0	0		
蝴蝶谷	50	50	山贼	100	20	3	0	186	0	0		
蝴蝶谷	50	50	强盗	100	20	3	0	242	0	0		
蝴蝶谷	50	50	牛妖	100	3	3	0	70	0	0		
蝴蝶谷	50	50	野猪	100	20	3	0	139				
蝴蝶谷	50	50	山贼	100	20	3	0	186				
蝴蝶谷	50	50	强盗	100	20	3	0	242				
蝴蝶谷	50	50	牛妖	100	3	3	0	70				
蝴蝶谷	50	50	花仙子	100	3	6	0	249				
蝴蝶谷	50	50	清风送礼[福利BOSS]4	1	1	12	0	253				
;埋骨之地						0						
埋骨之地	80	80	尸虫	160	20	3	0	228	0	0		
埋骨之地	80	80	鬼眼	160	20	3	0	140	0	0		
埋骨之地	80	80	召唤者	160	3	3	0	149	0	0		
埋骨之地	80	80	尸魔	160	20	3	0	70	0	0		
埋骨之地	80	80	尸虫	160	20	3	0	228				
埋骨之地	80	80	鬼眼	160	20	3	0	140				
埋骨之地	80	80	召唤者	160	3	3	0	149				
埋骨之地	80	80	尸魔	160	20	3	0	70				
埋骨之地	80	80	九绝尸王	160	3	6	0	249				
埋骨之地	80	80	清风送礼[福利BOSS]4	1	1	12	0	253				
;龙影迷窟						0						
龙影迷窟	50	50	石头狮子	150	20	3	0	135	0	0		
龙影迷窟	50	50	轻甲守卫	150	20	3	0	255	0	0		
龙影迷窟	50	50	黑衣法师	150	20	3	0	254	0	0		
龙影迷窟	50	50	重甲守卫	150	4	3	0	70	0	0		
龙影迷窟	50	50	石头狮子	150	20	3	0	135				
龙影迷窟	50	50	轻甲守卫	150	20	3	0	255				
龙影迷窟	50	50	黑衣法师	150	20	3	0	254				
龙影迷窟	50	50	重甲守卫	150	4	3	0	70				
龙影迷窟	56	49	迷失洞主	150	3	6	0	249				
龙影迷窟	50	50	清风送礼[福利BOSS]4	1	1	12	0	253				
;玄冥教						0						
玄冥教	50	50	玄冥力士	100	20	3	0	229	0	0		
玄冥教	50	50	玄冥护卫	100	20	3	0	245	0	0		
玄冥教	50	50	噬天虎	100	20	3	0	252	0	0		
玄冥教	50	50	蓝影刀客	100	4	3	0	70	0	0		
玄冥教	50	50	玄冥力士	100	20	3	0	229				
玄冥教	50	50	玄冥护卫	100	20	3	0	245				
玄冥教	50	50	噬天虎	100	20	3	0	252				
玄冥教	50	50	蓝影刀客	100	4	3	0	70				
玄冥教	50	50	玄冥教主	100	3	6	0	249				
玄冥教	50	50	清风送礼[福利BOSS]4	1	1	12	0	253				
;黑色荒地						0						
黑色荒地	82	47	蜃	100	15	3	0	46	0	0		
黑色荒地	82	47	沼泽沙虫	100	15	3	0	147	0	0		
黑色荒地	82	47	沼泽毒牙	100	15	3	0	234	0	0		
黑色荒地	82	47	沼泽金蟾	100	3	6	0	70	0	0		
黑色荒地	35	38	蜃	100	15	3	0	46	0	0		
黑色荒地	35	38	沼泽沙虫	100	15	3	0	147	0	0		
黑色荒地	35	38	沼泽毒牙	100	15	3	0	234	0	0		
黑色荒地	35	38	沼泽金蟾	100	3	6	0	70	0	0		
黑色荒地	82	47	蜃	100	15	3	0	46				
黑色荒地	82	47	沼泽沙虫	100	15	3	0	147				
黑色荒地	82	47	沼泽毒牙	100	15	3	0	234				
黑色荒地	82	47	沼泽金蟾	100	3	6	0	70				
黑色荒地	35	38	蜃	100	15	3	0	46				
黑色荒地	35	38	沼泽沙虫	100	15	3	0	147				
黑色荒地	35	38	沼泽毒牙	100	15	3	0	234				
黑色荒地	35	38	沼泽金蟾	100	3	6	0	70				
黑色荒地	35	82	堕落教主	0	1	12	0	249				
H301	51	27	蜃	100	15	3	0	46	0	0		
H301	51	27	沼泽沙虫	100	15	3	0	147	0	0		
H301	51	27	沼泽毒牙	100	15	3	0	234	0	0		
H301	51	27	沼泽金蟾	100	3	3	0	70	0	0		
H301	51	27	蜃	100	15	3	0	46				
H301	51	27	沼泽沙虫	100	15	3	0	147				
H301	51	27	沼泽毒牙	100	15	3	0	234				
H301	51	27	沼泽金蟾	100	3	3	0	70				
H301	51	27	堕落教主	110	2	6	0	249				
H301	51	27	清风送礼[福利BOSS]4	1	1	12	0	253				
;情缘峡谷						0						
H203	24	66	吞噬虫	100	15	3	0	234	0	0		
H203	24	66	蜂王	100	15	3	0	229	0	0		
H203	24	66	百足将军	100	15	3	0	223	0	0		
H203	24	66	部落首领	100	1	6	0	70	0	0		
H203	78	50	吞噬虫	100	15	3	0	234	0	0		
H203	78	50	蜂王	100	15	3	0	229	0	0		
H203	78	50	百足将军	100	15	3	0	223	0	0		
H203	78	50	部落首领	100	1	6	0	70	0	0		
H203	24	66	吞噬虫	100	15	3	0	234				
H203	24	66	蜂王	100	15	3	0	229				
H203	24	66	百足将军	100	15	3	0	223				
H203	24	66	部落首领	100	1	6	0	70				
H203	78	50	吞噬虫	100	15	3	0	234				
H203	78	50	蜂王	100	15	3	0	229				
H203	78	50	百足将军	100	15	3	0	223				
H203	78	50	部落首领	100	1	6	0	70				
H203	76	17	真爱教主	0	1	12	0	249				
情缘峡谷	100	100	吞噬虫	200	15	3	0	234	0	0		
情缘峡谷	100	100	蜂王	200	15	3	0	229	0	0		
情缘峡谷	100	100	百足将军	200	15	3	0	223	0	0		
情缘峡谷	100	100	部落首领	200	3	3	0	70	0	0		
情缘峡谷	100	100	吞噬虫	200	15	3	0	234				
情缘峡谷	100	100	蜂王	200	15	3	0	229				
情缘峡谷	100	100	百足将军	200	15	3	0	223				
情缘峡谷	100	100	部落首领	200	3	3	0	70				
情缘峡谷	100	100	真爱教主	200	2	6	0	249				
情缘峡谷	100	99	清风送礼[福利BOSS]4	1	1	12	0	253				
;月河渊						0						
月河渊	44	66	木魅	200	15	3	0	217	0	0		
月河渊	44	66	天河	200	15	3	0	95	0	0		
月河渊	44	66	恶犬	200	15	3	0	31	0	0		
月河渊	44	66	烛妖	200	2	6	0	70	0	0		
月河渊	44	66	木魅	200	15	3	0	217				
月河渊	44	66	天河	200	15	3	0	95				
月河渊	44	66	恶犬	200	15	3	0	31				
月河渊	44	66	烛妖	200	2	6	0	70				
月河渊	81	15	罪大恶极	0	1	12	0	249				
jjc14	27	29	200	15	30	0	217	0	0	0		
jjc14	27	29	200	15	30	0	95	0	0	0		
jjc14	27	29	200	15	30	0	31	0	0	0		
jjc14	27	29	200	2	60	0	70	0	0	0		
jjc14	27	29	200	15	30	0	217					
jjc14	27	29	200	15	30	0	95					
jjc14	27	29	200	15	30	0	31					
jjc14	27	29	200	2	60	0	70					
jjc14	27	29	罪大恶极	100	2	6	0	249				
jjc14	27	29	清风送礼[福利BOSS]4	0	1	12	0	253				
;万象阁						0						
D2011	50	50	万象火弓手	150	15	3	0	2	0	0		
D2011	50	50	万象卫士	150	15	3	0	18	0	0		
D2011	50	50	万象僵尸	150	15	3	0	241	0	0		
D2011	50	50	万象领主	150	1	6	0	70	0	0		
D2011	50	50	万象火弓手	150	15	3	0	2				
D2011	50	50	万象卫士	150	15	3	0	18				
D2011	50	50	万象僵尸	150	15	3	0	241				
D2011	50	50	万象领主	150	1	6	0	70				
D2011	21	22	狂暴魔神	0	1	12	0	249				
万象阁	18	35	万象火弓手	100	5	3	0	255	0	0		
万象阁	18	35	万象卫士	100	5	3	0	255	0	0		
万象阁	18	35	万象僵尸	100	5	3	0	255	0	0		
万象阁	18	35	万象领主	100	1	3	0	241	0	0		
万象阁	15	26	狂暴魔神	0	2	6	0	249				
万象阁	15	26	清风送礼[福利BOSS]4	1	1	12	0	253				
;冥王殿						0						
D2008	46	45	冥■光弓手	150	15	3	0	22	0	0		
D2008	46	45	冥■印石	150	15	3	0	149	0	0		
D2008	46	45	冥■守卫	150	15	3	0	132	0	0		
D2008	46	45	冥■领袖	150	1	6	0	70	0	0		
D2008	46	45	冥■光弓手	150	15	3	0	22				
D2008	46	45	冥■印石	150	15	3	0	149				
D2008	46	45	冥■守卫	150	15	3	0	132				
D2008	46	45	冥■领袖	150	1	6	0	70				
D2008	46	45	远古天魔蝎	0	1	12	0	249				
D2013	35	36	冥■光弓手	150	15	3	0	22	0	0		
D2013	35	36	冥■印石	150	15	3	0	149	0	0		
D2013	35	36	冥■守卫	150	15	3	0	132	0	0		
D2013	35	36	冥■领袖	150	1	3	0	70	0	0		
D2013	35	36	冥■光弓手	150	15	3	0	22				
D2013	35	36	冥■印石	150	15	3	0	149				
D2013	35	36	冥■守卫	150	15	3	0	132				
D2013	35	36	冥■领袖	150	1	3	0	70				
D2013	35	36	远古天魔蝎	0	2	6	0	249				
D2013	35	36	清风送礼[福利BOSS]4	1	1	12	0	253				
;血煞殿						0						
D2006	34	37	血煞法师	150	15	3	0	156	0	0		
D2006	34	37	血煞双刀客	150	15	3	0	151	0	0		
D2006	34	37	血煞魔	150	15	3	0	215	0	0		
D2006	34	37	血煞女王	150	1	6	0	70	0	0		
D2006	34	37	血煞法师	150	15	3	0	156				
D2006	34	37	血煞双刀客	150	15	3	0	151				
D2006	34	37	血煞魔	150	15	3	0	215				
D2006	34	37	血煞女王	150	1	6	0	70				
D2006	34	37	哥斯拉	0	1	12	0	249				
血煞殿	50	55	血煞法师	150	15	3	0	156	0	0		
血煞殿	50	55	血煞双刀客	150	15	3	0	151	0	0		
血煞殿	50	55	血煞魔	150	15	3	0	215	0	0		
血煞殿	50	55	血煞女王	150	1	3	0	70	0	0		
血煞殿	50	55	血煞法师	150	15	3	0	156				
血煞殿	50	55	血煞双刀客	150	15	3	0	151				
血煞殿	50	55	血煞魔	150	15	3	0	215				
血煞殿	50	55	血煞女王	150	1	3	0	70				
血煞殿	50	55	哥斯拉	0	2	6	0	249				
血煞殿	50	55	清风送礼[福利BOSS]4	1	1	12	0	253				
;幽灵谷						0						
D10053	32	39	幽灵镰刀卫	150	15	3	0	252	0	0		
D10053	32	39	幽灵折磨妖	150	15	3	0	254	0	0		
D10053	32	39	幽灵金刚	150	15	3	0	247	0	0		
D10053	32	39	幽灵锤神	150	1	6	0	70	0	0		
D10053	32	39	幽灵镰刀卫	150	15	3	0	252				
D10053	32	39	幽灵折磨妖	150	15	3	0	254				
D10053	32	39	幽灵金刚	150	15	3	0	247				
D10053	32	39	幽灵锤神	150	1	6	0	70				
D10053	42	82	暗黑蛟龙	0	1	12	0	249				
幽灵魔穴	17	17	幽灵镰刀卫	150	5	3	0	252	0	0		
幽灵魔穴	17	17	幽灵折磨妖	150	5	3	0	254	0	0		
幽灵魔穴	17	17	幽灵金刚	150	5	3	0	247	0	0		
幽灵魔穴	17	17	幽灵锤神	150	1	6	0	70	0	0		
幽灵魔穴	17	17	幽灵镰刀卫	150	5	3	0	252				
幽灵魔穴	17	17	幽灵折磨妖	150	5	3	0	254				
幽灵魔穴	17	17	幽灵金刚	150	5	3	0	247				
幽灵魔穴	17	17	幽灵锤神	150	1	6	0	70				
幽灵魔穴	17	17	暗黑蛟龙	0	2	6	0	249				
幽灵魔穴	17	17	清风送礼[福利BOSS]4	1	1	12	0	253				
;震天宫						0						
震天秘境	62	50	震天巴哈★★★	150	15	3	0	132	0	0		
震天秘境	62	50	震天筋肉人★★★	150	15	3	0	94	0	0		
震天秘境	62	50	震天树妖★★★	150	15	3	0	21	0	0		
震天秘境	62	50	震天兽神★★★	150	1	6	0	70	0	0		
震天秘境	62	50	震天巴哈★★★	150	15	3	0	132				
震天秘境	62	50	震天筋肉人★★★	150	15	3	0	94				
震天秘境	62	50	震天树妖★★★	150	15	3	0	21				
震天秘境	62	50	震天兽神★★★	150	1	6	0	70				
震天秘境	15	11	赤血魔神	0	1	12	0	249				
震天宫	49	48	震天巴哈★★★	150	15	3	0	132	0	0		
震天宫	49	48	震天筋肉人★★★	150	15	3	0	94	0	0		
震天宫	49	48	震天树妖★★★	150	15	3	0	21	0	0		
震天宫	49	48	震天兽神★★★	150	1	3	0	70	0	0		
震天宫	49	48	震天巴哈★★★	150	15	3	0	132				
震天宫	49	48	震天筋肉人★★★	150	15	3	0	94				
震天宫	49	48	震天树妖★★★	150	15	3	0	21				
震天宫	49	48	震天兽神★★★	150	1	3	0	70				
震天宫	49	48	赤血魔神	100	2	6	0	249				
震天宫	49	48	清风送礼[福利BOSS]4	1	1	12	0	253				
;英灵殿						0						
英灵奈何路	100	80	泽国蚁妖	150	15	3	0	6	0	0		
英灵奈何路	100	80	泽国法师	150	15	3	0	3	0	0		
英灵奈何路	100	80	泽国兽妖	150	15	3	0	5	0	0		
英灵奈何路	100	80	泽国地魔	150	1	6	0	70	0	0		
英灵奈何路	100	80	泽国蚁妖	150	15	3	0	6				
英灵奈何路	100	80	泽国法师	150	15	3	0	3				
英灵奈何路	100	80	泽国兽妖	150	15	3	0	5				
英灵奈何路	100	80	泽国地魔	150	1	6	0	70				
英灵奈何路	172	150	五爪金龙	0	1	12	0	70				
英灵殿	49	67	泽国蚁妖	150	15	3	0	6	0	0		
英灵殿	49	67	泽国法师	150	15	3	0	3	0	0		
英灵殿	49	67	泽国兽妖	150	15	3	0	5	0	0		
英灵殿	49	67	泽国地魔	150	1	3	0	70	0	0		
英灵殿	49	67	泽国蚁妖	150	15	3	0	6				
英灵殿	49	67	泽国法师	150	15	3	0	3				
英灵殿	49	67	泽国兽妖	150	15	3	0	5				
英灵殿	49	67	泽国地魔	150	1	3	0	70				
英灵殿	49	67	五爪金龙	100	2	6	0	70				
英灵殿	49	67	清风送礼[福利BOSS]4	1	1	12	0	253				
;〓〓〓〓〓〓〓五大陆荒原〓〓〓〓〓〓〓						0						
荒原	306	258	上古护卫	250	40	10	0	1	0	0		
荒原	306	258	上古铁锤	250	40	10	0	2	0	0		
荒原	306	258	上古弓箭手	250	40	10	0	3	0	0		
荒原	306	258	上古将军	250	1	10	0	70	0	0		
荒原	306	258	上古战神	250	2	10	0	249	0	0		
荒原	306	258	食尸虫	250	40	10	0	4	0	0		
荒原	306	258	沙漠秃鹰	250	40	10	0	5	0	0		
荒原	306	258	沙漠甲虫	250	40	10	0	6	0	0		
荒原	306	258	沙漠豺狼	250	1	10	0	70	0	0		
荒原	306	258	沙漠巨型多角兽	200	2	10	0	249	0	0		
荒原	306	258	荒野钳虫	250	40	10	0	131	0	0		
荒原	306	258	荒野恶蛆	250	40	10	0	146	0	0		
荒原	306	258	荒野蜈蚣	250	40	10	0	149	0	0		
荒原	306	258	荒野蠕虫	250	2	10	0	70	0	0		
荒原	306	258	荒野龙神	100	1	10	0	249	0	0		
荒原	306	258	上古护卫	250	40	10	0	1				
荒原	306	258	上古铁锤	250	40	10	0	2				
荒原	306	258	上古弓箭手	250	40	10	0	3				
荒原	306	258	上古将军	250	1	10	0	70				
荒原	306	258	上古战神	250	2	10	0	249				
荒原	306	258	食尸虫	250	40	10	0	4				
荒原	306	258	沙漠秃鹰	250	40	10	0	5				
荒原	306	258	沙漠甲虫	250	40	10	0	6				
荒原	306	258	沙漠豺狼	250	1	10	0	70				
荒原	306	258	沙漠巨型多角兽	200	2	10	0	249				
荒原	306	258	荒野钳虫	250	40	10	0	131				
荒原	306	258	荒野恶蛆	250	40	10	0	146				
荒原	306	258	荒野蜈蚣	250	40	10	0	149				
荒原	306	258	荒野蠕虫	250	2	10	0	70				
荒原	306	258	荒野龙神	100	1	10	0	249				
荒原	156	470	清风送礼[福利BOSS]5	1	1	12	0	253				
;绝望平原						0						
绝望平原	150	150	绝望巨蛾	300	30	3	0	132	0	0		
绝望平原	150	150	绝望力士	300	30	3	0	125	0	0		
绝望平原	150	150	绝望射手	300	30	3	0	255	0	0		
绝望平原	150	150	绝望战将	300	3	3	0	70	0	0		
绝望平原	150	150	绝望巨蛾	300	30	3	0	132				
绝望平原	150	150	绝望力士	300	30	3	0	125				
绝望平原	150	150	绝望射手	300	30	3	0	255				
绝望平原	150	150	绝望战将	300	3	3	0	70				
绝望平原	150	150	绝望龙王	300	3	6	0	249				
绝望平原	150	150	清风送礼[福利BOSS]5	1	1	12	0	253				
;扭曲之地						0						
扭曲之地	100	100	扭曲战士	200	20	3	0	150	0	0		
扭曲之地	100	100	扭曲斗士	200	20	3	0	156	0	0		
扭曲之地	100	100	扭曲法师	200	20	3	0	146	0	0		
扭曲之地	100	100	扭曲将军	200	3	3	0	70	0	0		
扭曲之地	100	100	扭曲战士	200	20	3	0	150				
扭曲之地	100	100	扭曲斗士	200	20	3	0	156				
扭曲之地	100	100	扭曲法师	200	20	3	0	146				
扭曲之地	100	100	扭曲将军	200	3	3	0	70				
扭曲之地	100	100	扭曲教主	200	3	6	0	249				
扭曲之地	100	100	清风送礼[福利BOSS]5	1	1	12	0	253				
;幻物幽林						0						
幻物幽林	100	100	幽冥毒蛛	200	20	3	0	178	0	0		
幻物幽林	100	100	幻月魔珠	200	20	3	0	191	0	0		
幻物幽林	100	100	幽冥巨人	200	2	3	0	70	0	0		
幻物幽林	100	100	幽冥树妖	200	20	3	0	204	0	0		
幻物幽林	100	100	幽冥毒蛛	200	20	3	0	178				
幻物幽林	100	100	幻月魔珠	200	20	3	0	191				
幻物幽林	100	100	幽冥树妖	200	20	3	0	204				
幻物幽林	100	100	幽冥巨人	200	2	3	0	70				
幻物幽林	100	100	幽冥恶魔	200	3	6	0	249				
幻物幽林	100	100	清风送礼[福利BOSS]5	1	1	12	0	253				
;邪恶洞窟						0						
邪恶洞窟	109	114	邪恶骨魔	200	20	3	0	168	0	0		
邪恶洞窟	109	114	邪恶长枪兵	200	20	3	0	186	0	0		
邪恶洞窟	109	114	邪恶刀斧手	200	20	3	0	151	0	0		
邪恶洞窟	109	114	邪恶弓箭手	200	2	3	0	70	0	0		
邪恶洞窟	109	114	邪恶骨魔	200	20	3	0	168				
邪恶洞窟	109	114	邪恶长枪兵	200	20	3	0	186				
邪恶洞窟	109	114	邪恶刀斧手	200	20	3	0	151				
邪恶洞窟	109	114	邪恶弓箭手	200	2	3	0	70				
邪恶洞窟	109	114	邪恶骷髅精灵	200	3	6	0	249				
邪恶洞窟	109	114	清风送礼[福利BOSS]5	1	1	12	0	253				
;迷乱森林						0						
miluan	44	46	迷乱草人	200	20	3	0	21	0	0		
miluan	44	46	迷乱蛤蟆	200	20	3	0	46	0	0		
miluan	44	46	迷乱雪人	200	20	3	0	132	0	0		
miluan	44	46	迷乱猫王	200	2	6	0	70	0	0		
miluan	44	46	迷乱草人	200	20	3	0	21				
miluan	44	46	迷乱蛤蟆	200	20	3	0	46				
miluan	44	46	迷乱雪人	200	20	3	0	132				
miluan	44	46	迷乱猫王	200	3	3	0	70				
迷乱禁地	82	99	迷乱草人	200	20	3	0	21	0	0		
迷乱禁地	82	99	迷乱蛤蟆	200	20	3	0	46	0	0		
迷乱禁地	82	99	迷乱雪人	200	20	3	0	132	0	0		
迷乱禁地	82	99	迷乱猫王	200	3	3	0	70	0	0		
迷乱禁地	82	99	迷乱草人	200	20	3	0	21				
迷乱禁地	82	99	迷乱蛤蟆	200	20	3	0	46				
迷乱禁地	82	99	迷乱雪人	200	20	3	0	132				
迷乱禁地	82	99	迷乱猫王	200	3	3	0	70				
迷乱禁地	82	99	迷乱教主	200	3	6	0	249				
迷乱禁地	82	99	清风送礼[福利BOSS]5	1	1	12	0	253				
;暗月窟						0						
暗月窟	50	50	暗月战士	100	20	3	0	156	0	0		
暗月窟	50	50	暗月勇士	100	20	3	0	134	0	0		
暗月窟	50	50	暗月卫士	100	20	3	0	47	0	0		
暗月窟	50	50	暗月战将	100	2	6	0	70	0	0		
暗月窟	50	50	暗月战士	100	20	3	0	156				
暗月窟	50	50	暗月勇士	100	20	3	0	134				
暗月窟	50	50	暗月卫士	100	20	3	0	47				
暗月窟	50	50	暗月战将	100	2	6	0	70				
暗月禁地	100	90	暗月战士	100	20	3	0	156	0	0		
暗月禁地	100	90	暗月卫士	100	20	3	0	47	0	0		
暗月禁地	100	90	暗月勇士	100	20	3	0	134	0	0		
暗月禁地	100	90	暗月战将	100	2	3	0	70	0	0		
暗月禁地	100	90	暗月教主	100	3	6	0	249	0	0		
暗月禁地	100	90	暗月战士	100	20	3	0	156				
暗月禁地	100	90	暗月卫士	100	20	3	0	47				
暗月禁地	100	90	暗月勇士	100	20	3	0	134				
暗月禁地	100	90	暗月战将	100	2	3	0	70				
暗月禁地	100	90	暗月教主	100	3	6	0	249				
暗月禁地	100	90	清风送礼[福利BOSS]5	1	1	12	0	253				
;-------魔刹天境-------						0						
魔刹天境	150	150	火之仙灵	200	20	3	0	108	0	0		
魔刹天境	150	150	烈焰狂暴	200	20	3	0	5	0	0		
魔刹天境	150	150	炼狱使者	200	20	3	0	161	0	0		
魔刹天境	150	150	地狱咆哮	200	2	6	0	70	0	0		
魔刹天境	150	150	火之仙灵	200	20	3	0	108				
魔刹天境	150	150	烈焰狂暴	200	20	3	0	5				
魔刹天境	150	150	炼狱使者	200	20	3	0	161				
魔刹天境	150	150	地狱咆哮	200	2	6	0	70				
魔刹禁地	130	130	火之仙灵	200	30	3	0	108	0	0		
魔刹禁地	130	130	烈焰狂暴	200	30	3	0	5	0	0		
魔刹禁地	130	130	炼狱使者	200	30	3	0	161	0	0		
魔刹禁地	130	130	地狱咆哮	200	3	6	0	70	0	0		
魔刹禁地	130	130	火之仙灵	200	30	3	0	108				
魔刹禁地	130	130	烈焰狂暴	200	30	3	0	5				
魔刹禁地	130	130	炼狱使者	200	30	3	0	161				
魔刹禁地	130	130	地狱咆哮	200	3	6	0	70				
魔刹禁地	130	130	冰焰噬魂魔王	20	2	6	0	70				
魔刹禁地	130	130	清风送礼[福利BOSS]5	1	1	12	0	253				
;-------战神领地-------						0						
战神领地	35	35	战神护卫	200	20	3	0	175	0	0		
战神领地	35	35	战神将领	200	20	3	0	239	0	0		
战神领地	35	35	仙灵护卫	200	20	3	0	254	0	0		
战神领地	35	35	仙灵战将	200	2	6	0	70	0	0		
战神领地	35	35	战神护卫	200	20	3	0	175				
战神领地	35	35	战神将领	200	20	3	0	239				
战神领地	35	35	仙灵护卫	200	20	3	0	254				
战神领地	35	35	仙灵战将	200	2	6	0	70				
战神禁地	44	53	战神护卫	200	20	3	0	175	0	0		
战神禁地	44	53	战神将领	200	20	3	0	239	0	0		
战神禁地	44	53	仙灵护卫	200	20	3	0	254	0	0		
战神禁地	44	53	仙灵战将	200	2	3	0	70	0	0		
战神禁地	44	53	战神护卫	200	20	3	0	175				
战神禁地	44	53	战神将领	200	20	3	0	239				
战神禁地	44	53	仙灵护卫	200	20	3	0	254				
战神禁地	44	53	仙灵战将	200	2	3	0	70				
战神禁地	44	53	遗忘战神	0	2	6	0	249				
战神禁地	44	53	清风送礼[福利BOSS]5	1	1	12	0	253				
;-------远古战场-------						0						
远古战场	93	102	战神守卫	200	20	3	0	222	0	0		
远古战场	93	102	战神头领	200	20	3	0	228	0	0		
远古战场	93	102	战神之怒	200	20	3	0	252	0	0		
远古战场	93	102	凯尔特	200	2	6	0	70	0	0		
远古战场	93	102	战神守卫	200	20	3	0	222				
远古战场	93	102	战神头领	200	20	3	0	228				
远古战场	93	102	战神之怒	200	20	3	0	252				
远古战场	93	102	凯尔特	200	2	6	0	70				
远古禁地	100	100	战神守卫	200	20	3	0	222	0	0		
远古禁地	100	100	战神头领	200	20	3	0	228	0	0		
远古禁地	100	100	战神之怒	200	20	3	0	252	0	0		
远古禁地	100	100	凯尔特	200	2	3	0	70	0	0		
远古禁地	100	100	战神守卫	200	20	3	0	222				
远古禁地	100	100	战神头领	200	20	3	0	228				
远古禁地	100	100	战神之怒	200	20	3	0	252				
远古禁地	100	100	凯尔特	200	2	3	0	70				
远古禁地	100	100	荒漠食人翼龙	80	2	6	0	249				
远古禁地	100	100	清风送礼[福利BOSS]5	1	1	12	0	253				
;-------遗忘之地-------						0						
yiwang	45	41	坎水护卫	100	15	3	0	206	0	0		
yiwang	45	41	坎水守卫	100	15	3	0	234	0	0		
yiwang	45	41	坎水将领	100	15	3	0	242	0	0		
yiwang	45	41	魔达途	100	2	6	0	70	0	0		
yiwang	45	41	坎水护卫	100	15	3	0	206				
yiwang	45	41	坎水守卫	100	15	3	0	234				
yiwang	45	41	坎水将领	100	15	3	0	242				
yiwang	45	41	魔达途	100	2	6	0	70				
遗忘禁地	26	24	坎水护卫	100	10	3	0	206	0	0		
遗忘禁地	26	24	坎水守卫	100	10	3	0	234	0	0		
遗忘禁地	26	24	坎水将领	100	10	3	0	242	0	0		
遗忘禁地	26	24	魔达途	100	2	3	0	70	0	0		
遗忘禁地	26	24	坎水护卫	100	10	3	0	206				
遗忘禁地	26	24	坎水守卫	100	10	3	0	234				
遗忘禁地	26	24	坎水将领	100	10	3	0	242				
遗忘禁地	26	24	魔达途	100	2	3	0	70				
遗忘禁地	26	24	暗夜赤身魔蚁	100	2	6	0	249				
遗忘禁地	26	24	清风送礼[福利BOSS]5	1	1	12	0	253				
;-------梦幻之地-------						0						
梦幻之地	35	30	致幻飞蛾	100	15	3	0	253	0	0		
梦幻之地	35	30	无色彩神雀	100	15	3	0	241	0	0		
梦幻之地	35	30	千年狐妖	100	15	3	0	251	0	0		
梦幻之地	35	30	金坎子	100	2	6	0	70	0	0		
梦幻之地	35	30	致幻飞蛾	100	15	3	0	253				
梦幻之地	35	30	无色彩神雀	100	15	3	0	241				
梦幻之地	35	30	千年狐妖	100	15	3	0	251				
梦幻之地	35	30	金坎子	100	2	6	0	70				
梦幻禁地	39	39	致幻飞蛾	100	15	3	0	253	0	0		
梦幻禁地	39	39	无色彩神雀	100	15	3	0	241	0	0		
梦幻禁地	39	39	千年狐妖	100	15	3	0	251	0	0		
梦幻禁地	39	39	金坎子	100	2	3	0	70	0	0		
梦幻禁地	39	39	致幻飞蛾	100	15	3	0	253				
梦幻禁地	39	39	无色彩神雀	100	15	3	0	241				
梦幻禁地	39	39	千年狐妖	100	15	3	0	251				
梦幻禁地	39	39	金坎子	100	2	3	0	70				
梦幻禁地	39	39	剧毒无解之人面蛛王	20	2	6	0	249				
梦幻禁地	39	39	清风送礼[福利BOSS]5	1	1	12	0	253				
;-------活死人墓-------						0						
活死人墓	115	105	暗黑防御者	200	20	3	0	6	0	0		
活死人墓	115	105	暗黑咒术师	200	20	3	0	55	0	0		
活死人墓	115	105	暗黑指挥官	200	20	3	0	213	0	0		
活死人墓	115	105	恶灵王	200	2	6	0	70	0	0		
活死人墓	115	105	暗黑防御者	200	20	3	0	6				
活死人墓	115	105	暗黑咒术师	200	20	3	0	55				
活死人墓	115	105	暗黑指挥官	200	20	3	0	213				
活死人墓	115	105	恶灵王	200	2	6	0	70				
活死人禁地	51	56	暗黑防御者	200	15	3	0	6	0	0		
活死人禁地	51	56	暗黑咒术师	200	15	3	0	55	0	0		
活死人禁地	51	56	暗黑指挥官	200	15	3	0	213	0	0		
活死人禁地	51	56	恶灵王	200	2	3	0	70	0	0		
活死人禁地	51	56	暗黑防御者	200	15	3	0	6				
活死人禁地	51	56	暗黑咒术师	200	15	3	0	55				
活死人禁地	51	56	暗黑指挥官	200	15	3	0	213				
活死人禁地	51	56	恶灵王	200	2	3	0	70				
活死人禁地	51	56	暗黑魔导师	20	2	6	0	249				
活死人禁地	51	56	清风送礼[福利BOSS]5	1	1	12	0	253				
;-------葬神之谷-------						0						
葬神之谷	101	69	死亡之犬	200	20	3	0	228	0	0		
葬神之谷	101	69	亡者护卫	200	20	3	0	244	0	0		
葬神之谷	101	69	亡者术士	200	20	3	0	251	0	0		
葬神之谷	101	69	死神	200	2	6	0	70	0	0		
葬神之谷	101	69	死亡之犬	200	20	3	0	228				
葬神之谷	101	69	亡者护卫	200	20	3	0	244				
葬神之谷	101	69	亡者术士	200	20	3	0	251				
葬神之谷	101	69	死神	200	2	6	0	70				
葬神禁地	51	68	死亡之犬	200	20	3	0	228	0	0		
葬神禁地	51	68	亡者护卫	200	20	3	0	244	0	0		
葬神禁地	51	68	亡者术士	200	20	3	0	251	0	0		
葬神禁地	51	68	死神	200	2	3	0	70	0	0		
葬神禁地	51	68	死亡之犬	200	20	3	0	228				
葬神禁地	51	68	亡者护卫	200	20	3	0	244				
葬神禁地	51	68	亡者术士	200	20	3	0	251				
葬神禁地	51	68	死神	200	2	3	0	70				
葬神禁地	78	46	荒漠吞噬千足虫	20	2	6	0	249				
葬神禁地	78	46	清风送礼[福利BOSS]5	1	1	12	0	253				
;-------帝王之墓-------						0						
帝王之墓	114	90	神宫护卫	200	20	3	0	252	0	0		
帝王之墓	114	90	神宫将领	200	20	3	0	246	0	0		
帝王之墓	114	90	神宫首领	200	20	3	0	229	0	0		
帝王之墓	114	90	三界霸主	200	2	6	0	70	0	0		
帝王之墓	114	90	神宫护卫	200	20	3	0	252				
帝王之墓	114	90	神宫将领	200	20	3	0	246				
帝王之墓	114	90	神宫首领	200	20	3	0	229				
帝王之墓	114	90	三界霸主	200	2	6	0	70				
帝王禁地	56	38	神宫护卫	200	15	3	0	252	0	0		
帝王禁地	56	38	神宫将领	200	15	3	0	246	0	0		
帝王禁地	56	38	神宫首领	200	15	3	0	229	0	0		
帝王禁地	56	38	三界霸主	200	2	3	0	70	0	0		
帝王禁地	56	38	神宫护卫	200	15	3	0	252				
帝王禁地	56	38	神宫将领	200	15	3	0	246				
帝王禁地	56	38	神宫首领	200	15	3	0	229				
帝王禁地	56	38	三界霸主	200	2	3	0	70				
帝王禁地	56	38	天鲲鹏青鸾	20	2	6	0	249				
帝王禁地	56	38	清风送礼[福利BOSS]5	1	1	12	0	253				
;〓〓〓〓〓〓〓六大陆北寒边界〓〓〓〓〓〓〓						0						
北寒边界	160	243	炎◇骨◇妖	300	5	10	0	7	0	0		
北寒边界	160	243	锁◇骨◇妖	300	5	10	0	8	0	0		
北寒边界	160	243	迷◇失◇刀◇客	300	5	10	0	9	0	0		
北寒边界	160	243	迷◇失◇战◇神	300	1	16	0	70	0	0		
北寒边界	160	243	天问へ雪人	300	5	10	0	1	0	0		
北寒边界	160	243	天问へ侍卫	300	5	10	0	2	0	0		
北寒边界	160	243	天问へ冰狼	300	5	10	0	3	0	0		
北寒边界	160	243	天问へ战将	300	1	16	0	70	0	0		
北寒边界	160	243	猩红ㄐ血兽	300	5	10	0	4	0	0		
北寒边界	160	243	猩红ㄐ血妖	300	5	10	0	5	0	0		
北寒边界	160	243	猩红ㄐ血魔	300	5	10	0	6	0	0		
北寒边界	160	243	猩红ㄐ血尸	300	1	16	0	70	0	0		
北寒边界	160	243	诅咒之灵魂收割者	300	5	10	0	19	0	0		
北寒边界	160	243	暗夜ェ灵魂刺客	300	5	10	0	31	0	0		
北寒边界	160	243	杀破狼ら独角魔	300	5	10	0	44	0	0		
北寒边界	160	243	天谴Ξ执法者	300	1	16	0	70	0	0		
北寒边界	160	243	游荡的∈恶鬼	300	5	10	0	81	0	0		
北寒边界	160	243	六亲不认ば赤金蛇王	300	5	10	0	87	0	0		
北寒边界	160	243	夜不归宿□夜游神	300	5	10	0	93	0	0		
北寒边界	160	243	八仙过海之冥海天将	300	1	16	0	70	0	0		
北寒边界	160	243	暗夜护卫	300	5	10	0	255	0	0		
北寒边界	160	243	暗夜魔蛛づ咏歌	300	5	10	0	241	0	0		
北寒边界	160	243	暗夜精灵づ咏歌	300	5	10	0	247	0	0		
北寒边界	160	243	毛脸雷公嘴づ咏歌	300	1	16	0	70	0	0		
北寒边界	160	243	生死门●蛊王	300	5	10	0	98	0	0		
北寒边界	160	243	百年道行∞狐童	300	5	10	0	99	0	0		
北寒边界	160	243	误入歧途的傻狐狸	300	5	10	0	100	0	0		
北寒边界	160	243	狐王◆千年之恋	300	1	16	0	70	0	0		
北寒边界	160	243	不死山●磨眼	300	5	10	0	130	0	0		
北寒边界	160	243	百年道行♀狐童	300	5	10	0	131	0	0		
北寒边界	160	243	会魔法的狐仙	300	5	10	0	132	0	0		
北寒边界	160	243	狐王◆九婴天命	300	1	16	0	70	0	0		
北寒边界	160	243	天外天●魔瞳	300	5	10	0	148	0	0		
北寒边界	160	243	百年道行▲狐童	300	5	10	0	149	0	0		
北寒边界	160	243	百鬼夜行→恋	300	5	10	0	150	0	0		
北寒边界	160	243	狐王◆血瞳诅咒	300	1	16	0	70	0	0		
北寒边界	160	243	天幻ソ真龙护卫	300	5	10	0	227	0	0		
北寒边界	160	243	天幻ソ武力龙神将	300	5	10	0	245	0	0		
北寒边界	160	243	天幻ソ神龙控魔师	300	5	10	0	250	0	0		
北寒边界	160	243	天幻ソ紫色战神	300	1	16	0	70	0	0		
北寒边界	160	243	阴阳路ぃ狂战士	300	5	10	0	180	0	0		
北寒边界	160	243	阴阳路ぃ厨神	300	5	10	0	210	0	0		
北寒边界	160	243	阴阳路ぃ巫医	300	5	10	0	191	0	0		
北寒边界	160	243	阴阳路ぃ红色战神	300	1	16	0	70	0	0		
北寒边界	160	243	时空∏血池战士	300	5	10	0	160	0	0		
北寒边界	160	243	时空∏血池战将	300	5	10	0	161	0	0		
北寒边界	160	243	时空∏烈焰法师	300	5	10	0	167	0	0		
北寒边界	160	243	时空∏蓝色战神	300	1	16	0	70	0	0		
北寒边界	160	243	炎◇骨◇妖	300	10	10	0	7				
北寒边界	160	243	锁◇骨◇妖	300	10	10	0	8				
北寒边界	160	243	迷◇失◇刀◇客	300	10	10	0	9				
北寒边界	160	243	迷◇失◇战◇神	300	1	16	0	70				
北寒边界	160	243	天问へ雪人	300	10	10	0	1				
北寒边界	160	243	天问へ侍卫	300	10	10	0	2				
北寒边界	160	243	天问へ冰狼	300	10	10	0	3				
北寒边界	160	243	天问へ战将	300	1	16	0	70				
北寒边界	160	243	猩红ㄐ血兽	300	10	10	0	4				
北寒边界	160	243	猩红ㄐ血妖	300	10	10	0	5				
北寒边界	160	243	猩红ㄐ血魔	300	10	10	0	6				
北寒边界	160	243	猩红ㄐ血尸	300	1	16	0	70				
北寒边界	160	243	诅咒之灵魂收割者	300	10	10	0	19				
北寒边界	160	243	暗夜ェ灵魂刺客	300	10	10	0	31				
北寒边界	160	243	杀破狼ら独角魔	300	10	10	0	44				
北寒边界	160	243	天谴Ξ执法者	300	1	16	0	70				
北寒边界	160	243	游荡的∈恶鬼	300	10	10	0	81				
北寒边界	160	243	六亲不认ば赤金蛇王	300	10	10	0	87				
北寒边界	160	243	夜不归宿□夜游神	300	10	10	0	93				
北寒边界	160	243	八仙过海之冥海天将	300	1	16	0	70				
北寒边界	160	243	暗夜护卫	300	10	10	0	255				
北寒边界	160	243	暗夜魔蛛づ咏歌	300	10	10	0	241				
北寒边界	160	243	暗夜精灵づ咏歌	300	10	10	0	247				
北寒边界	160	243	毛脸雷公嘴づ咏歌	300	1	16	0	70				
北寒边界	160	243	生死门●蛊王	300	10	10	0	98				
北寒边界	160	243	百年道行∞狐童	300	10	10	0	99				
北寒边界	160	243	误入歧途的傻狐狸	300	10	10	0	100				
北寒边界	160	243	狐王◆千年之恋	300	1	16	0	70				
北寒边界	160	243	不死山●磨眼	300	10	10	0	130				
北寒边界	160	243	百年道行♀狐童	300	10	10	0	131				
北寒边界	160	243	会魔法的狐仙	300	10	10	0	132				
北寒边界	160	243	狐王◆九婴天命	300	1	16	0	70				
北寒边界	160	243	天外天●魔瞳	300	10	10	0	148				
北寒边界	160	243	百年道行▲狐童	300	10	10	0	149				
北寒边界	160	243	百鬼夜行→恋	300	10	10	0	150				
北寒边界	160	243	狐王◆血瞳诅咒	300	1	16	0	70				
北寒边界	160	243	天幻ソ真龙护卫	300	10	10	0	227				
北寒边界	160	243	天幻ソ武力龙神将	300	10	10	0	245				
北寒边界	160	243	天幻ソ神龙控魔师	300	10	10	0	250				
北寒边界	160	243	天幻ソ紫色战神	300	1	16	0	70				
北寒边界	160	243	阴阳路ぃ狂战士	300	10	10	0	180				
北寒边界	160	243	阴阳路ぃ厨神	300	10	10	0	210				
北寒边界	160	243	阴阳路ぃ巫医	300	10	10	0	191				
北寒边界	160	243	阴阳路ぃ红色战神	300	1	16	0	70				
北寒边界	160	243	时空∏血池战士	300	10	10	0	160				
北寒边界	160	243	时空∏血池战将	300	10	10	0	161				
北寒边界	160	243	时空∏烈焰法师	300	10	10	0	167				
北寒边界	160	243	时空∏蓝色战神	300	1	16	0	70				
;-------贫瘠之地-------						0						
贫瘠之地	50	50	炎◇骨◇妖	100	20	3	0	7	0	0		
贫瘠之地	50	50	锁◇骨◇妖	100	20	3	0	8	0	0		
贫瘠之地	50	50	迷◇失◇刀◇客	100	20	3	0	9	0	0		
贫瘠之地	50	50	迷◇失◇战◇神	100	2	6	0	70	0	0		
贫瘠之地	50	50	炎◇骨◇妖	100	20	3	0	7				
贫瘠之地	50	50	锁◇骨◇妖	100	20	3	0	8				
贫瘠之地	50	50	迷◇失◇刀◇客	100	20	3	0	9				
贫瘠之地	50	50	迷◇失◇战◇神	100	2	6	0	70				
贫瘠之地禁地	31	27	炎◇骨◇妖	100	10	3	0	7	0	0		
贫瘠之地禁地	31	27	锁◇骨◇妖	100	10	3	0	8	0	0		
贫瘠之地禁地	31	27	迷◇失◇刀◇客	100	10	3	0	9	0	0		
贫瘠之地禁地	31	27	迷◇失◇战◇神	100	2	3	0	70	0	0		
贫瘠之地禁地	31	27	炎◇骨◇妖	100	10	3	0	7				
贫瘠之地禁地	31	27	锁◇骨◇妖	100	10	3	0	8				
贫瘠之地禁地	31	27	迷◇失◇刀◇客	100	10	3	0	9				
贫瘠之地禁地	31	27	迷◇失◇战◇神	100	2	3	0	70				
贫瘠之地禁地	31	27	破坏之王	100	2	6	0	249				
贫瘠之地禁地	31	27	清风送礼[福利BOSS]6	1	1	12	0	253				
;-------冰宫大殿-------						0						
冰宫大殿	50	50	天问へ雪人	100	20	3	0	1	0	0		
冰宫大殿	50	50	天问へ侍卫	100	20	3	0	2	0	0		
冰宫大殿	50	50	天问へ冰狼	100	20	3	0	3	0	0		
冰宫大殿	50	50	天问へ战将	100	2	6	0	70	0	0		
冰宫大殿	50	50	天问へ雪人	100	20	3	0	1				
冰宫大殿	50	50	天问へ侍卫	100	20	3	0	2				
冰宫大殿	50	50	天问へ冰狼	100	20	3	0	3				
冰宫大殿	50	50	天问へ战将	100	2	6	0	70				
冰宫大殿禁地	31	27	天问へ雪人	100	10	3	0	1	0	0		
冰宫大殿禁地	31	27	天问へ侍卫	100	10	3	0	2	0	0		
冰宫大殿禁地	31	27	天问へ冰狼	100	10	3	0	3	0	0		
冰宫大殿禁地	31	27	天问へ战将	100	2	3	0	70	0	0		
冰宫大殿禁地	31	27	天问へ雪人	100	10	3	0	1				
冰宫大殿禁地	31	27	天问へ侍卫	100	10	3	0	2				
冰宫大殿禁地	31	27	天问へ冰狼	100	10	3	0	3				
冰宫大殿禁地	31	27	天问へ战将	100	2	3	0	70				
冰宫大殿禁地	31	27	雪域大魔王	100	2	6	0	249				
冰宫大殿禁地	31	27	清风送礼[福利BOSS]6	1	1	12	0	253				
;-------血色大殿-------						0						
血色大殿	50	50	猩红ㄐ血兽	100	15	3	0	4	0	0		
血色大殿	50	50	猩红ㄐ血妖	100	15	3	0	5	0	0		
血色大殿	50	50	猩红ㄐ血魔	100	15	3	0	6	0	0		
血色大殿	50	50	猩红ㄐ血尸	100	2	6	0	70	0	0		
血色大殿	50	50	猩红ㄐ血兽	100	15	3	0	4				
血色大殿	50	50	猩红ㄐ血妖	100	15	3	0	5				
血色大殿	50	50	猩红ㄐ血魔	100	15	3	0	6				
血色大殿	50	50	猩红ㄐ血尸	100	2	6	0	70				
血色大殿禁地	31	27	猩红ㄐ血兽	100	10	3	0	4	0	0		
血色大殿禁地	31	27	猩红ㄐ血妖	100	10	3	0	5	0	0		
血色大殿禁地	31	27	猩红ㄐ血魔	100	10	3	0	6	0	0		
血色大殿禁地	31	27	猩红ㄐ血尸	100	2	3	0	70	0	0		
血色大殿禁地	31	27	猩红ㄐ血兽	100	10	3	0	4				
血色大殿禁地	31	27	猩红ㄐ血妖	100	10	3	0	5				
血色大殿禁地	31	27	猩红ㄐ血魔	100	10	3	0	6				
血色大殿禁地	31	27	猩红ㄐ血尸	100	2	3	0	70				
血色大殿禁地	31	27	血魔之神	100	2	6	0	249				
血色大殿禁地	31	27	清风送礼[福利BOSS]6	1	1	12	0	253				
;-------诅咒之地-------						0						
诅咒之地	36	57	诅咒之灵魂收割者	200	20	3	0	19	0	0		
诅咒之地	36	57	暗夜ェ灵魂刺客	200	20	3	0	31	0	0		
诅咒之地	36	57	杀破狼ら独角魔	200	20	3	0	44	0	0		
诅咒之地	36	57	天谴Ξ执法者	200	2	6	0	70	0	0		
诅咒之地	36	57	诅咒之灵魂收割者	200	20	3	0	19				
诅咒之地	36	57	暗夜ェ灵魂刺客	200	20	3	0	31				
诅咒之地	36	57	杀破狼ら独角魔	200	20	3	0	44				
诅咒之地	36	57	天谴Ξ执法者	200	2	6	0	70				
诅咒之地禁地	31	27	诅咒之灵魂收割者	200	10	3	0	19	0	0		
诅咒之地禁地	31	27	暗夜ェ灵魂刺客	200	10	3	0	31	0	0		
诅咒之地禁地	31	27	杀破狼ら独角魔	200	10	3	0	44	0	0		
诅咒之地禁地	31	27	天谴Ξ执法者	200	2	3	0	70	0	0		
诅咒之地禁地	31	27	诅咒之灵魂收割者	200	10	3	0	19				
诅咒之地禁地	31	27	暗夜ェ灵魂刺客	200	10	3	0	31				
诅咒之地禁地	31	27	杀破狼ら独角魔	200	10	3	0	44				
诅咒之地禁地	31	27	天谴Ξ执法者	200	2	3	0	70				
诅咒之地禁地	31	27	诅咒之王	100	2	6	0	249				
诅咒之地禁地	31	27	清风送礼[福利BOSS]6	1	1	12	0	253				
;-------祸乱之地-------						0						
祸乱之地	50	50	游荡的∈恶鬼	100	20	3	0	81	0	0		
祸乱之地	50	50	六亲不认ば赤金蛇王	100	20	3	0	87	0	0		
祸乱之地	50	50	夜不归宿□夜游神	100	20	3	0	93	0	0		
祸乱之地	50	50	八仙过海之冥海天将	100	2	6	0	70	0	0		
祸乱之地	50	50	游荡的∈恶鬼	100	20	3	0	81				
祸乱之地	50	50	六亲不认ば赤金蛇王	100	20	3	0	87				
祸乱之地	50	50	夜不归宿□夜游神	100	20	3	0	93				
祸乱之地	50	50	八仙过海之冥海天将	100	2	6	0	70				
祸乱之地禁地	31	27	游荡的∈恶鬼	100	10	3	0	81	0	0		
祸乱之地禁地	31	27	六亲不认ば赤金蛇王	100	10	3	0	87	0	0		
祸乱之地禁地	31	27	夜不归宿□夜游神	100	10	3	0	93	0	0		
祸乱之地禁地	31	27	八仙过海之冥海天将	100	2	3	0	70	0	0		
祸乱之地禁地	31	27	游荡的∈恶鬼	100	10	3	0	81				
祸乱之地禁地	31	27	六亲不认ば赤金蛇王	100	10	3	0	87				
祸乱之地禁地	31	27	夜不归宿□夜游神	100	10	3	0	93				
祸乱之地禁地	31	27	八仙过海之冥海天将	100	2	3	0	70				
祸乱之地禁地	31	27	罪魁祸首	100	10	6	0	249				
祸乱之地禁地	31	27	清风送礼[福利BOSS]6	1	1	12	0	253				
;-------永歌森林-------						0						
永歌森林	130	130	暗夜护卫	300	20	3	0	255	0	0		
永歌森林	130	130	暗夜魔蛛づ咏歌	300	20	3	0	241	0	0		
永歌森林	130	130	暗夜精灵づ咏歌	300	20	3	0	247	0	0		
永歌森林	130	130	毛脸雷公嘴づ咏歌	300	2	6	0	70	0	0		
永歌森林	130	130	暗夜护卫	300	20	3	0	255				
永歌森林	130	130	暗夜魔蛛づ咏歌	300	20	3	0	241				
永歌森林	130	130	暗夜精灵づ咏歌	300	20	3	0	247				
永歌森林	130	130	毛脸雷公嘴づ咏歌	300	2	6	0	70				
永歌森林禁地	31	27	暗夜护卫	300	10	3	0	255	0	0		
永歌森林禁地	31	27	暗夜魔蛛づ咏歌	300	10	3	0	241	0	0		
永歌森林禁地	31	27	暗夜精灵づ咏歌	300	10	3	0	247	0	0		
永歌森林禁地	31	27	毛脸雷公嘴づ咏歌	300	2	6	0	70	0	0		
永歌森林禁地	31	27	暗夜护卫	300	10	3	0	255				
永歌森林禁地	31	27	暗夜魔蛛づ咏歌	300	10	3	0	241				
永歌森林禁地	31	27	暗夜精灵づ咏歌	300	10	3	0	247				
永歌森林禁地	31	27	毛脸雷公嘴づ咏歌	300	2	6	0	70				
永歌森林禁地	31	27	永夜之王	100	2	6	0	249				
永歌森林禁地	31	27	清风送礼[福利BOSS]6	1	1	12	0	253				
;-------生死门-------						0						
生死门	25	25	生死门●蛊王	50	10	3	0	98	0	0		
生死门	25	25	百年道行∞狐童	50	10	3	0	99	0	0		
生死门	25	25	误入歧途的傻狐狸	50	10	3	0	100	0	0		
生死门	25	25	狐王◆千年之恋	50	2	6	0	70	0	0		
生死门	25	25	生死门●蛊王	50	10	3	0	98				
生死门	25	25	百年道行∞狐童	50	10	3	0	99				
生死门	25	25	误入歧途的傻狐狸	50	10	3	0	100				
生死门	25	25	狐王◆千年之恋	50	2	6	0	70				
生死门禁地	31	27	生死门●蛊王	50	10	3	0	98	0	0		
生死门禁地	31	27	百年道行∞狐童	50	10	3	0	99	0	0		
生死门禁地	31	27	误入歧途的傻狐狸	50	10	3	0	100	0	0		
生死门禁地	31	27	狐王◆千年之恋	50	2	3	0	70	0	0		
生死门禁地	31	27	生死门●蛊王	50	10	3	0	98				
生死门禁地	31	27	百年道行∞狐童	50	10	3	0	99				
生死门禁地	31	27	误入歧途的傻狐狸	50	10	3	0	100				
生死门禁地	31	27	狐王◆千年之恋	50	2	3	0	70				
生死门禁地	31	27	不死战神	50	5	6	0	249				
生死门禁地	31	27	清风送礼[福利BOSS]6	1	1	12	0	253				
;-------不死山-------						0						
不死山	25	25	不死山●磨眼	50	5	3	0	130	0	0		
不死山	25	25	百年道行♀狐童	50	5	3	0	131	0	0		
不死山	25	25	会魔法的狐仙	50	5	3	0	132	0	0		
不死山	25	25	狐王◆九婴天命	50	2	6	0	70	0	0		
不死山	25	25	不死山●磨眼	50	10	3	0	130				
不死山	25	25	百年道行♀狐童	50	10	3	0	131				
不死山	25	25	会魔法的狐仙	50	10	3	0	132				
不死山	25	25	狐王◆九婴天命	50	1	6	0	70				
不死山禁地	31	27	不死山●磨眼	50	10	3	0	130	0	0		
不死山禁地	31	27	百年道行♀狐童	50	10	3	0	131	0	0		
不死山禁地	31	27	会魔法的狐仙	50	10	3	0	132	0	0		
不死山禁地	31	27	狐王◆九婴天命	50	2	3	0	70	0	0		
不死山禁地	31	27	不死山●磨眼	50	10	3	0	130				
不死山禁地	31	27	百年道行♀狐童	50	10	3	0	131				
不死山禁地	31	27	会魔法的狐仙	50	10	3	0	132				
不死山禁地	31	27	狐王◆九婴天命	50	2	3	0	70				
不死山禁地	31	27	真·地藏王	50	2	6	0	249				
不死山禁地	31	27	清风送礼[福利BOSS]6	1	1	12	0	253				
;-------天外天-------						0						
天外天	25	25	天外天●魔瞳	50	5	3	0	148	0	0		
天外天	25	25	百年道行▲狐童	50	5	3	0	149	0	0		
天外天	25	25	百鬼夜行→恋	50	5	3	0	150	0	0		
天外天	25	25	狐王◆血瞳诅咒	50	1	6	0	70	0	0		
天外天	25	25	天外天●魔瞳	50	10	3	0	148				
天外天	25	25	百年道行▲狐童	50	10	3	0	149				
天外天	25	25	百鬼夜行→恋	50	10	3	0	150				
天外天	25	25	狐王◆血瞳诅咒	50	2	6	0	70				
天外天禁地	31	27	天外天●魔瞳	50	10	3	0	148	0	0		
天外天禁地	31	27	百年道行▲狐童	50	10	3	0	149	0	0		
天外天禁地	31	27	百鬼夜行→恋	50	10	3	0	150	0	0		
天外天禁地	31	27	狐王◆血瞳诅咒	50	2	3	0	70	0	0		
天外天禁地	31	27	天外天●魔瞳	50	10	3	0	148				
天外天禁地	31	27	百年道行▲狐童	50	10	3	0	149				
天外天禁地	31	27	百鬼夜行→恋	50	10	3	0	150				
天外天禁地	31	27	狐王◆血瞳诅咒	50	2	3	0	70				
天外天禁地	31	27	狱帝靈神	50	2	6	0	249				
天外天禁地	31	27	清风送礼[福利BOSS]6	1	1	12	0	253				
;-------时空塔-------						0						
时空塔	25	25	时空∏血池战士	50	5	3	0	160	0	0		
时空塔	25	25	时空∏血池战将	50	5	3	0	161	0	0		
时空塔	25	25	时空∏烈焰法师	50	5	3	0	167	0	0		
时空塔	25	25	时空∏蓝色战神	50	1	6	0	70	0	0		
时空塔	25	25	时空∏血池战士	50	10	3	0	160				
时空塔	25	25	时空∏血池战将	50	10	3	0	161				
时空塔	25	25	时空∏烈焰法师	50	10	3	0	167				
时空塔	25	25	时空∏蓝色战神	50	2	6	0	70				
时空塔禁地	31	27	时空∏血池战士	50	10	3	0	160	0	0		
时空塔禁地	31	27	时空∏血池战将	50	10	3	0	161	0	0		
时空塔禁地	31	27	时空∏烈焰法师	50	10	3	0	167	0	0		
时空塔禁地	31	27	时空∏蓝色战神	50	2	3	0	70	0	0		
时空塔禁地	31	27	时空∏血池战士	50	10	3	0	160				
时空塔禁地	31	27	时空∏血池战将	50	10	3	0	161				
时空塔禁地	31	27	时空∏烈焰法师	50	10	3	0	167				
时空塔禁地	31	27	时空∏蓝色战神	50	2	3	0	70				
时空塔禁地	31	27	死亡之吻	50	2	6	0	249				
时空塔禁地	31	27	清风送礼[福利BOSS]6	1	1	12	0	253				
;-------阴阳路-------						0						
阴阳路	25	25	阴阳路ぃ狂战士	50	5	3	0	180	0	0		
阴阳路	25	25	阴阳路ぃ厨神	50	5	3	0	210	0	0		
阴阳路	25	25	阴阳路ぃ巫医	50	5	3	0	191	0	0		
阴阳路	25	25	阴阳路ぃ红色战神	50	1	6	0	70	0	0		
阴阳路	25	25	阴阳路ぃ狂战士	50	10	3	0	180				
阴阳路	25	25	阴阳路ぃ厨神	50	10	3	0	210				
阴阳路	25	25	阴阳路ぃ巫医	50	10	3	0	191				
阴阳路	25	25	阴阳路ぃ红色战神	50	2	6	0	70				
阴阳路禁地	31	27	阴阳路ぃ狂战士	50	10	3	0	180	0	0		
阴阳路禁地	31	27	阴阳路ぃ厨神	50	10	3	0	210	0	0		
阴阳路禁地	31	27	阴阳路ぃ巫医	50	10	3	0	191	0	0		
阴阳路禁地	31	27	阴阳路ぃ红色战神	50	2	3	0	70	0	0		
阴阳路禁地	31	27	阴阳路ぃ狂战士	50	10	3	0	180				
阴阳路禁地	31	27	阴阳路ぃ厨神	50	10	3	0	210				
阴阳路禁地	31	27	阴阳路ぃ巫医	50	10	3	0	191				
阴阳路禁地	31	27	阴阳路ぃ红色战神	50	2	3	0	70				
阴阳路禁地	31	27	域外天魔	50	2	6	0	249				
阴阳路禁地	31	27	清风送礼[福利BOSS]6	1	1	12	0	253				
;-------天幻境-------						0						
天幻境	25	25	天幻ソ真龙护卫	50	5	3	0	227	0	0		
天幻境	25	25	天幻ソ武力龙神将	50	5	3	0	245	0	0		
天幻境	25	25	天幻ソ神龙控魔师	50	5	3	0	250	0	0		
天幻境	25	25	天幻ソ紫色战神	50	1	6	0	70	0	0		
天幻境	25	25	天幻ソ真龙护卫	50	10	3	0	227				
天幻境	25	25	天幻ソ武力龙神将	50	10	3	0	245				
天幻境	25	25	天幻ソ神龙控魔师	50	10	3	0	250				
天幻境	25	25	天幻ソ紫色战神	50	2	6	0	70				
天幻境禁地	31	27	天幻ソ真龙护卫	50	10	3	0	227	0	0		
天幻境禁地	31	27	天幻ソ武力龙神将	50	10	3	0	245	0	0		
天幻境禁地	31	27	天幻ソ神龙控魔师	50	10	3	0	250	0	0		
天幻境禁地	31	27	天幻ソ紫色战神	50	2	3	0	70	0	0		
天幻境禁地	31	27	天幻ソ真龙护卫	50	10	3	0	227				
天幻境禁地	31	27	天幻ソ武力龙神将	50	10	3	0	245				
天幻境禁地	31	27	天幻ソ神龙控魔师	50	10	3	0	250				
天幻境禁地	31	27	天幻ソ紫色战神	50	2	3	0	7				
天幻境禁地	31	27	双头魔幻蛇王	50	2	6	0	249				
天幻境禁地	31	27	清风送礼[福利BOSS]6	1	1	12	0	253				
;〓〓〓〓〓〓〓七大陆北寒仙域〓〓〓〓〓〓〓						0						
北寒仙域	454	504	巅峰∷刺客	400	5	10	0	250				
北寒仙域	454	504	巅峰∷鬼将	400	5	10	0	250				
北寒仙域	454	504	巅峰∷鬼卫	400	5	10	0	250				
北寒仙域	454	504	巅峰∷鬼王	400	1	10	0	70				
北寒仙域	454	504	灵猫战士	400	5	10	0	250				
北寒仙域	454	504	四耳妖壶	400	5	10	0	250				
北寒仙域	454	504	灵猫长枪兵	400	5	10	0	250				
北寒仙域	454	504	灵猫巫师	400	1	10	0	70				
北寒仙域	454	504	白镐猫卫	400	5	10	0	250				
北寒仙域	454	504	黑镐猫卫	400	5	10	0	250				
北寒仙域	454	504	灵猫战将	400	20	10	0	250				
北寒仙域	454	504	三眼妖壶	400	1	10	0	70				
北寒仙域	454	504	灵猫斗士	400	20	10	0	250				
北寒仙域	454	504	天地玄壶	400	20	10	0	250				
北寒仙域	454	504	灵猫圣兽	400	20	10	0	250				
北寒仙域	454	504	灵猫将军	400	1	10	0	70				
北寒仙域	454	504	通天鼠[修罗]	400	20	10	0	250				
北寒仙域	454	504	昆仑祭祀	400	20	10	0	250				
北寒仙域	454	504	昆仑大统领	400	20	10	0	250				
北寒仙域	454	504	昆仑大魔王	400	1	10	0	70				
北寒仙域	454	504	深渊Ч修罗	400	20	10	0	250				
北寒仙域	454	504	烈焰●吞火卫	400	20	10	0	250				
北寒仙域	454	504	梦魇之地ん修罗	400	20	10	0	250				
北寒仙域	454	504	仙境ょ统治灵魂	400	1	10	0	70				
北寒仙域	454	504	玄天☆冰雪精灵	400	20	10	0	250				
北寒仙域	454	504	倩女る幽魂	400	20	10	0	250				
北寒仙域	454	504	九重天☆狂暴尸王	400	20	10	0	250				
北寒仙域	454	504	混沌王○德玛西亚	400	1	10	0	70				
北寒仙域	454	504	冰封雪魔[变异]	400	20	10	0	250				
北寒仙域	454	504	域主身边儿的红人	400	20	10	0	250				
北寒仙域	454	504	远古武力神将	400	20	10	0	250				
北寒仙域	454	504	远古堕落狂徒	400	1	10	0	70				
北寒仙域	454	504	毒龙Ш破军之刃	400	20	10	0	250				
北寒仙域	454	504	秦岭未知之地死侍	400	20	10	0	250				
北寒仙域	454	504	太阴☆毒妇	400	20	10	0	250				
北寒仙域	454	504	为爱痴狂ぽ逍遥王	400	1	10	0	70				
北寒仙域	454	504	古迹ㄘ冰封兽人	400	20	10	0	250				
北寒仙域	454	504	铁面ん判官	400	20	10	0	250				
北寒仙域	454	504	仙域埋没的将领	400	20	10	0	250				
北寒仙域	454	504	▲拉贾克斯将军▲	400	1	10	0	70				
北寒仙域	454	504	深渊τ巨魔	400	20	10	0	250				
北寒仙域	454	504	来自仙界的使者	400	20	10	0	250				
北寒仙域	454	504	深渊霸主的男仆	400	20	10	0	250				
北寒仙域	454	504	昆仑大法师	400	1	10	0	70				
北寒仙域	454	504	神迹Ч冰妖	400	20	10	0	250				
北寒仙域	454	504	太古冰封的妖精	400	20	10	0	250				
北寒仙域	454	504	万年冰封ニ神勇战士	400	20	10	0	250				
北寒仙域	454	504	狰狞ん巨翼	400	1	10	0	70				
北寒仙域	454	504	巅峰∷刺客	400	5	10	0	250				
北寒仙域	454	504	巅峰∷鬼将	400	5	10	0	250				
北寒仙域	454	504	巅峰∷鬼卫	400	5	10	0	250				
北寒仙域	454	504	巅峰∷鬼王	400	1	10	0	70				
北寒仙域	454	504	灵猫战士	400	5	10	0	250				
北寒仙域	454	504	四耳妖壶	400	5	10	0	250				
北寒仙域	454	504	灵猫长枪兵	400	5	10	0	250				
北寒仙域	454	504	灵猫巫师	400	1	10	0	70				
北寒仙域	454	504	白镐猫卫	400	5	10	0	250				
北寒仙域	454	504	黑镐猫卫	400	5	10	0	250				
北寒仙域	454	504	灵猫战将	400	20	10	0	250				
北寒仙域	454	504	三眼妖壶	400	1	10	0	70				
北寒仙域	454	504	灵猫斗士	400	20	10	0	250				
北寒仙域	454	504	天地玄壶	400	20	10	0	250				
北寒仙域	454	504	灵猫圣兽	400	20	10	0	250				
北寒仙域	454	504	灵猫将军	400	1	10	0	70				
北寒仙域	454	504	通天鼠[修罗]	400	20	10	0	250				
北寒仙域	454	504	昆仑祭祀	400	20	10	0	250				
北寒仙域	454	504	昆仑大统领	400	20	10	0	250				
北寒仙域	454	504	昆仑大魔王	400	1	10	0	70				
北寒仙域	454	504	深渊Ч修罗	400	20	10	0	250				
北寒仙域	454	504	烈焰●吞火卫	400	20	10	0	250				
北寒仙域	454	504	梦魇之地ん修罗	400	20	10	0	250				
北寒仙域	454	504	仙境ょ统治灵魂	400	1	10	0	70				
北寒仙域	454	504	玄天☆冰雪精灵	400	20	10	0	250				
北寒仙域	454	504	倩女る幽魂	400	20	10	0	250				
北寒仙域	454	504	九重天☆狂暴尸王	400	20	10	0	250				
北寒仙域	454	504	混沌王○德玛西亚	400	1	10	0	70				
北寒仙域	454	504	冰封雪魔[变异]	400	20	10	0	250				
北寒仙域	454	504	域主身边儿的红人	400	20	10	0	250				
北寒仙域	454	504	远古武力神将	400	20	10	0	250				
北寒仙域	454	504	远古堕落狂徒	400	1	10	0	70				
北寒仙域	454	504	毒龙Ш破军之刃	400	20	10	0	250				
北寒仙域	454	504	秦岭未知之地死侍	400	20	10	0	250				
北寒仙域	454	504	太阴☆毒妇	400	20	10	0	250				
北寒仙域	454	504	为爱痴狂ぽ逍遥王	400	1	10	0	70				
北寒仙域	454	504	古迹ㄘ冰封兽人	400	20	10	0	250				
北寒仙域	454	504	铁面ん判官	400	20	10	0	250				
北寒仙域	454	504	仙域埋没的将领	400	20	10	0	250				
北寒仙域	454	504	▲拉贾克斯将军▲	400	1	10	0	70				
北寒仙域	454	504	深渊τ巨魔	400	20	10	0	250				
北寒仙域	454	504	来自仙界的使者	400	20	10	0	250				
北寒仙域	454	504	深渊霸主的男仆	400	20	10	0	250				
北寒仙域	454	504	昆仑大法师	400	1	10	0	70				
北寒仙域	454	504	神迹Ч冰妖	400	20	10	0	250				
北寒仙域	454	504	太古冰封的妖精	400	20	10	0	250				
北寒仙域	454	504	万年冰封ニ神勇战士	400	20	10	0	250				
北寒仙域	454	504	狰狞ん巨翼	400	1	10	0	70				
;-------北寒秘境-------						0						
北寒秘境	120	130	巅峰∷刺客	200	30	3	0	222	0	0		
北寒秘境	120	130	巅峰∷鬼将	200	30	3	0	229	0	0		
北寒秘境	120	130	巅峰∷鬼卫	200	30	3	0	244	0	0		
北寒秘境	120	130	巅峰∷鬼王	200	3	3	0	70	0	0		
北寒秘境	120	130	巅峰∷刺客	200	30	3	0	222				
北寒秘境	120	130	巅峰∷鬼将	200	30	3	0	229				
北寒秘境	120	130	巅峰∷鬼卫	200	30	3	0	244				
北寒秘境	120	130	巅峰∷鬼王	200	3	3	0	70				
北寒秘境	120	130	◆九幽·黄泉【n】轮回◆	200	2	6	0	249				
北寒秘境	120	130	清风送礼[福利BOSS]7	1	1	12	0	253				
;-------冰川纪元-------						0						
冰川纪元	50	50	灵猫战士	200	20	3	0	151	0	0		
冰川纪元	50	50	四耳妖壶	200	20	3	0	146	0	0		
冰川纪元	50	50	灵猫长枪兵	200	20	3	0	135	0	0		
冰川纪元	50	50	灵猫巫师	200	3	3	0	70	0	0		
冰川纪元	50	50	灵猫战士	200	20	3	0	151				
冰川纪元	50	50	四耳妖壶	200	20	3	0	146				
冰川纪元	50	50	灵猫长枪兵	200	20	3	0	135				
冰川纪元	50	50	灵猫巫师	200	3	3	0	70				
冰川纪元	50	50	◆◆◆葬神魔罗·【无敌】◆◆◆	100	2	6	0	249				
冰川纪元	50	50	清风送礼[福利BOSS]7	1	1	12	0	253				
;-------冰封王座-------						0						
冰封王座	100	100	白镐猫卫	200	20	3	0	124	0	0		
冰封王座	100	100	黑镐猫卫	200	20	3	0	158	0	0		
冰封王座	100	100	灵猫战将	200	20	3	0	180	0	0		
冰封王座	100	100	三眼妖壶	200	3	3	0	70	0	0		
冰封王座	100	100	白镐猫卫	200	20	3	0	124				
冰封王座	100	100	黑镐猫卫	200	20	3	0	158				
冰封王座	100	100	灵猫战将	200	20	3	0	180				
冰封王座	100	100	三眼妖壶	200	3	3	0	70				
冰封王座	100	100	★★★★神·印王座★★★★	300	2	6	0	249				
冰封王座	100	100	清风送礼[福利BOSS]7	1	1	12	0	253				
;-------北寒之巅-------						0						
北寒之巅	100	100	灵猫斗士	200	20	3	0	6	0	0		
北寒之巅	100	100	天地玄壶	200	20	3	0	2	0	0		
北寒之巅	100	100	灵猫圣兽	200	20	3	0	9	0	0		
北寒之巅	100	100	灵猫将军	200	3	3	0	70	0	0		
北寒之巅	100	100	灵猫斗士	200	20	3	0	6				
北寒之巅	100	100	天地玄壶	200	20	3	0	2				
北寒之巅	100	100	灵猫圣兽	200	20	3	0	9				
北寒之巅	100	100	灵猫将军	200	3	3	0	70				
北寒之巅	100	100	冰霜の【女巫·吉安娜】	200	2	6	0	249				
北寒之巅	100	100	清风送礼[福利BOSS]7	1	1	12	0	253				
;-------昆仑神宫-------						0						
昆仑神宫	60	60	通天鼠[修罗]	200	20	3	0	5	0	0		
昆仑神宫	60	60	昆仑祭祀	220	20	3	0	1	0	0		
昆仑神宫	60	60	昆仑大统领	220	20	3	0	255	0	0		
昆仑神宫	60	60	昆仑大魔王	220	3	3	0	70	0	0		
昆仑神宫	60	60	通天鼠[修罗]	200	20	3	0	5				
昆仑神宫	60	60	昆仑祭祀	220	20	3	0	1				
昆仑神宫	60	60	昆仑大统领	220	20	3	0	255				
昆仑神宫	60	60	昆仑大魔王	220	3	3	0	70				
昆仑神宫	60	60	≮灭≯★★极地冰封万里★★	220	2	6	0	249				
昆仑神宫	60	60	清风送礼[福利BOSS]7	1	1	12	0	253				
;-------逆央仙境-------						0						
逆央仙境	100	80	深渊Ч修罗	200	20	3	0	55	0	0		
逆央仙境	100	80	烈焰●吞火卫	200	20	3	0	64	0	0		
逆央仙境	100	80	梦魇之地ん修罗	200	20	3	0	1	0	0		
逆央仙境	100	80	仙境ょ统治灵魂	200	3	3	0	70	0	0		
逆央仙境	100	80	深渊Ч修罗	200	20	3	0	55				
逆央仙境	100	80	烈焰●吞火卫	200	20	3	0	64				
逆央仙境	100	80	梦魇之地ん修罗	200	20	3	0	1				
逆央仙境	100	80	仙境ょ统治灵魂	200	3	3	0	70				
逆央仙境	100	80	※※毁天灭地之怒吼※※	200	2	6	0	249				
逆央仙境	100	80	清风送礼[福利BOSS]7	1	1	12	0	253				
;-------玄天宫殿-------						0						
玄天宫殿	50	50	玄天☆冰雪精灵	100	20	3	0	9	0	0		
玄天宫殿	50	50	倩女る幽魂	100	20	3	0	146	0	0		
玄天宫殿	50	50	九重天☆狂暴尸王	100	20	3	0	178	0	0		
玄天宫殿	50	50	混沌王○德玛西亚	100	3	3	0	70	0	0		
玄天宫殿	50	50	玄天☆冰雪精灵	100	20	3	0	9				
玄天宫殿	50	50	倩女る幽魂	100	20	3	0	146				
玄天宫殿	50	50	九重天☆狂暴尸王	100	20	3	0	178				
玄天宫殿	50	50	混沌王○德玛西亚	100	3	3	0	70				
玄天宫殿	50	50	★★十凶极恶·残暴★★	100	2	6	0	249				
玄天宫殿	50	50	清风送礼[福利BOSS]7	1	1	12	0	253				
;-------真天秘境-------						0						
真天秘境	170	130	冰封雪魔[变异]	300	30	3	0	187	0	0		
真天秘境	170	130	域主身边儿的红人	300	30	3	0	218	0	0		
真天秘境	170	130	远古武力神将	300	30	3	0	239	0	0		
真天秘境	170	130	远古堕落狂徒	300	4	3	0	70	0	0		
真天秘境	170	130	冰封雪魔[变异]	300	30	3	0	187				
真天秘境	170	130	域主身边儿的红人	300	30	3	0	218				
真天秘境	170	130	远古武力神将	300	30	3	0	239				
真天秘境	170	130	远古堕落狂徒	300	4	3	0	70				
真天秘境	170	130	◆最终守护の霸主·无双◆	300	2	6	0	249				
真天秘境	170	130	清风送礼[福利BOSS]7	1	1	12	0	253				
;-------通天秘境-------						0						
通天秘境	90	50	毒龙Ш破军之刃	100	20	3	0	237	0	0		
通天秘境	90	50	秦岭未知之地死侍	100	20	3	0	242	0	0		
通天秘境	90	50	太阴☆毒妇	100	20	3	0	252	0	0		
通天秘境	90	50	为爱痴狂ぽ逍遥王	100	3	3	0	70	0	0		
通天秘境	90	50	毒龙Ш破军之刃	100	20	3	0	237				
通天秘境	90	50	秦岭未知之地死侍	100	20	3	0	242				
通天秘境	90	50	太阴☆毒妇	100	20	3	0	252				
通天秘境	90	50	为爱痴狂ぽ逍遥王	100	3	3	0	70				
通天秘境	90	50	※天外※飞仙※	100	2	6	0	249				
通天秘境	90	50	清风送礼[福利BOSS]7	1	1	12	0	253				
;-------仙域古迹-------						0						
仙域古迹	50	50	古迹ㄘ冰封兽人	100	20	3	0	254	0	0		
仙域古迹	50	50	铁面ん判官	100	20	3	0	251	0	0		
仙域古迹	50	50	仙域埋没的将领	100	20	3	0	250	0	0		
仙域古迹	50	50	▲拉贾克斯将军▲	100	3	3	0	70	0	0		
仙域古迹	50	50	古迹ㄘ冰封兽人	100	20	3	0	254				
仙域古迹	50	50	铁面ん判官	100	20	3	0	251				
仙域古迹	50	50	仙域埋没的将领	100	20	3	0	250				
仙域古迹	50	50	▲拉贾克斯将军▲	100	3	3	0	70				
仙域古迹	50	50	【最后轻语】√战争の无极	100	2	6	0	249				
仙域古迹	50	50	清风送礼[福利BOSS]7	1	1	12	0	253				
;-------九龙深渊-------						0						
九龙深渊	50	50	深渊τ巨魔	100	20	3	0	2	0	0		
九龙深渊	50	50	来自仙界的使者	100	20	3	0	3	0	0		
九龙深渊	50	50	深渊霸主的男仆	100	20	3	0	4	0	0		
九龙深渊	50	50	昆仑大法师	100	3	3	0	70	0	0		
九龙深渊	50	50	深渊τ巨魔	100	20	3	0	2				
九龙深渊	50	50	来自仙界的使者	100	20	3	0	3				
九龙深渊	50	50	深渊霸主的男仆	100	20	3	0	4				
九龙深渊	50	50	昆仑大法师	100	3	3	0	70				
九龙深渊	50	50	◆◆◆真·仙之守护◆◆◆	100	2	6	0	249				
九龙深渊	40	40	清风送礼[福利BOSS]7	1	1	12	0	253				
;-------太古神迹-------						0						
太古神迹	70	70	神迹Ч冰妖	150	20	3	0	108	0	0		
太古神迹	70	70	太古冰封的妖精	150	20	3	0	134	0	0		
太古神迹	70	70	万年冰封ニ神勇战士	150	20	3	0	246	0	0		
太古神迹	70	70	狰狞ん巨翼	150	3	3	0	70	0	0		
太古神迹	70	70	神迹Ч冰妖	150	20	3	0	108				
太古神迹	70	70	太古冰封的妖精	150	20	3	0	134				
太古神迹	70	70	万年冰封ニ神勇战士	150	20	3	0	246				
太古神迹	70	70	狰狞ん巨翼	150	3	3	0	70				
太古神迹	70	70	血瞳诅咒·㊣㊣九婴天命㊣㊣	150	2	6	0	249				
太古神迹	70	70	清风送礼[福利BOSS]7	1	1	12	0	253				
;〓〓〓〓八大陆群魔营地〓〓〓〓						0						
群魔营地	189	149	洪荒射手·邪	300	5	10	0	251	0	0		
群魔营地	189	149	洪荒守卫·恶	300	5	10	0	251	0	0		
群魔营地	189	149	洪荒战士·怨	300	5	10	0	251	0	0		
群魔营地	189	149	幽冥法师·乱	300	5	10	0	251	0	0		
群魔营地	189	149	幽冥刀斧手·斩	300	5	10	0	251	0	0		
群魔营地	189	149	幽冥神雀·魔	300	5	10	0	251	0	0		
群魔营地	189	149	㊣血瞳㊣	300	5	10	0	251	0	0		
群魔营地	189	149	㊣梦魇㊣	300	5	10	0	251	0	0		
群魔营地	189	149	㊣渡鸦㊣	300	5	10	0	251	0	0		
群魔营地	189	149	精灵卍血奴	300	5	10	0	251	0	0		
群魔营地	189	149	精灵卍刀奴	300	5	10	0	251	0	0		
群魔营地	189	149	精灵卍鱼魔	300	5	10	0	251	0	0		
群魔营地	189	149	地底下的￠恶魔	300	5	10	0	251	0	0		
群魔营地	189	149	血煞镰刀￠恶魔	300	5	10	0	251	0	0		
群魔营地	189	149	幽灵使者￠恶魔	300	5	10	0	251	0	0		
群魔营地	189	149	诅咒♀魔石	300	5	10	0	251	0	0		
群魔营地	189	149	诅咒♀魔蚁	300	5	10	0	251	0	0		
群魔营地	189	149	诅咒♀魔魂	300	5	10	0	251	0	0		
群魔营地	189	149	神氏守卫∝火灵	300	5	10	0	251	0	0		
群魔营地	189	149	神氏守卫∝怒战	300	5	10	0	251	0	0		
群魔营地	189	149	神氏守卫∝地狱战士	300	5	10	0	251	0	0		
群魔营地	189	149	地底鬼珠∵幻月	300	5	10	0	251	0	0		
群魔营地	189	149	地底毒珠∵毒妇	300	5	10	0	251	0	0		
群魔营地	189	149	地底魔珠∵幻魔	300	5	10	0	251	0	0		
群魔营地	189	149	盘龙守卫[邪恶]	300	5	10	0	251	0	0		
群魔营地	189	149	盘龙法师∴碎	300	5	10	0	251	0	0		
群魔营地	189	149	盘龙侍卫∴崩	300	5	10	0	251	0	0		
群魔营地	189	149	暗黑罗刹[邪恶]	300	5	10	0	251	0	0		
群魔营地	189	149	暗黑巫师⊙魔幻	300	5	10	0	251	0	0		
群魔营地	189	149	暗黑魔罐⊙幻	300	5	10	0	251	0	0		
群魔营地	189	149	洪荒射手·邪	300	5	10	0	251				
群魔营地	189	149	洪荒守卫·恶	300	5	10	0	251				
群魔营地	189	149	洪荒战士·怨	300	5	10	0	251				
群魔营地	189	149	洪荒战将·[堕落]	150	1	10	0	254				
群魔营地	189	149	幽冥法师·乱	300	5	10	0	251				
群魔营地	189	149	幽冥刀斧手·斩	300	5	10	0	251				
群魔营地	189	149	幽冥神雀·魔	300	5	10	0	251				
群魔营地	189	149	幽冥狂战士·[堕落]	150	1	10	0	254				
群魔营地	189	149	㊣血瞳㊣	300	5	10	0	251				
群魔营地	189	149	㊣梦魇㊣	300	5	10	0	251				
群魔营地	189	149	㊣渡鸦㊣	300	5	10	0	251				
群魔营地	189	149	死亡将军·[堕落]	150	1	10	0	254				
群魔营地	189	149	精灵卍血奴	300	5	10	0	251				
群魔营地	189	149	精灵卍刀奴	300	5	10	0	251				
群魔营地	189	149	精灵卍鱼魔	300	5	10	0	251				
群魔营地	189	149	平原精灵·[堕落]	150	1	10	0	254				
群魔营地	189	149	地底下的￠恶魔	300	5	10	0	251				
群魔营地	189	149	血煞镰刀￠恶魔	300	5	10	0	251				
群魔营地	189	149	幽灵使者￠恶魔	300	5	10	0	251				
群魔营地	189	149	光明大祭司·[堕落]	150	1	10	0	254				
群魔营地	189	149	诅咒♀魔石	300	5	10	0	251				
群魔营地	189	149	诅咒♀魔蚁	300	5	10	0	251				
群魔营地	189	149	诅咒♀魔魂	300	5	10	0	251				
群魔营地	189	149	诅咒老魔·[堕落]	150	1	10	0	254				
群魔营地	189	149	神氏守卫∝火灵	300	5	10	0	251				
群魔营地	189	149	神氏守卫∝怒战	300	5	10	0	251				
群魔营地	189	149	神氏守卫∝地狱战士	300	5	10	0	251				
群魔营地	189	149	神氏大统领·[堕落]	150	1	10	0	254				
群魔营地	189	149	地底鬼珠∵幻月	300	5	10	0	251				
群魔营地	189	149	地底毒珠∵毒妇	300	5	10	0	251				
群魔营地	189	149	地底魔珠∵幻魔	300	5	10	0	251				
群魔营地	189	149	地底珠王·[堕落]	150	1	10	0	254				
群魔营地	189	149	盘龙守卫[邪恶]	300	5	10	0	251				
群魔营地	189	149	盘龙法师∴碎	300	5	10	0	251				
群魔营地	189	149	盘龙侍卫∴崩	300	5	10	0	251				
群魔营地	189	149	盘龙守护·[堕落]	150	1	10	0	254				
群魔营地	189	149	暗黑罗刹[邪恶]	300	5	10	0	251				
群魔营地	189	149	暗黑巫师⊙魔幻	300	5	10	0	251				
群魔营地	189	149	暗黑魔罐⊙幻	300	5	10	0	251				
群魔营地	189	149	暗黑魔王·[堕落]	150	1	10	0	254				
群魔营地	189	149	清风送礼[福利BOSS]8	1	1	12	0	253				
;-------死亡炼狱-------						0						
死亡炼狱	150	150	㊣血瞳㊣	300	30	3	0	255	0	0		
死亡炼狱	150	150	㊣梦魇㊣	300	30	3	0	255	0	0		
死亡炼狱	150	150	㊣渡鸦㊣	300	30	3	0	255	0	0		
死亡炼狱	150	150	死亡将军·[堕落]	300	4	6	0	70	0	0		
死亡炼狱	150	150	㊣血瞳㊣	300	30	3	0	255				
死亡炼狱	150	150	㊣梦魇㊣	300	30	3	0	255				
死亡炼狱	150	150	㊣渡鸦㊣	300	30	3	0	255				
死亡炼狱	150	150	死亡将军·[堕落]	300	4	6	0	70				
死亡炼狱深处	109	116	㊣血瞳㊣	300	30	3	0	255	0	0		
死亡炼狱深处	109	116	㊣梦魇㊣	300	30	3	0	255	0	0		
死亡炼狱深处	109	116	㊣渡鸦㊣	300	30	3	0	255	0	0		
死亡炼狱深处	109	116	死亡将军·[堕落]	300	4	3	0	70	0	0		
死亡炼狱深处	109	116	㊣血瞳㊣	300	30	3	0	255				
死亡炼狱深处	109	116	㊣梦魇㊣	300	30	3	0	255				
死亡炼狱深处	109	116	㊣渡鸦㊣	300	30	3	0	255				
死亡炼狱深处	109	116	死亡将军·[堕落]	300	4	3	0	70				
死亡炼狱深处	109	116	炼狱霸刀·狂傲天【无天】	300	2	6	0	249				
死亡炼狱深处	109	116	清风送礼[福利BOSS]8	1	1	12	0	253				
;-------神氏废墟-------						0						
地底深渊2	91	88	神氏守卫∝火灵	200	20	3	0	254	0	0		
地底深渊2	91	88	神氏守卫∝怒战	200	20	3	0	254	0	0		
地底深渊2	91	88	神氏守卫∝地狱战士	200	30	2	0	254	0	0		
地底深渊2	91	88	神氏大统领·[堕落]	200	1	6	0	70	0	0		
地底深渊2	91	88	神氏守卫∝火灵	200	20	3	0	254				
地底深渊2	91	88	神氏守卫∝怒战	200	20	3	0	254				
地底深渊2	91	88	神氏守卫∝地狱战士	200	30	2	0	254				
地底深渊2	91	88	神氏大统领·[堕落]	200	1	6	0	70				
地底深渊3	91	89	神氏守卫∝火灵	200	20	3	0	254	0	0		
地底深渊3	91	89	神氏守卫∝怒战	200	20	3	0	254	0	0		
地底深渊3	91	89	神氏守卫∝地狱战士	200	30	2	0	254	0	0		
地底深渊3	91	89	神氏大统领·[堕落]	200	1	6	0	70	0	0		
地底深渊3	91	89	神氏守卫∝火灵	200	20	3	0	254				
地底深渊3	91	89	神氏守卫∝怒战	200	20	3	0	254				
地底深渊3	91	89	神氏守卫∝地狱战士	20	30	2	0	254				
地底深渊3	91	89	神氏大统领·[堕落]	200	1	6	0	70				
地底深渊7	133	110	神氏守卫∝火灵	200	20	3	0	254	0	0		
地底深渊7	133	110	神氏守卫∝怒战	200	20	3	0	254	0	0		
地底深渊7	133	110	神氏守卫∝地狱战士	200	30	2	0	254	0	0		
地底深渊7	133	110	神氏大统领·[堕落]	200	2	3	0	70	0	0		
地底深渊7	133	110	神氏守卫∝火灵	200	20	3	0	254				
地底深渊7	133	110	神氏守卫∝怒战	200	20	3	0	254				
地底深渊7	133	110	神氏守卫∝地狱战士	200	30	2	0	254				
地底深渊7	133	110	神氏大统领·[堕落]	200	2	3	0	70				
地底深渊7	133	110	死亡骑士·阿尔萨斯·亡灵	200	2	6	0	249				
地底深渊7	133	110	清风送礼[福利BOSS]8	1	1	12	0	253				
;-------盘龙之地-------						0						
盘龙之地一层	138	170	盘龙守卫[邪恶]	200	20	3	0	254	0	0		
盘龙之地一层	138	170	盘龙法师∴碎	200	20	3	0	254	0	0		
盘龙之地一层	138	170	盘龙侍卫∴崩	200	20	3	0	254	0	0		
盘龙之地一层	138	170	盘龙守护·[堕落]	200	3	6	0	70	0	0		
盘龙之地一层	138	170	盘龙守卫[邪恶]	200	20	3	0	254				
盘龙之地一层	138	170	盘龙法师∴碎	200	20	3	0	254				
盘龙之地一层	138	170	盘龙侍卫∴崩	200	20	3	0	254				
盘龙之地一层	138	170	盘龙守护·[堕落]	200	3	6	0	70				
盘龙之地	100	100	盘龙守卫[邪恶]	200	30	3	0	254	0	0		
盘龙之地	100	100	盘龙法师∴碎	200	30	3	0	254	0	0		
盘龙之地	100	100	盘龙侍卫∴崩	200	30	3	0	254	0	0		
盘龙之地	100	100	盘龙守护·[堕落]	200	3	3	0	70	0	0		
盘龙之地	100	100	盘龙守卫[邪恶]	200	30	3	0	254				
盘龙之地	100	100	盘龙法师∴碎	200	30	3	0	254				
盘龙之地	100	100	盘龙侍卫∴崩	200	30	3	0	254				
盘龙之地	100	100	盘龙守护·[堕落]	200	3	3	0	70				
盘龙之地	100	100	半神之子·塞纳留斯·教父	200	2	6	0	249				
盘龙之地	100	100	清风送礼[福利BOSS]8	1	1	12	0	253				
;-------诅咒迷宫-------						0						
诅咒迷宫	100	100	诅咒♀魔石	200	20	3	0	254	0	0		
诅咒迷宫	100	100	诅咒♀魔蚁	200	20	3	0	254	0	0		
诅咒迷宫	100	100	诅咒♀魔魂	200	20	3	0	254	0	0		
诅咒迷宫	100	100	诅咒老魔·[堕落]	200	3	6	0	70	0	0		
诅咒迷宫	100	100	诅咒♀魔石	200	20	3	0	254				
诅咒迷宫	100	100	诅咒♀魔蚁	200	20	3	0	254				
诅咒迷宫	100	100	诅咒♀魔魂	200	20	3	0	254				
诅咒迷宫	100	100	诅咒老魔·[堕落]	200	3	6	0	70				
诅咒迷宫二层	100	100	诅咒♀魔石	200	20	3	0	254	0	0		
诅咒迷宫二层	100	100	诅咒♀魔蚁	200	20	3	0	254	0	0		
诅咒迷宫二层	100	100	诅咒♀魔魂	200	20	3	0	254	0	0		
诅咒迷宫二层	100	100	诅咒老魔·[堕落]	200	3	6	0	70	0	0		
诅咒迷宫二层	100	100	诅咒♀魔石	200	20	3	0	254				
诅咒迷宫二层	100	100	诅咒♀魔蚁	200	20	3	0	254				
诅咒迷宫二层	100	100	诅咒♀魔魂	200	20	3	0	254				
诅咒迷宫二层	100	100	诅咒老魔·[堕落]	200	3	6	0	70				
诅咒迷宫大殿	62	57	诅咒♀魔石	200	20	3	0	254	0	0		
诅咒迷宫大殿	62	57	诅咒♀魔蚁	200	20	3	0	254	0	0		
诅咒迷宫大殿	62	57	诅咒♀魔魂	200	20	3	0	254	0	0		
诅咒迷宫大殿	62	57	诅咒老魔·[堕落]	200	3	3	0	70	0	0		
诅咒迷宫大殿	62	57	诅咒♀魔石	200	20	3	0	254				
诅咒迷宫大殿	62	57	诅咒♀魔蚁	200	20	3	0	254				
诅咒迷宫大殿	62	57	诅咒♀魔魂	200	20	3	0	254				
诅咒迷宫大殿	62	57	诅咒老魔·[堕落]	200	3	3	0	70				
诅咒迷宫大殿	62	57	囚笼守护·复仇女神玛维	200	2	6	0	249				
诅咒迷宫大殿	62	57	清风送礼[福利BOSS]8	1	1	12	0	253				
;-------幽灵地堡-------						0						
地底深渊4	80	67	地底下的￠恶魔	100	20	3	0	254	0	0		
地底深渊4	80	67	血煞镰刀￠恶魔	100	20	3	0	254	0	0		
地底深渊4	80	67	幽灵使者￠恶魔	100	20	3	0	254	0	0		
地底深渊4	80	67	光明大祭司·[堕落]	100	2	6	0	70	0	0		
地底深渊4	80	67	地底下的￠恶魔	100	20	3	0	254				
地底深渊4	80	67	血煞镰刀￠恶魔	100	20	3	0	254				
地底深渊4	80	67	幽灵使者￠恶魔	100	20	3	0	254				
地底深渊4	80	67	光明大祭司·[堕落]	100	2	6	0	70				
地底深渊5	144	133	地底下的￠恶魔	100	20	3	0	254	0	0		
地底深渊5	144	133	血煞镰刀￠恶魔	100	20	3	0	254	0	0		
地底深渊5	144	133	幽灵使者￠恶魔	100	20	3	0	254	0	0		
地底深渊5	144	133	光明大祭司·[堕落]	100	2	6	0	70	0	0		
地底深渊5	144	133	地底下的￠恶魔	100	20	3	0	254				
地底深渊5	144	133	血煞镰刀￠恶魔	100	20	3	0	254				
地底深渊5	144	133	幽灵使者￠恶魔	100	20	3	0	254				
地底深渊5	144	133	光明大祭司·[堕落]	100	2	6	0	70				
地底深渊6	26	40	地底下的￠恶魔	100	10	3	0	254	0	0		
地底深渊6	26	40	血煞镰刀￠恶魔	100	10	3	0	254	0	0		
地底深渊6	26	40	幽灵使者￠恶魔	100	10	3	0	254	0	0		
地底深渊6	26	40	光明大祭司·[堕落]	100	1	6	0	70	0	0		
地底深渊6	26	40	地底下的￠恶魔	100	10	3	0	254				
地底深渊6	26	40	血煞镰刀￠恶魔	100	10	3	0	254				
地底深渊6	26	40	幽灵使者￠恶魔	100	10	3	0	254				
地底深渊6	26	40	光明大祭司·[堕落]	100	1	6	0	70				
地底深渊8	25	25	地底下的￠恶魔	100	20	3	0	254	0	0		
地底深渊8	25	25	血煞镰刀￠恶魔	100	20	3	0	254	0	0		
地底深渊8	25	25	幽灵使者￠恶魔	100	20	3	0	254	0	0		
地底深渊8	25	25	光明大祭司·[堕落]	100	2	3	0	70	0	0		
地底深渊8	25	25	地底下的￠恶魔	100	20	3	0	254				
地底深渊8	25	25	血煞镰刀￠恶魔	100	20	3	0	254				
地底深渊8	25	25	幽灵使者￠恶魔	100	20	3	0	254				
地底深渊8	25	25	光明大祭司·[堕落]	100	2	3	0	70				
地底深渊8	25	25	罪恶克星·杀戮【神魔】	100	2	6	0	249				
地底深渊8	25	25	清风送礼[福利BOSS]8	1	1	12	0	253				
;-------幽冥涧地-------						0						
幽冥涧地1	172	173	幽冥法师·乱	300	20	3	0	241	0	0		
幽冥涧地1	172	173	幽冥刀斧手·斩	300	20	3	0	241	0	0		
幽冥涧地1	172	173	幽冥神雀·魔	300	20	3	0	241	0	0		
幽冥涧地1	172	173	幽冥狂战士·[堕落]	300	3	6	0	70	0	0		
幽冥涧地1	172	173	幽冥法师·乱	300	20	3	0	241				
幽冥涧地1	172	173	幽冥刀斧手·斩	300	20	3	0	241				
幽冥涧地1	172	173	幽冥神雀·魔	300	20	3	0	241				
幽冥涧地1	172	173	幽冥狂战士·[堕落]	300	3	6	0	70				
幽冥涧地2	156	154	幽冥法师·乱	300	20	3	0	241	0	0		
幽冥涧地2	156	154	幽冥刀斧手·斩	300	20	3	0	241	0	0		
幽冥涧地2	156	154	幽冥神雀·魔	300	20	3	0	241	0	0		
幽冥涧地2	156	154	幽冥狂战士·[堕落]	300	3	6	0	70	0	0		
幽冥涧地2	156	154	幽冥法师·乱	300	20	3	0	241				
幽冥涧地2	156	154	幽冥刀斧手·斩	300	20	3	0	241				
幽冥涧地2	156	154	幽冥神雀·魔	300	20	3	0	241				
幽冥涧地2	156	154	幽冥狂战士·[堕落]	300	3	6	0	70				
幽冥涧地3	160	140	幽冥法师·乱	300	20	3	0	241	0	0		
幽冥涧地3	160	140	幽冥刀斧手·斩	300	20	3	0	241	0	0		
幽冥涧地3	160	140	幽冥神雀·魔	300	20	3	0	241	0	0		
幽冥涧地3	160	140	幽冥狂战士·[堕落]	300	3	6	0	70	0	0		
幽冥涧地3	160	140	幽冥法师·乱	300	20	3	0	241				
幽冥涧地3	160	140	幽冥刀斧手·斩	300	20	3	0	241				
幽冥涧地3	160	140	幽冥神雀·魔	300	20	3	0	241				
幽冥涧地3	160	140	幽冥狂战士·[堕落]	300	3	6	0	70				
幽冥涧地4	158	171	幽冥法师·乱	300	20	3	0	241	0	0		
幽冥涧地4	158	171	幽冥刀斧手·斩	300	20	3	0	241	0	0		
幽冥涧地4	158	171	幽冥神雀·魔	300	20	3	0	241	0	0		
幽冥涧地4	158	171	幽冥狂战士·[堕落]	300	3	6	0	70	0	0		
幽冥涧地4	158	171	幽冥法师·乱	300	20	3	0	241				
幽冥涧地4	158	171	幽冥刀斧手·斩	300	20	3	0	241				
幽冥涧地4	158	171	幽冥神雀·魔	300	20	3	0	241				
幽冥涧地4	158	171	幽冥狂战士·[堕落]	300	3	6	0	70				
幽冥涧地5	50	50	幽冥法师·乱	300	10	3	0	241	0	0		
幽冥涧地5	50	50	幽冥刀斧手·斩	300	10	3	0	241	0	0		
幽冥涧地5	50	50	幽冥神雀·魔	300	10	3	0	241	0	0		
幽冥涧地5	50	50	幽冥狂战士·[堕落]	300	3	3	0	70	0	0		
幽冥涧地5	50	50	幽冥法师·乱	300	10	3	0	241				
幽冥涧地5	50	50	幽冥刀斧手·斩	300	10	3	0	241				
幽冥涧地5	50	50	幽冥神雀·魔	300	10	3	0	241				
幽冥涧地5	50	50	幽冥狂战士·[堕落]	300	3	3	0	70				
幽冥涧地5	50	50	鬼女红叶·鬼寐【孤寂】	300	2	6	0	249				
幽冥涧地5	50	50	清风送礼[福利BOSS]8	1	1	12	0	253				
;-------洪荒战场-------						0						
洪荒战场1	97	76	洪荒射手·邪	120	15	3	0	254	0	0		
洪荒战场1	97	76	洪荒守卫·恶	120	15	3	0	251	0	0		
洪荒战场1	97	76	洪荒战士·怨	120	15	3	0	248	0	0		
洪荒战场1	97	76	洪荒战将·[堕落]	120	2	6	0	70	0	0		
洪荒战场1	97	76	洪荒射手·邪	120	15	3	0	254				
洪荒战场1	97	76	洪荒守卫·恶	120	15	3	0	251				
洪荒战场1	97	76	洪荒战士·怨	120	15	3	0	248				
洪荒战场1	97	76	洪荒战将·[堕落]	120	2	6	0	70				
洪荒战场2	62	110	洪荒射手·邪	120	20	3	0	254	0	0		
洪荒战场2	62	110	洪荒守卫·恶	120	20	3	0	251	0	0		
洪荒战场2	62	110	洪荒战士·怨	120	20	3	0	248	0	0		
洪荒战场2	62	110	洪荒战将·[堕落]	120	3	6	0	70	0	0		
洪荒战场2	62	110	洪荒射手·邪	120	20	3	0	254				
洪荒战场2	62	110	洪荒守卫·恶	120	20	3	0	251				
洪荒战场2	62	110	洪荒战士·怨	120	20	3	0	248				
洪荒战场2	62	110	洪荒战将·[堕落]	120	3	6	0	70				
洪荒战场3	49	71	洪荒射手·邪	120	20	3	0	254	0	0		
洪荒战场3	49	71	洪荒守卫·恶	120	20	3	0	251	0	0		
洪荒战场3	49	71	洪荒战士·怨	120	20	3	0	248	0	0		
洪荒战场3	49	71	洪荒战将·[堕落]	120	3	6	0	70	0	0		
洪荒战场3	49	71	洪荒射手·邪	120	20	3	0	254				
洪荒战场3	49	71	洪荒守卫·恶	120	20	3	0	251				
洪荒战场3	49	71	洪荒战士·怨	120	20	3	0	248				
洪荒战场3	49	71	洪荒战将·[堕落]	120	3	6	0	70				
洪荒战场3	49	71	永恒之王·亚瑟·潘德拉贡	120	2	6	0	249				
洪荒战场3	49	71	清风送礼[福利BOSS]8	1	1	12	0	253				
;-------燃烧平原-------						0						
燃烧平原1	142	165	精灵卍血奴	200	20	3	0	255	0	0		
燃烧平原1	142	165	精灵卍刀奴	200	20	3	0	255	0	0		
燃烧平原1	142	165	精灵卍鱼魔	200	20	3	0	255	0	0		
燃烧平原1	142	165	平原精灵·[堕落]	200	2	6	0	254	0	0		
燃烧平原1	142	165	精灵卍血奴	200	20	3	0	255				
燃烧平原1	142	165	精灵卍刀奴	200	20	3	0	255				
燃烧平原1	142	165	精灵卍鱼魔	200	20	3	0	255				
燃烧平原1	142	165	平原精灵·[堕落]	200	2	6	0	254				
燃烧平原2	155	138	精灵卍血奴	200	20	3	0	255	0	0		
燃烧平原2	155	138	精灵卍刀奴	200	20	3	0	255	0	0		
燃烧平原2	155	138	精灵卍鱼魔	200	20	3	0	255	0	0		
燃烧平原2	155	138	平原精灵·[堕落]	200	2	6	0	254	0	0		
燃烧平原2	155	138	精灵卍血奴	200	20	3	0	255				
燃烧平原2	155	138	精灵卍刀奴	200	20	3	0	255				
燃烧平原2	155	138	精灵卍鱼魔	200	20	3	0	255				
燃烧平原2	155	138	平原精灵·[堕落]	200	2	6	0	254				
燃烧平原3	172	145	精灵卍血奴	200	20	3	0	255	0	0		
燃烧平原3	172	145	精灵卍刀奴	200	20	3	0	255	0	0		
燃烧平原3	172	145	精灵卍鱼魔	200	20	3	0	255	0	0		
燃烧平原3	172	145	平原精灵·[堕落]	200	2	6	0	254	0	0		
燃烧平原3	172	145	精灵卍血奴	200	20	3	0	255				
燃烧平原3	172	145	精灵卍刀奴	200	20	3	0	255				
燃烧平原3	172	145	精灵卍鱼魔	200	20	3	0	255				
燃烧平原3	172	145	平原精灵·[堕落]	200	2	6	0	254				
燃烧平原4	93	106	精灵卍血奴	200	15	3	0	255	0	0		
燃烧平原4	93	106	精灵卍刀奴	200	15	3	0	255	0	0		
燃烧平原4	93	106	精灵卍鱼魔	200	15	3	0	255	0	0		
燃烧平原4	93	106	平原精灵·[堕落]	200	3	6	0	254	0	0		
燃烧平原4	93	106	精灵卍血奴	200	15	3	0	255				
燃烧平原4	93	106	精灵卍刀奴	200	15	3	0	255				
燃烧平原4	93	106	精灵卍鱼魔	200	15	3	0	255				
燃烧平原4	93	106	平原精灵·[堕落]	200	3	6	0	254				
燃烧平原4	93	106	烈焰树妖【仲古】·至兇	200	2	6	0	70				
燃烧平原4	93	106	清风送礼[福利BOSS]8	1	1	12	0	253				
;-------地底深渊-------						0						
地底深渊一层	80	67	地底鬼珠∵幻月	100	20	3	0	254	0	0		
地底深渊一层	80	67	地底毒珠∵毒妇	100	20	3	0	254	0	0		
地底深渊一层	80	67	地底魔珠∵幻魔	100	20	3	0	254	0	0		
地底深渊一层	80	67	地底珠王·[堕落]	100	2	6	0	70	0	0		
地底深渊一层	80	67	地底鬼珠∵幻月	100	20	3	0	254				
地底深渊一层	80	67	地底毒珠∵毒妇	100	20	3	0	254				
地底深渊一层	80	67	地底魔珠∵幻魔	100	20	3	0	254				
地底深渊一层	80	67	地底珠王·[堕落]	100	2	6	0	70				
地底深渊二层	144	133	地底鬼珠∵幻月	100	20	3	0	254	0	0		
地底深渊二层	144	133	地底毒珠∵毒妇	100	20	3	0	254	0	0		
地底深渊二层	144	133	地底魔珠∵幻魔	100	20	3	0	254	0	0		
地底深渊二层	144	133	地底珠王·[堕落]	100	2	6	0	70	0	0		
地底深渊二层	144	133	地底鬼珠∵幻月	100	20	3	0	254				
地底深渊二层	144	133	地底毒珠∵毒妇	100	20	3	0	254				
地底深渊二层	144	133	地底魔珠∵幻魔	100	20	3	0	254				
地底深渊二层	144	133	地底珠王·[堕落]	100	2	6	0	70				
地底深渊三层	26	40	地底鬼珠∵幻月	100	10	3	0	254	0	0		
地底深渊三层	26	40	地底毒珠∵毒妇	100	10	3	0	254	0	0		
地底深渊三层	26	40	地底魔珠∵幻魔	100	10	3	0	254	0	0		
地底深渊三层	26	40	地底珠王·[堕落]	100	1	6	0	70	0	0		
地底深渊三层	26	40	地底鬼珠∵幻月	100	10	3	0	254				
地底深渊三层	26	40	地底毒珠∵毒妇	100	10	3	0	254				
地底深渊三层	26	40	地底魔珠∵幻魔	100	10	3	0	254				
地底深渊三层	26	40	地底珠王·[堕落]	100	1	6	0	70				
地底深渊	25	25	地底鬼珠∵幻月	100	20	3	0	254	0	0		
地底深渊	25	25	地底毒珠∵毒妇	100	20	3	0	254	0	0		
地底深渊	25	25	地底魔珠∵幻魔	100	20	3	0	254	0	0		
地底深渊	25	25	地底珠王·[堕落]	100	2	3	0	70	0	0		
地底深渊	25	25	地底鬼珠∵幻月	100	20	3	0	254				
地底深渊	25	25	地底毒珠∵毒妇	100	20	3	0	254				
地底深渊	25	25	地底魔珠∵幻魔	100	20	3	0	254				
地底深渊	25	25	地底珠王·[堕落]	100	2	3	0	70				
地底深渊	25	25	大主教阿伦索斯·白银之手	100	2	6	0	249				
地底深渊	25	25	清风送礼[福利BOSS]8	1	1	12	0	253				
;-------暗黑黎明-------						0						
暗黑黎明1	60	80	暗黑罗刹[邪恶]	150	20	3	0	250	0	0		
暗黑黎明1	60	80	暗黑巫师⊙魔幻	150	20	3	0	250	0	0		
暗黑黎明1	60	80	暗黑魔罐⊙幻	150	20	3	0	250	0	0		
暗黑黎明1	60	80	暗黑魔王·[堕落]	150	2	6	0	70	0	0		
暗黑黎明1	60	80	暗黑罗刹[邪恶]	150	20	3	0	250				
暗黑黎明1	60	80	暗黑巫师⊙魔幻	150	20	3	0	250				
暗黑黎明1	60	80	暗黑魔罐⊙幻	150	20	3	0	250				
暗黑黎明1	60	80	暗黑魔王·[堕落]	150	2	6	0	70				
暗黑黎明2	60	80	暗黑罗刹[邪恶]	150	20	3	0	250	0	0		
暗黑黎明2	60	80	暗黑巫师⊙魔幻	150	20	3	0	250	0	0		
暗黑黎明2	60	80	暗黑魔罐⊙幻	150	20	3	0	250	0	0		
暗黑黎明2	60	80	暗黑魔王·[堕落]	150	2	6	0	70	0	0		
暗黑黎明2	60	80	暗黑罗刹[邪恶]	150	20	3	0	250				
暗黑黎明2	60	80	暗黑巫师⊙魔幻	150	20	3	0	250				
暗黑黎明2	60	80	暗黑魔罐⊙幻	150	20	3	0	250				
暗黑黎明2	60	80	暗黑魔王·[堕落]	150	2	6	0	70				
暗黑黎明3	60	80	暗黑罗刹[邪恶]	150	20	3	0	250	0	0		
暗黑黎明3	60	80	暗黑巫师⊙魔幻	150	20	3	0	250	0	0		
暗黑黎明3	60	80	暗黑魔罐⊙幻	150	20	3	0	250	0	0		
暗黑黎明3	60	80	暗黑魔王·[堕落]	150	2	6	0	70	0	0		
暗黑黎明3	60	80	暗黑罗刹[邪恶]	150	20	3	0	250				
暗黑黎明3	60	80	暗黑巫师⊙魔幻	150	20	3	0	250				
暗黑黎明3	60	80	暗黑魔罐⊙幻	150	20	3	0	250				
暗黑黎明3	60	80	暗黑魔王·[堕落]	150	2	6	0	70				
暗黑黎明4	60	80	暗黑罗刹[邪恶]	150	20	3	0	250	0	0		
暗黑黎明4	60	80	暗黑巫师⊙魔幻	150	20	3	0	250	0	0		
暗黑黎明4	60	80	暗黑魔罐⊙幻	150	20	3	0	250	0	0		
暗黑黎明4	60	80	暗黑魔王·[堕落]	150	2	6	0	70	0	0		
暗黑黎明4	60	80	暗黑罗刹[邪恶]	150	20	3	0	250				
暗黑黎明4	60	80	暗黑巫师⊙魔幻	150	20	3	0	250				
暗黑黎明4	60	80	暗黑魔罐⊙幻	150	20	3	0	250				
暗黑黎明4	60	80	暗黑魔王·[堕落]	150	2	6	0	70				
暗黑黎明5	60	80	暗黑罗刹[邪恶]	150	20	3	0	250	0	0		
暗黑黎明5	60	80	暗黑巫师⊙魔幻	150	20	3	0	250	0	0		
暗黑黎明5	60	80	暗黑魔罐⊙幻	150	20	3	0	250	0	0		
暗黑黎明5	60	80	暗黑魔王·[堕落]	150	2	6	0	70	0	0		
暗黑黎明5	60	80	暗黑罗刹[邪恶]	150	20	3	0	250				
暗黑黎明5	60	80	暗黑巫师⊙魔幻	150	20	3	0	250				
暗黑黎明5	60	80	暗黑魔罐⊙幻	150	20	3	0	250				
暗黑黎明5	60	80	暗黑魔王·[堕落]	150	2	6	0	70				
暗黑黎明6	60	80	暗黑罗刹[邪恶]	150	20	3	0	250	0	0		
暗黑黎明6	60	80	暗黑巫师⊙魔幻	150	20	3	0	250	0	0		
暗黑黎明6	60	80	暗黑魔罐⊙幻	150	20	3	0	250	0	0		
暗黑黎明6	60	80	暗黑魔王·[堕落]	150	2	6	0	70	0	0		
暗黑黎明6	60	80	暗黑罗刹[邪恶]	150	20	3	0	250				
暗黑黎明6	60	80	暗黑巫师⊙魔幻	150	20	3	0	250				
暗黑黎明6	60	80	暗黑魔罐⊙幻	150	20	3	0	250				
暗黑黎明6	60	80	暗黑魔王·[堕落]	150	2	6	0	70				
暗黑黎明6	70	70	光魂·大法师·安东尼达斯	150	2	6	0	249				
暗黑黎明6	70	70	清风送礼[福利BOSS]8	1	1	12	0	253				
;〓〓〓〓九大陆神域〓〓〓〓						0						
神之领域	478	489	幻境守卫[极恶]	300	8	10	0	254	0	0		
神之领域	478	489	幻の雕像·[残暴]	300	8	10	0	161	0	0		
神之领域	478	489	幻の巫师·[恐惧]	300	4	10	0	241	0	0		
神之领域	478	489	幻の鬼王·[憎恨]	300	1	20	0	243	0	0		
神之领域	478	489	摄魂祭祀[极恶]	300	8	10	0	254	0	0		
神之领域	478	489	摄魂￠狂战士·[残暴]	300	8	10	0	161	0	0		
神之领域	478	489	摄魂￠魔石·[恐惧]	300	4	10	0	241	0	0		
神之领域	478	489	摄魂大祭司·[憎恨]	300	1	20	0	243	0	0		
神之领域	478	489	绝望暴徒[极恶]	300	8	10	0	254	0	0		
神之领域	478	489	绝望々魔蝎·[残暴]	300	8	10	0	161	0	0		
神之领域	478	489	绝望々可爱虎·[恐惧]	300	4	10	0	241	0	0		
神之领域	478	489	绝望々毒蜂王·[憎恨]	300	1	20	0	243	0	0		
神之领域	478	489	食人妖[极恶]	300	8	10	0	254	0	0		
神之领域	478	489	野蛮≡土石人·[残暴]	300	8	10	0	161	0	0		
神之领域	478	489	食人≡草本恶魔·[恐惧]	300	4	10	0	241	0	0		
神之领域	478	489	荒野≡万年树妖·[憎恨]	300	1	20	0	243	0	0		
神之领域	478	489	上古异虫[极恶]	300	8	10	0	254	0	0		
神之领域	478	489	瘟疫⌒毒狗·[残暴]	300	8	10	0	161	0	0		
神之领域	478	489	彝族⌒女巫·[恐惧]	300	4	10	0	241	0	0		
神之领域	478	489	镰刀⌒控魂师·[憎恨]	300	1	20	0	243	0	0		
神之领域	478	489	幽灵骸骨[极恶]	300	8	10	0	254	0	0		
神之领域	478	489	骸骨￡法师·[残暴]	300	8	10	0	161	0	0		
神之领域	478	489	黑夜￡提灯者·[恐惧]	300	4	10	0	241	0	0		
神之领域	478	489	暗黑￡幽冥尊者·[憎恨]	300	1	20	0	243	0	0		
神之领域	478	489	屠魔勇士[极恶]	300	8	10	0	254	0	0		
神之领域	478	489	天魔へ战将·[残暴]	300	8	10	0	161	0	0		
神之领域	478	489	地狱へ勇士·[恐惧]	300	4	10	0	241	0	0		
神之领域	478	489	魔牛へ之王·[憎恨]	300	1	20	0	243	0	0		
神之领域	478	489	地狱守卫[极恶]	300	8	10	0	254	0	0		
神之领域	478	489	地狱も蜥蜴·[残暴]	300	8	10	0	161	0	0		
神之领域	478	489	地狱も白色恶魔·[残暴]	300	4	10	0	241	0	0		
神之领域	478	489	地狱も精灵王·[残暴]	300	1	20	0	243	0	0		
神之领域	478	489	裁决者[极恶]	300	8	10	0	254	0	0		
神之领域	478	489	裁决を不败神兵·[残暴]	300	8	10	0	161	0	0		
神之领域	478	489	裁决を夺命巫师·[残暴]	300	4	10	0	241	0	0		
神之领域	478	489	裁决を恐怖巨魔·[残暴]	300	1	20	0	243	0	0		
神之领域	478	489	神之护卫[极恶]	300	8	10	0	254	0	0		
神之领域	478	489	沉眠≮石狮兽≯·[残暴]	300	8	10	0	161	0	0		
神之领域	478	489	沉眠≮火狮兽≯·[恐惧]	300	4	10	0	241	0	0		
神之领域	478	489	沉眠≮大魔神≯·[憎恨]	300	1	20	0	243	0	0		
神之领域	478	489	妖魔鬼怪[极恶]	300	8	10	0	254	0	0		
神之领域	478	489	魔·犬王·[暴]	300	8	10	0	161	0	0		
神之领域	478	489	鬼·尸皇·[恐]	300	4	10	0	241	0	0		
神之领域	478	489	妖·白虎·[皇]	300	1	20	0	243	0	0		
神之领域	478	489	阴阳使者[极恶]	300	8	10	0	254	0	0		
神之领域	478	489	阴阳·圣兽·[幽]	300	8	10	0	161	0	0		
神之领域	478	489	阴阳·龙龟·[躲]	300	4	10	0	241	0	0		
神之领域	478	489	冥界·珠王·[锁]	300	1	20	0	243	0	0		
神之领域	478	489	镇妖守卫[极恶]	300	8	10	0	254	0	0		
神之领域	478	489	妖·殿·将·军	300	8	10	0	161	0	0		
神之领域	478	489	灭·天·灭·地	300	4	10	0	241	0	0		
神之领域	478	489	≮冰·封·万·里≯	300	1	20	0	243	0	0		
神之领域	478	489	主神将领[极恶]	300	8	10	0	254	0	0		
神之领域	478	489	冰封神★★★★★★	300	8	10	0	161	0	0		
神之领域	478	489	幽冥法老◎◎◎◎◎◎	300	4	10	0	241	0	0		
神之领域	478	489	狂∞∞∞∞∞神	300	1	20	0	243	0	0		
神之领域	478	489	恶魔将领[极恶]	300	8	10	0	254	0	0		
神之领域	478	489	恐怖如斯·法老	300	8	10	0	161	0	0		
神之领域	478	489	休斯敦坦丁·恶	300	4	10	0	241	0	0		
神之领域	478	489	十万年前的·黄金龙	300	1	20	0	243	0	0		
神之领域	478	489	风云使者[极恶]	300	8	10	0	254	0	0		
神之领域	478	489	雪山·冰封神魔	300	8	10	0	161	0	0		
神之领域	478	489	风云神龙·控	300	4	10	0	241	0	0		
神之领域	478	489	域外神珠·克里斯	300	1	20	0	243	0	0		
神之领域	478	489	禁地守卫[极恶]	300	8	10	0	254	0	0		
神之领域	478	489	魔龙教主·封印	300	8	10	0	161	0	0		
神之领域	478	489	牛魔王·封印	300	4	10	0	241	0	0		
神之领域	478	489	雪域魔王·神·疯狂	300	1	20	0	243	0	0		
神之领域	478	489	守护者[极恶]	300	8	10	0	254	0	0		
神之领域	478	489	魂·天地同寿	300	8	10	0	161	0	0		
神之领域	478	489	毒·天启巫师	300	4	10	0	241	0	0		
神之领域	478	489	力量·向天再借五百年	300	1	20	0	243	0	0		
神之领域	478	489	天之子[极恶]	300	8	10	0	254	0	0		
神之领域	478	489	天之子·铁面巫神	300	8	10	0	161	0	0		
神之领域	478	489	天之子·金刚佛	300	4	10	0	241	0	0		
神之领域	478	489	天之子·兽面佛	300	1	20	0	243	0	0		
神之领域	478	489	幻境守卫[极恶]	300	8	10	0	254				
神之领域	478	489	幻の雕像·[残暴]	300	8	10	0	161				
神之领域	478	489	幻の巫师·[恐惧]	300	4	10	0	241				
神之领域	478	489	幻の鬼王·[憎恨]	300	1	20	0	243				
神之领域	478	489	摄魂祭祀[极恶]	300	8	10	0	254				
神之领域	478	489	摄魂￠狂战士·[残暴]	300	8	10	0	161				
神之领域	478	489	摄魂￠魔石·[恐惧]	300	4	10	0	241				
神之领域	478	489	摄魂大祭司·[憎恨]	300	1	20	0	243				
神之领域	478	489	绝望暴徒[极恶]	300	8	10	0	254				
神之领域	478	489	绝望々魔蝎·[残暴]	300	8	10	0	161				
神之领域	478	489	绝望々可爱虎·[恐惧]	300	4	10	0	241				
神之领域	478	489	绝望々毒蜂王·[憎恨]	300	1	20	0	243				
神之领域	478	489	食人妖[极恶]	300	8	10	0	254				
神之领域	478	489	野蛮≡土石人·[残暴]	300	8	10	0	161				
神之领域	478	489	食人≡草本恶魔·[恐惧]	300	4	10	0	241				
神之领域	478	489	荒野≡万年树妖·[憎恨]	300	1	20	0	243				
神之领域	478	489	上古异虫[极恶]	300	8	10	0	254				
神之领域	478	489	瘟疫⌒毒狗·[残暴]	300	8	10	0	161				
神之领域	478	489	彝族⌒女巫·[恐惧]	300	4	10	0	241				
神之领域	478	489	镰刀⌒控魂师·[憎恨]	300	1	20	0	243				
神之领域	478	489	幽灵骸骨[极恶]	300	8	10	0	254				
神之领域	478	489	骸骨￡法师·[残暴]	300	8	10	0	161				
神之领域	478	489	黑夜￡提灯者·[恐惧]	300	4	10	0	241				
神之领域	478	489	暗黑￡幽冥尊者·[憎恨]	300	1	20	0	243				
神之领域	478	489	屠魔勇士[极恶]	300	8	10	0	254				
神之领域	478	489	天魔へ战将·[残暴]	300	8	10	0	161				
神之领域	478	489	地狱へ勇士·[恐惧]	300	4	10	0	241				
神之领域	478	489	魔牛へ之王·[憎恨]	300	1	20	0	243				
神之领域	478	489	地狱守卫[极恶]	300	8	10	0	254				
神之领域	478	489	地狱も蜥蜴·[残暴]	300	8	10	0	161				
神之领域	478	489	地狱も白色恶魔·[残暴]	300	4	10	0	241				
神之领域	478	489	地狱も精灵王·[残暴]	300	1	20	0	243				
神之领域	478	489	裁决者[极恶]	300	8	10	0	254				
神之领域	478	489	裁决を不败神兵·[残暴]	300	8	10	0	161				
神之领域	478	489	裁决を夺命巫师·[残暴]	300	4	10	0	241				
神之领域	478	489	裁决を恐怖巨魔·[残暴]	300	1	20	0	243				
神之领域	478	489	神之护卫[极恶]	300	8	10	0	254				
神之领域	478	489	沉眠≮石狮兽≯·[残暴]	300	8	10	0	161				
神之领域	478	489	沉眠≮火狮兽≯·[恐惧]	300	4	10	0	241				
神之领域	478	489	沉眠≮大魔神≯·[憎恨]	300	1	20	0	243				
神之领域	478	489	妖魔鬼怪[极恶]	300	8	10	0	254				
神之领域	478	489	魔·犬王·[暴]	300	8	10	0	161				
神之领域	478	489	鬼·尸皇·[恐]	300	4	10	0	241				
神之领域	478	489	妖·白虎·[皇]	300	1	20	0	243				
神之领域	478	489	阴阳使者[极恶]	300	8	10	0	254				
神之领域	478	489	阴阳·圣兽·[幽]	300	8	10	0	161				
神之领域	478	489	阴阳·龙龟·[躲]	300	4	10	0	241				
神之领域	478	489	冥界·珠王·[锁]	300	1	20	0	243				
神之领域	478	489	镇妖守卫[极恶]	300	8	10	0	254				
神之领域	478	489	妖·殿·将·军	300	8	10	0	161				
神之领域	478	489	灭·天·灭·地	300	4	10	0	241				
神之领域	478	489	≮冰·封·万·里≯	300	1	20	0	243				
神之领域	478	489	主神将领[极恶]	300	8	10	0	254				
神之领域	478	489	冰封神★★★★★★	300	8	10	0	161				
神之领域	478	489	幽冥法老◎◎◎◎◎◎	300	4	10	0	241				
神之领域	478	489	狂∞∞∞∞∞神	300	1	20	0	243				
神之领域	478	489	恶魔将领[极恶]	300	8	10	0	254				
神之领域	478	489	恐怖如斯·法老	300	8	10	0	161				
神之领域	478	489	休斯敦坦丁·恶	300	4	10	0	241				
神之领域	478	489	十万年前的·黄金龙	300	1	20	0	243				
神之领域	478	489	风云使者[极恶]	300	8	10	0	254				
神之领域	478	489	雪山·冰封神魔	300	8	10	0	161				
神之领域	478	489	风云神龙·控	300	4	10	0	241				
神之领域	478	489	域外神珠·克里斯	300	1	20	0	243				
神之领域	478	489	禁地守卫[极恶]	300	8	10	0	254				
神之领域	478	489	魔龙教主·封印	300	8	10	0	161				
神之领域	478	489	牛魔王·封印	300	4	10	0	241				
神之领域	478	489	雪域魔王·神·疯狂	300	1	20	0	243				
神之领域	478	489	守护者[极恶]	300	8	10	0	254				
神之领域	478	489	魂·天地同寿	300	8	10	0	161				
神之领域	478	489	毒·天启巫师	300	4	10	0	241				
神之领域	478	489	力量·向天再借五百年	300	1	20	0	243				
神之领域	478	489	天之子[极恶]	300	8	10	0	254				
神之领域	478	489	天之子·铁面巫神	300	8	10	0	161				
神之领域	478	489	天之子·金刚佛	300	4	10	0	241				
神之领域	478	489	天之子·兽面佛	300	1	20	0	243				
;-------死亡虫穴---------首饰盒						0						
死亡虫穴一层	339	117	上古异虫[极恶]	400	20	3	0	254	0	0		
死亡虫穴一层	339	117	瘟疫⌒毒狗·[残暴]	400	20	3	0	161	0	0		
死亡虫穴一层	339	117	彝族⌒女巫·[恐惧]	400	20	3	0	241	0	0		
死亡虫穴一层	339	117	镰刀⌒控魂师·[憎恨]	400	2	6	0	243	0	0		
死亡虫穴一层	82	208	上古异虫[极恶]	400	20	3	0	254	0	0		
死亡虫穴一层	82	208	瘟疫⌒毒狗·[残暴]	400	20	3	0	161	0	0		
死亡虫穴一层	82	208	彝族⌒女巫·[恐惧]	400	20	3	0	241	0	0		
死亡虫穴一层	82	208	镰刀⌒控魂师·[憎恨]	400	2	6	0	243	0	0		
死亡虫穴一层	190	200	上古异虫[极恶]	400	20	3	0	254	0	0		
死亡虫穴一层	190	200	瘟疫⌒毒狗·[残暴]	400	20	3	0	161	0	0		
死亡虫穴一层	190	200	彝族⌒女巫·[恐惧]	400	20	3	0	241	0	0		
死亡虫穴一层	190	200	镰刀⌒控魂师·[憎恨]	400	2	6	0	243	0	0		
死亡虫穴一层	339	117	上古异虫[极恶]	400	20	3	0	254				
死亡虫穴一层	339	117	瘟疫⌒毒狗·[残暴]	400	20	3	0	161				
死亡虫穴一层	339	117	彝族⌒女巫·[恐惧]	400	20	3	0	241				
死亡虫穴一层	339	117	镰刀⌒控魂师·[憎恨]	400	2	6	0	243				
死亡虫穴一层	82	208	上古异虫[极恶]	400	20	3	0	254				
死亡虫穴一层	82	208	瘟疫⌒毒狗·[残暴]	400	20	3	0	161				
死亡虫穴一层	82	208	彝族⌒女巫·[恐惧]	400	20	3	0	241				
死亡虫穴一层	82	208	镰刀⌒控魂师·[憎恨]	400	2	6	0	243				
死亡虫穴一层	190	200	上古异虫[极恶]	400	20	3	0	254				
死亡虫穴一层	190	200	瘟疫⌒毒狗·[残暴]	400	20	3	0	161				
死亡虫穴一层	190	200	彝族⌒女巫·[恐惧]	400	20	3	0	241				
死亡虫穴一层	190	200	镰刀⌒控魂师·[憎恨]	400	2	6	0	243				
死亡虫穴	75	75	上古异虫[极恶]	100	20	3	0	254	0	0		
死亡虫穴	75	75	瘟疫⌒毒狗·[残暴]	100	20	3	0	161	0	0		
死亡虫穴	75	75	彝族⌒女巫·[恐惧]	100	20	3	0	241	0	0		
死亡虫穴	75	75	镰刀⌒控魂师·[憎恨]	100	3	3	0	243	0	0		
死亡虫穴	75	75	上古异虫[极恶]	100	20	3	0	254				
死亡虫穴	75	75	瘟疫⌒毒狗·[残暴]	100	20	3	0	161				
死亡虫穴	75	75	彝族⌒女巫·[恐惧]	100	20	3	0	241				
死亡虫穴	75	75	镰刀⌒控魂师·[憎恨]	100	3	3	0	243				
死亡虫穴	75	75	★★★鎏詍慑魔天尊★★★	200	2	6	0	249				
死亡虫穴	75	75	清风送礼[福利BOSS]9	1	1	12	0	253				
;------幽灵船舱------首饰盒						0						
幽灵船	40	40	幽灵骸骨[极恶]	100	15	3	0	254	0	0		
幽灵船	40	40	骸骨￡法师·[残暴]	100	15	3	0	161	0	0		
幽灵船	40	40	黑夜￡提灯者·[恐惧]	100	15	3	0	241	0	0		
幽灵船	60	60	暗黑￡幽冥尊者·[憎恨]	100	1	6	0	243	0	0		
幽灵船	40	40	幽灵骸骨[极恶]	100	15	3	0	254				
幽灵船	40	40	骸骨￡法师·[残暴]	100	15	3	0	161				
幽灵船	40	40	黑夜￡提灯者·[恐惧]	100	15	3	0	241				
幽灵船	60	60	暗黑￡幽冥尊者·[憎恨]	100	1	6	0	243				
幽灵船舱	60	60	幽灵骸骨[极恶]	100	20	3	0	254	0	0		
幽灵船舱	60	60	骸骨￡法师·[残暴]	100	20	3	0	161	0	0		
幽灵船舱	60	60	黑夜￡提灯者·[恐惧]	100	20	3	0	241	0	0		
幽灵船舱	60	60	暗黑￡幽冥尊者·[憎恨]	100	2	3	0	243	0	0		
幽灵船舱	60	60	幽灵骸骨[极恶]	100	20	3	0	254				
幽灵船舱	60	60	骸骨￡法师·[残暴]	100	20	3	0	161				
幽灵船舱	60	60	黑夜￡提灯者·[恐惧]	100	20	3	0	241				
幽灵船舱	60	60	暗黑￡幽冥尊者·[憎恨]	100	2	3	0	243				
幽灵船舱	60	60	★★毒龙鳞青风蝎★★★	120	2	6	0	249				
幽灵船舱	60	60	清风送礼[福利BOSS]9	1	1	12	0	253				
;-----地狱之门-----首饰盒						0						
地狱长廊	95	284	地狱守卫[极恶]	100	30	3	0	254	0	0		
地狱长廊	95	284	地狱も蜥蜴·[残暴]	100	30	3	0	161	0	0		
地狱长廊	95	284	地狱も白色恶魔·[残暴]	100	30	3	0	241	0	0		
地狱长廊	95	284	地狱も精灵王·[残暴]	100	2	6	0	243	0	0		
地狱长廊	244	123	地狱守卫[极恶]	100	30	3	0	254	0	0		
地狱长廊	244	123	地狱も蜥蜴·[残暴]	100	30	3	0	161	0	0		
地狱长廊	244	123	地狱も白色恶魔·[残暴]	100	30	3	0	241	0	0		
地狱长廊	244	123	地狱も精灵王·[残暴]	100	2	6	0	243	0	0		
地狱长廊	318	176	地狱守卫[极恶]	100	30	3	0	254	0	0		
地狱长廊	318	176	地狱も蜥蜴·[残暴]	100	30	3	0	161	0	0		
地狱长廊	318	176	地狱も白色恶魔·[残暴]	100	30	3	0	241	0	0		
地狱长廊	318	176	地狱も精灵王·[残暴]	100	2	6	0	243	0	0		
地狱长廊	95	284	地狱守卫[极恶]	100	30	3	0	254				
地狱长廊	95	284	地狱も蜥蜴·[残暴]	100	30	3	0	161				
地狱长廊	95	284	地狱も白色恶魔·[残暴]	100	30	3	0	241				
地狱长廊	95	284	地狱も精灵王·[残暴]	100	2	6	0	243				
地狱长廊	244	123	地狱守卫[极恶]	100	30	3	0	254				
地狱长廊	244	123	地狱も蜥蜴·[残暴]	100	30	3	0	161				
地狱长廊	244	123	地狱も白色恶魔·[残暴]	100	30	3	0	241				
地狱长廊	244	123	地狱も精灵王·[残暴]	100	2	6	0	243				
地狱长廊	318	176	地狱守卫[极恶]	100	30	3	0	254				
地狱长廊	318	176	地狱も蜥蜴·[残暴]	100	30	3	0	161				
地狱长廊	318	176	地狱も白色恶魔·[残暴]	100	30	3	0	241				
地狱长廊	318	176	地狱も精灵王·[残暴]	100	2	6	0	243				
地狱之门	100	100	地狱守卫[极恶]	100	20	3	0	254	0	0		
地狱之门	100	100	地狱も蜥蜴·[残暴]	100	20	3	0	161	0	0		
地狱之门	100	100	地狱も白色恶魔·[残暴]	100	20	3	0	241	0	0		
地狱之门	100	100	地狱も精灵王·[残暴]	100	3	3	0	243	0	0		
地狱之门	100	100	地狱守卫[极恶]	100	20	3	0	254				
地狱之门	100	100	地狱も蜥蜴·[残暴]	100	20	3	0	161				
地狱之门	100	100	地狱も白色恶魔·[残暴]	100	20	3	0	241				
地狱之门	100	100	地狱も精灵王·[残暴]	100	3	3	0	243				
地狱之门	100	100	★★★五爪金龙★★★	200	2	6	0	249				
地狱之门	100	100	清风送礼[福利BOSS]9	1	1	12	0	253				
;-------阴阳两界-------次终极武器						0						
阴阳两界1	100	100	阴阳使者[极恶]	400	20	3	0	254	0	0		
阴阳两界1	100	100	阴阳·圣兽·[幽]	400	20	3	0	161	0	0		
阴阳两界1	100	100	阴阳·龙龟·[躲]	400	20	3	0	241	0	0		
阴阳两界1	100	100	冥界·珠王·[锁]	400	3	6	0	243	0	0		
阴阳两界1	100	100	阴阳使者[极恶]	400	20	3	0	254				
阴阳两界1	100	100	阴阳·圣兽·[幽]	400	20	3	0	161				
阴阳两界1	100	100	阴阳·龙龟·[躲]	400	20	3	0	241				
阴阳两界1	100	100	冥界·珠王·[锁]	400	3	6	0	243				
阴阳两界2	100	100	阴阳使者[极恶]	400	20	3	0	254	0	0		
阴阳两界2	100	100	阴阳·圣兽·[幽]	400	20	3	0	161	0	0		
阴阳两界2	100	100	阴阳·龙龟·[躲]	400	20	3	0	241	0	0		
阴阳两界2	100	100	冥界·珠王·[锁]	400	3	6	0	243	0	0		
阴阳两界2	100	100	阴阳使者[极恶]	400	20	3	0	254				
阴阳两界2	100	100	阴阳·圣兽·[幽]	400	20	3	0	161				
阴阳两界2	100	100	阴阳·龙龟·[躲]	400	20	3	0	241				
阴阳两界2	100	100	冥界·珠王·[锁]	400	3	6	0	243				
阴阳两界2	100	100	★★★天雷灭界鬼祖★★★	200	2	6	0	249				
阴阳两界2	100	100	清风送礼[福利BOSS]9	1	1	12	0	253				
;-------镇妖祭坛-----终极武器						0						
镇妖阁1	17	24	镇妖守卫[极恶]	100	5	3	0	254	0	0		
镇妖阁1	17	24	妖·殿·将·军	100	5	3	0	161	0	0		
镇妖阁1	17	24	灭·天·灭·地	100	5	3	0	241	0	0		
镇妖阁1	17	24	≮冰·封·万·里≯	100	1	6	0	243	0	0		
镇妖阁2	17	24	镇妖守卫[极恶]	100	5	3	0	254	0	0		
镇妖阁2	17	24	妖·殿·将·军	100	5	3	0	161	0	0		
镇妖阁2	17	24	灭·天·灭·地	100	5	3	0	241	0	0		
镇妖阁2	17	24	≮冰·封·万·里≯	100	1	6	0	243	0	0		
镇妖阁3	17	24	镇妖守卫[极恶]	100	5	3	0	254	0	0		
镇妖阁3	17	24	妖·殿·将·军	100	5	3	0	161	0	0		
镇妖阁3	17	24	灭·天·灭·地	100	5	3	0	241	0	0		
镇妖阁3	17	24	≮冰·封·万·里≯	100	1	6	0	243	0	0		
镇妖阁4	17	24	镇妖守卫[极恶]	100	5	3	0	254	0	0		
镇妖阁4	17	24	妖·殿·将·军	100	5	3	0	161	0	0		
镇妖阁4	17	24	灭·天·灭·地	100	5	3	0	241	0	0		
镇妖阁4	17	24	≮冰·封·万·里≯	100	1	6	0	243	0	0		
镇妖阁5	17	24	镇妖守卫[极恶]	100	5	3	0	254	0	0		
镇妖阁5	17	24	妖·殿·将·军	100	5	3	0	161	0	0		
镇妖阁5	17	24	灭·天·灭·地	100	5	3	0	241	0	0		
镇妖阁5	17	24	≮冰·封·万·里≯	100	1	6	0	243	0	0		
镇妖阁1	17	24	镇妖守卫[极恶]	100	5	3	0	254				
镇妖阁1	17	24	妖·殿·将·军	100	5	3	0	161				
镇妖阁1	17	24	灭·天·灭·地	100	5	3	0	241				
镇妖阁1	17	24	≮冰·封·万·里≯	100	1	6	0	243				
镇妖阁2	17	24	镇妖守卫[极恶]	100	5	3	0	254				
镇妖阁2	17	24	妖·殿·将·军	100	5	3	0	161				
镇妖阁2	17	24	灭·天·灭·地	100	5	3	0	241				
镇妖阁2	17	24	≮冰·封·万·里≯	100	1	6	0	243				
镇妖阁3	17	24	镇妖守卫[极恶]	100	5	3	0	254				
镇妖阁3	17	24	妖·殿·将·军	100	5	3	0	161				
镇妖阁3	17	24	灭·天·灭·地	100	5	3	0	241				
镇妖阁3	17	24	≮冰·封·万·里≯	100	1	6	0	243				
镇妖阁4	17	24	镇妖守卫[极恶]	100	5	3	0	254				
镇妖阁4	17	24	妖·殿·将·军	100	5	3	0	161				
镇妖阁4	17	24	灭·天·灭·地	100	5	3	0	241				
镇妖阁4	17	24	≮冰·封·万·里≯	100	1	6	0	243				
镇妖阁5	17	24	镇妖守卫[极恶]	100	5	3	0	254				
镇妖阁5	17	24	妖·殿·将·军	100	5	3	0	161				
镇妖阁5	17	24	灭·天·灭·地	100	5	3	0	241				
镇妖阁5	17	24	≮冰·封·万·里≯	100	1	6	0	243				
镇妖祭坛	100	100	镇妖守卫[极恶]	200	20	3	0	254	0	0		
镇妖祭坛	100	100	妖·殿·将·军	200	20	3	0	161	0	0		
镇妖祭坛	100	100	灭·天·灭·地	200	20	3	0	241	0	0		
镇妖祭坛	100	100	≮冰·封·万·里≯	200	3	3	0	243	0	0		
镇妖祭坛	100	100	镇妖守卫[极恶]	200	20	3	0	254				
镇妖祭坛	100	100	妖·殿·将·军	200	20	3	0	161				
镇妖祭坛	100	100	灭·天·灭·地	200	20	3	0	241				
镇妖祭坛	100	100	≮冰·封·万·里≯	200	3	3	0	243				
镇妖祭坛	100	100	★★★万古青天大帝★★★	200	2	6	0	249				
镇妖祭坛	100	100	清风送礼[福利BOSS]9	1	1	12	0	253				
;-------天眼幻境---------次终极衣服						0						
天眼幻境1	90	90	幻境守卫[极恶]	200	30	3	0	254	0	0		
天眼幻境1	90	90	幻の雕像·[残暴]	200	30	3	0	161	0	0		
天眼幻境1	90	90	幻の巫师·[恐惧]	200	30	3	0	241	0	0		
天眼幻境1	90	90	幻の鬼王·[憎恨]	200	3	6	0	243	0	0		
天眼幻境1	90	90	幻境守卫[极恶]	200	30	3	0	254				
天眼幻境1	90	90	幻の雕像·[残暴]	200	30	3	0	161				
天眼幻境1	90	90	幻の巫师·[恐惧]	200	30	3	0	241				
天眼幻境1	90	90	幻の鬼王·[憎恨]	200	3	6	0	243				
天眼幻境2	70	56	幻境守卫[极恶]	200	20	3	0	254	0	0		
天眼幻境2	70	56	幻の雕像·[残暴]	200	20	3	0	161	0	0		
天眼幻境2	70	56	幻の巫师·[恐惧]	200	20	3	0	241	0	0		
天眼幻境2	70	56	幻の鬼王·[憎恨]	200	2	3	0	243	0	0		
天眼幻境2	70	56	幻境守卫[极恶]	200	20	3	0	254				
天眼幻境2	70	56	幻の雕像·[残暴]	200	20	3	0	161				
天眼幻境2	70	56	幻の巫师·[恐惧]	200	20	3	0	241				
天眼幻境2	70	56	幻の鬼王·[憎恨]	200	2	3	0	243				
天眼幻境2	70	56	★★★黑暗主宰★★★	200	2	6	0	249				
天眼幻境2	70	56	清风送礼[福利BOSS]9	1	1	12	0	253				
;-------摄魂大殿---------终极衣服						0						
摄魂路	154	161	摄魂祭祀[极恶]	200	30	3	0	254	0	0		
摄魂路	154	161	摄魂￠狂战士·[残暴]	200	30	3	0	161	0	0		
摄魂路	154	161	摄魂￠魔石·[恐惧]	200	30	3	0	241	0	0		
摄魂路	154	161	摄魂大祭司·[憎恨]	200	2	6	0	243	0	0		
摄魂路	320	326	摄魂祭祀[极恶]	200	30	3	0	254	0	0		
摄魂路	320	326	摄魂￠狂战士·[残暴]	200	30	3	0	161	0	0		
摄魂路	320	326	摄魂￠魔石·[恐惧]	200	30	3	0	241	0	0		
摄魂路	320	326	摄魂大祭司·[憎恨]	200	2	6	0	243	0	0		
摄魂路	154	161	摄魂祭祀[极恶]	200	30	3	0	254				
摄魂路	154	161	摄魂￠狂战士·[残暴]	200	30	3	0	161				
摄魂路	154	161	摄魂￠魔石·[恐惧]	200	30	3	0	241				
摄魂路	154	161	摄魂大祭司·[憎恨]	200	2	6	0	243				
摄魂路	320	326	摄魂祭祀[极恶]	200	30	3	0	254				
摄魂路	320	326	摄魂￠狂战士·[残暴]	200	30	3	0	161				
摄魂路	320	326	摄魂￠魔石·[恐惧]	200	30	3	0	241				
摄魂路	320	326	摄魂大祭司·[憎恨]	200	2	6	0	243				
摄魂大殿	100	100	摄魂祭祀[极恶]	100	30	3	0	254	0	0		
摄魂大殿	100	100	摄魂￠狂战士·[残暴]	100	20	3	0	161	0	0		
摄魂大殿	100	100	摄魂￠魔石·[恐惧]	100	20	3	0	241	0	0		
摄魂大殿	100	100	摄魂大祭司·[憎恨]	100	2	3	0	243	0	0		
摄魂大殿	100	100	摄魂祭祀[极恶]	100	30	3	0	254				
摄魂大殿	100	100	摄魂￠狂战士·[残暴]	100	20	3	0	161				
摄魂大殿	100	100	摄魂￠魔石·[恐惧]	100	20	3	0	241				
摄魂大殿	100	100	摄魂大祭司·[憎恨]	100	2	3	0	243				
摄魂大殿	100	100	★★★邪皇祖师★★★	200	2	6	0	249				
摄魂大殿	100	100	清风送礼[福利BOSS]9	1	1	12	0	253				
;-------绝望之地---------靴子						0						
绝望裂痕	288	166	绝望暴徒[极恶]	200	20	3	0	254	0	0		
绝望裂痕	288	166	绝望々魔蝎·[残暴]	200	20	3	0	161	0	0		
绝望裂痕	288	166	绝望々可爱虎·[恐惧]	200	20	3	0	241	0	0		
绝望裂痕	288	166	绝望々毒蜂王·[憎恨]	200	3	6	0	243	0	0		
绝望裂痕	135	293	绝望暴徒[极恶]	200	20	3	0	254	0	0		
绝望裂痕	135	293	绝望々魔蝎·[残暴]	200	20	3	0	161	0	0		
绝望裂痕	135	293	绝望々可爱虎·[恐惧]	200	20	3	0	241	0	0		
绝望裂痕	135	293	绝望々毒蜂王·[憎恨]	200	3	6	0	243	0	0		
绝望裂痕	288	166	绝望暴徒[极恶]	200	20	3	0	254				
绝望裂痕	288	166	绝望々魔蝎·[残暴]	200	20	3	0	161				
绝望裂痕	288	166	绝望々可爱虎·[恐惧]	200	20	3	0	241				
绝望裂痕	288	166	绝望々毒蜂王·[憎恨]	200	3	6	0	243				
绝望裂痕	135	293	绝望暴徒[极恶]	200	20	3	0	254				
绝望裂痕	135	293	绝望々魔蝎·[残暴]	200	20	3	0	161				
绝望裂痕	135	293	绝望々可爱虎·[恐惧]	200	20	3	0	241				
绝望裂痕	135	293	绝望々毒蜂王·[憎恨]	200	3	6	0	243				
绝望之地	50	50	绝望暴徒[极恶]	100	20	3	0	254	0	0		
绝望之地	50	50	绝望々魔蝎·[残暴]	100	20	3	0	161	0	0		
绝望之地	50	50	绝望々可爱虎·[恐惧]	100	20	3	0	241	0	0		
绝望之地	50	50	绝望々毒蜂王·[憎恨]	100	2	3	0	243	0	0		
绝望之地	50	50	绝望暴徒[极恶]	100	20	3	0	254				
绝望之地	50	50	绝望々魔蝎·[残暴]	100	20	3	0	161				
绝望之地	50	50	绝望々可爱虎·[恐惧]	100	20	3	0	241				
绝望之地	50	50	绝望々毒蜂王·[憎恨]	100	2	3	0	243				
绝望之地	50	50	★★★神炎之王★★★	100	2	6	0	249				
绝望之地	50	50	清风送礼[福利BOSS]9	1	1	12	0	253				
;----悟道场------腰带						0						
修身之路	179	114	守护者[极恶]	100	20	3	0	254	0	0		
修身之路	179	114	魂·天地同寿	100	20	3	0	161	0	0		
修身之路	179	114	毒·天启巫师	100	20	3	0	241	0	0		
修身之路	179	114	力量·向天再借五百年	100	3	6	0	243	0	0		
修身之路	95	195	守护者[极恶]	100	20	3	0	254	0	0		
修身之路	95	195	魂·天地同寿	100	20	3	0	161	0	0		
修身之路	95	195	毒·天启巫师	100	20	3	0	241	0	0		
修身之路	95	195	力量·向天再借五百年	100	3	6	0	243	0	0		
修身之路	179	114	守护者[极恶]	100	20	3	0	254				
修身之路	179	114	魂·天地同寿	100	20	3	0	161				
修身之路	179	114	毒·天启巫师	100	20	3	0	241				
修身之路	179	114	力量·向天再借五百年	100	3	6	0	243				
修身之路	95	195	守护者[极恶]	100	20	3	0	254				
修身之路	95	195	魂·天地同寿	100	20	3	0	161				
修身之路	95	195	毒·天启巫师	100	20	3	0	241				
修身之路	95	195	力量·向天再借五百年	100	3	6	0	243				
悟道场	100	100	守护者[极恶]	200	20	3	0	254	0	0		
悟道场	100	100	魂·天地同寿	200	20	3	0	161	0	0		
悟道场	100	100	毒·天启巫师	200	20	3	0	241	0	0		
悟道场	100	100	力量·向天再借五百年	200	2	3	0	243	0	0		
悟道场	100	100	守护者[极恶]	200	20	3	0	254				
悟道场	100	100	魂·天地同寿	200	20	3	0	161				
悟道场	100	100	毒·天启巫师	200	20	3	0	241				
悟道场	100	100	力量·向天再借五百年	200	2	3	0	243				
悟道场	100	100	★★★剑主苍穹★★★	200	2	6	0	249				
悟道场	100	100清风送礼[福利BOSS]9	1	1	120	0	253					
;-----神之墓地------次终极项链						0						
神墓通道	241	204	主神将领[极恶]	100	20	3	0	254	0	0		
神墓通道	241	204	冰封神★★★★★★	100	20	3	0	161	0	0		
神墓通道	241	204	幽冥法老◎◎◎◎◎◎	100	20	3	0	241	0	0		
神墓通道	241	204	狂∞∞∞∞∞神	100	2	6	0	243	0	0		
神墓通道	92	160	主神将领[极恶]	100	20	3	0	254	0	0		
神墓通道	92	160	冰封神★★★★★★	100	20	3	0	161	0	0		
神墓通道	92	160	幽冥法老◎◎◎◎◎◎	100	20	3	0	241	0	0		
神墓通道	92	160	狂∞∞∞∞∞神	100	2	6	0	243	0	0		
神墓通道	241	204	主神将领[极恶]	100	20	3	0	254				
神墓通道	241	204	冰封神★★★★★★	100	20	3	0	161				
神墓通道	241	204	幽冥法老◎◎◎◎◎◎	100	20	3	0	241				
神墓通道	241	204	狂∞∞∞∞∞神	100	2	6	0	243				
神墓通道	92	160	主神将领[极恶]	100	20	3	0	254				
神墓通道	92	160	冰封神★★★★★★	100	20	3	0	161				
神墓通道	92	160	幽冥法老◎◎◎◎◎◎	100	20	3	0	241				
神墓通道	92	160	狂∞∞∞∞∞神	100	2	6	0	243				
神之墓地	52	57	主神将领[极恶]	200	15	3	0	254	0	0		
神之墓地	52	57	冰封神★★★★★★	200	15	6	0	161	0	0		
神之墓地	52	57	幽冥法老◎◎◎◎◎◎	200	15	3	0	241	0	0		
神之墓地	52	57	狂∞∞∞∞∞神	200	2	3	0	243	0	0		
神之墓地	52	57	主神将领[极恶]	200	15	3	0	254				
神之墓地	52	57	冰封神★★★★★★	200	15	6	0	161				
神之墓地	52	57	幽冥法老◎◎◎◎◎◎	200	15	3	0	241				
神之墓地	52	57	狂∞∞∞∞∞神	200	2	3	0	243				
神之墓地	52	57	★★★元始天尊★★★	200	2	6	0	249				
神之墓地	52	57	清风送礼[福利BOSS]9	1	1	12	0	253				
;-------诛仙战场-------终极项链						0						
战场前线	148	155	恶魔将领[极恶]	100	20	3	0	254	0	0		
战场前线	148	155	恐怖如斯·法老	100	20	3	0	161	0	0		
战场前线	148	155	休斯敦坦丁·恶	100	20	3	0	241	0	0		
战场前线	148	155	十万年前的·黄金龙	100	3	6	0	243	0	0		
战场前线	289	340	恶魔将领[极恶]	100	20	3	0	254	0	0		
战场前线	289	340	恐怖如斯·法老	100	20	3	0	161	0	0		
战场前线	289	340	休斯敦坦丁·恶	100	20	3	0	241	0	0		
战场前线	289	340	十万年前的·黄金龙	100	3	6	0	243	0	0		
战场前线	148	155	恶魔将领[极恶]	100	20	3	0	254				
战场前线	148	155	恐怖如斯·法老	100	20	3	0	161				
战场前线	148	155	休斯敦坦丁·恶	100	20	3	0	241				
战场前线	148	155	十万年前的·黄金龙	100	3	6	0	243				
战场前线	289	340	恶魔将领[极恶]	100	20	3	0	254				
战场前线	289	340	恐怖如斯·法老	100	20	3	0	161				
战场前线	289	340	休斯敦坦丁·恶	100	20	3	0	241				
战场前线	289	340	十万年前的·黄金龙	100	3	6	0	243				
诛仙战场	100	100	恶魔将领[极恶]	150	20	3	0	254	0	0		
诛仙战场	100	100	恐怖如斯·法老	150	20	3	0	161	0	0		
诛仙战场	100	100	休斯敦坦丁·恶	150	20	3	0	241	0	0		
诛仙战场	100	100	十万年前的·黄金龙	150	2	3	0	243	0	0		
诛仙战场	100	100	恶魔将领[极恶]	150	20	3	0	254				
诛仙战场	100	100	恐怖如斯·法老	150	20	3	0	161				
诛仙战场	100	100	休斯敦坦丁·恶	150	20	3	0	241				
诛仙战场	100	100	十万年前的·黄金龙	150	2	3	0	243				
诛仙战场	100	100	★★★道德天尊★★★	200	1	6	0	249				
诛仙战场	100	100	清风送礼[福利BOSS]9	1	1	12	0	253				
;-------风云之地------次终极手镯						0						
风云之路	268	230	风云使者[极恶]	100	20	3	0	254	0	0		
风云之路	268	230	雪山·冰封神魔	100	20	3	0	161	0	0		
风云之路	268	230	风云神龙·控	100	20	3	0	241	0	0		
风云之路	268	230	域外神珠·克里斯	100	2	6	0	243	0	0		
风云之路	147	146	风云使者[极恶]	100	20	3	0	254	0	0		
风云之路	147	146	雪山·冰封神魔	100	20	3	0	161	0	0		
风云之路	147	146	风云神龙·控	100	20	3	0	241	0	0		
风云之路	147	146	域外神珠·克里斯	100	2	6	0	243	0	0		
风云之路	268	230	风云使者[极恶]	100	20	3	0	254				
风云之路	268	230	雪山·冰封神魔	100	20	3	0	161				
风云之路	268	230	风云神龙·控	100	20	3	0	241				
风云之路	268	230	域外神珠·克里斯	100	2	6	0	243				
风云之路	147	146	风云使者[极恶]	100	20	3	0	254				
风云之路	147	146	雪山·冰封神魔	100	20	3	0	161				
风云之路	147	146	风云神龙·控	100	20	3	0	241				
风云之路	147	146	域外神珠·克里斯	100	2	6	0	243				
风云之地	127	112	风云使者[极恶]	100	20	3	0	254	0	0		
风云之地	127	112	雪山·冰封神魔	100	20	3	0	161	0	0		
风云之地	127	112	风云神龙·控	100	20	3	0	241	0	0		
风云之地	127	112	域外神珠·克里斯	100	2	3	0	243	0	0		
风云之地	127	112	风云使者[极恶]	100	20	3	0	254				
风云之地	127	112	雪山·冰封神魔	100	20	3	0	161				
风云之地	127	112	风云神龙·控	100	20	3	0	241				
风云之地	127	112	域外神珠·克里斯	100	2	3	0	243				
风云之地	127	112	★★★无量天尊★★★	200	2	6	0	249				
风云之地	127	112	清风送礼[福利BOSS]9	1	1	12	0	253				
;-------天之禁地------终极手镯						0						
地之禁地	226	142	禁地守卫[极恶]	100	20	3	0	254	0	0		
地之禁地	226	142	魔龙教主·封印	100	20	3	0	161	0	0		
地之禁地	226	142	牛魔王·封印	100	20	3	0	241	0	0		
地之禁地	226	142	雪域魔王·神·疯狂	100	2	6	0	243	0	0		
地之禁地	70	208	禁地守卫[极恶]	100	20	3	0	254	0	0		
地之禁地	70	208	魔龙教主·封印	100	20	3	0	161	0	0		
地之禁地	70	208	牛魔王·封印	100	20	3	0	241	0	0		
地之禁地	70	208	雪域魔王·神·疯狂	100	2	6	0	243	0	0		
地之禁地	226	142	禁地守卫[极恶]	100	20	3	0	254				
地之禁地	226	142	魔龙教主·封印	100	20	3	0	161				
地之禁地	226	142	牛魔王·封印	100	20	3	0	241				
地之禁地	226	142	雪域魔王·神·疯狂	100	2	6	0	243				
地之禁地	70	208	禁地守卫[极恶]	100	20	3	0	254				
地之禁地	70	208	魔龙教主·封印	100	20	3	0	161				
地之禁地	70	208	牛魔王·封印	100	20	3	0	241				
地之禁地	70	208	雪域魔王·神·疯狂	100	2	6	0	243				
天之禁地	50	50	禁地守卫[极恶]	100	15	3	0	254	0	0		
天之禁地	50	50	魔龙教主·封印	100	15	3	0	161	0	0		
天之禁地	50	50	牛魔王·封印	100	15	3	0	241	0	0		
天之禁地	50	50	雪域魔王·神·疯狂	100	2	3	0	243	0	0		
天之禁地	50	50	禁地守卫[极恶]	100	15	3	0	254				
天之禁地	50	50	魔龙教主·封印	100	15	3	0	161				
天之禁地	50	50	牛魔王·封印	100	15	3	0	241				
天之禁地	50	50	雪域魔王·神·疯狂	100	2	3	0	243				
天之禁地	50	50	★★★天外来客★★★	100	2	6	0	249				
天之禁地	50	50	清风送礼[福利BOSS]9	1	1	12	0	253				
;-------天涯海角---------次终极戒指						0						
海角天涯	85	209	食人妖[极恶]	200	20	3	0	254	0	0		
海角天涯	85	209	野蛮≡土石人·[残暴]	200	20	3	0	161	0	0		
海角天涯	85	209	食人≡草本恶魔·[恐惧]	200	20	3	0	241	0	0		
海角天涯	85	209	荒野≡万年树妖·[憎恨]	200	2	6	0	243	0	0		
海角天涯	223	113	食人妖[极恶]	200	20	3	0	254	0	0		
海角天涯	223	113	野蛮≡土石人·[残暴]	200	20	3	0	161	0	0		
海角天涯	223	113	食人≡草本恶魔·[恐惧]	200	20	3	0	241	0	0		
海角天涯	223	113	荒野≡万年树妖·[憎恨]	200	2	6	0	243	0	0		
海角天涯	85	209	食人妖[极恶]	200	20	3	0	254				
海角天涯	85	209	野蛮≡土石人·[残暴]	200	20	3	0	161				
海角天涯	85	209	食人≡草本恶魔·[恐惧]	200	20	3	0	241				
海角天涯	85	209	荒野≡万年树妖·[憎恨]	200	2	6	0	243				
海角天涯	223	113	食人妖[极恶]	200	20	3	0	254				
海角天涯	223	113	野蛮≡土石人·[残暴]	200	20	3	0	161				
海角天涯	223	113	食人≡草本恶魔·[恐惧]	200	20	3	0	241				
海角天涯	223	113	荒野≡万年树妖·[憎恨]	200	2	6	0	243				
天涯海角	100	100	食人妖[极恶]	100	15	3	0	254	0	0		
天涯海角	100	100	野蛮≡土石人·[残暴]	100	15	6	0	161	0	0		
天涯海角	100	100	食人≡草本恶魔·[恐惧]	100	15	6	0	241	0	0		
天涯海角	100	100	荒野≡万年树妖·[憎恨]	100	2	3	0	243	0	0		
天涯海角	100	100	食人妖[极恶]	100	15	3	0	254				
天涯海角	100	100	野蛮≡土石人·[残暴]	100	15	6	0	161				
天涯海角	100	100	食人≡草本恶魔·[恐惧]	100	15	6	0	241				
天涯海角	100	100	荒野≡万年树妖·[憎恨]	100	2	3	0	243				
天涯海角	100	100	★★★万魔嗜心兽★★★	200	2	6	0	249				
天涯海角	100	100	清风送礼[福利BOSS]9	1	1	12	0	253				
;---------屠魔战场--------终极戒指						0						
屠魔之路	118	72	屠魔勇士[极恶]	100	20	3	0	254	0	0		
屠魔之路	118	72	天魔へ战将·[残暴]	100	20	3	0	161	0	0		
屠魔之路	118	72	地狱へ勇士·[恐惧]	100	20	3	0	241	0	0		
屠魔之路	118	72	魔牛へ之王·[憎恨]	100	2	6	0	243	0	0		
屠魔之路	77	150	屠魔勇士[极恶]	100	20	3	0	254	0	0		
屠魔之路	77	150	天魔へ战将·[残暴]	100	20	3	0	161	0	0		
屠魔之路	77	150	地狱へ勇士·[恐惧]	100	20	3	0	241	0	0		
屠魔之路	77	150	魔牛へ之王·[憎恨]	100	2	6	0	243	0	0		
屠魔之路	118	72	屠魔勇士[极恶]	100	20	3	0	254				
屠魔之路	118	72	天魔へ战将·[残暴]	100	20	3	0	161				
屠魔之路	118	72	地狱へ勇士·[恐惧]	100	20	3	0	241				
屠魔之路	118	72	魔牛へ之王·[憎恨]	100	2	6	0	243				
屠魔之路	77	150	屠魔勇士[极恶]	100	20	3	0	254				
屠魔之路	77	150	天魔へ战将·[残暴]	100	20	3	0	161				
屠魔之路	77	150	地狱へ勇士·[恐惧]	100	20	3	0	241				
屠魔之路	77	150	魔牛へ之王·[憎恨]	100	2	6	0	243				
屠魔战场	60	90	屠魔勇士[极恶]	100	15	3	0	254	0	0		
屠魔战场	60	90	天魔へ战将·[残暴]	100	15	3	0	161	0	0		
屠魔战场	60	90	地狱へ勇士·[恐惧]	100	15	3	0	241	0	0		
屠魔战场	60	90	魔牛へ之王·[憎恨]	100	2	3	0	243	0	0		
屠魔战场	60	90	屠魔勇士[极恶]	100	15	3	0	254				
屠魔战场	60	90	天魔へ战将·[残暴]	100	15	3	0	161				
屠魔战场	60	90	地狱へ勇士·[恐惧]	100	15	3	0	241				
屠魔战场	60	90	魔牛へ之王·[憎恨]	100	2	3	0	243				
屠魔战场	60	90	★★★天地主宰★★★	200	2	6	0	249				
屠魔战场	60	90	清风送礼[福利BOSS]9	1	1	12	0	253				
;-------审判之地-------次终极头盔						0						
审判广场	92	92	裁决者[极恶]	300	30	3	0	254	0	0		
审判广场	92	92	裁决を不败神兵·[残暴]	300	30	3	0	161	0	0		
审判广场	92	92	裁决を夺命巫师·[残暴]	300	30	3	0	241	0	0		
审判广场	92	92	裁决を恐怖巨魔·[残暴]	300	2	6	0	243	0	0		
审判广场	92	92	裁决者[极恶]	300	30	3	0	254				
审判广场	92	92	裁决を不败神兵·[残暴]	300	30	3	0	161				
审判广场	92	92	裁决を夺命巫师·[残暴]	300	30	3	0	241				
审判广场	92	92	裁决を恐怖巨魔·[残暴]	300	2	6	0	243				
审判之地	100	100	裁决者[极恶]	200	20	3	0	254	0	0		
审判之地	100	100	裁决を不败神兵·[残暴]	200	20	3	0	161	0	0		
审判之地	100	100	裁决を夺命巫师·[残暴]	200	20	3	0	241	0	0		
审判之地	100	100	裁决を恐怖巨魔·[残暴]	200	2	3	0	243	0	0		
审判之地	100	100	裁决者[极恶]	200	20	3	0	254				
审判之地	100	100	裁决を不败神兵·[残暴]	200	20	3	0	161				
审判之地	100	100	裁决を夺命巫师·[残暴]	200	20	3	0	241				
审判之地	100	100	裁决を恐怖巨魔·[残暴]	200	2	3	0	243				
审判之地	100	100	★★★最后战神★★★	200	2	6	0	249				
审判之地	100	100	清风送礼[福利BOSS]9	1	1	12	0	253				
;-------沉眠之地-------终极头盔						0						
沉眠密道	180	322	神之护卫[极恶]	100	20	3	0	254	0	0		
沉眠密道	180	322	沉眠≮石狮兽≯·[残暴]	100	20	3	0	161	0	0		
沉眠密道	180	322	沉眠≮火狮兽≯·[恐惧]	100	20	3	0	241	0	0		
沉眠密道	180	322	沉眠≮大魔神≯·[憎恨]	100	2	6	0	243	0	0		
沉眠密道	322	183	神之护卫[极恶]	100	20	3	0	254	0	0		
沉眠密道	322	183	沉眠≮石狮兽≯·[残暴]	100	20	3	0	161	0	0		
沉眠密道	322	183	沉眠≮火狮兽≯·[恐惧]	100	20	3	0	241	0	0		
沉眠密道	322	183	沉眠≮大魔神≯·[憎恨]	100	2	6	0	243	0	0		
沉眠密道	180	322	神之护卫[极恶]	100	20	3	0	254				
沉眠密道	180	322	沉眠≮石狮兽≯·[残暴]	100	20	3	0	161				
沉眠密道	180	322	沉眠≮火狮兽≯·[恐惧]	100	20	3	0	241				
沉眠密道	180	322	沉眠≮大魔神≯·[憎恨]	100	2	6	0	243				
沉眠密道	322	183	神之护卫[极恶]	100	20	3	0	254				
沉眠密道	322	183	沉眠≮石狮兽≯·[残暴]	100	20	3	0	161				
沉眠密道	322	183	沉眠≮火狮兽≯·[恐惧]	100	20	3	0	241				
沉眠密道	322	183	沉眠≮大魔神≯·[憎恨]	100	2	6	0	243				
沉眠之地	100	100	神之护卫[极恶]	200	15	3	0	254	0	0		
沉眠之地	100	100	沉眠≮石狮兽≯·[残暴]	200	15	3	0	161	0	0		
沉眠之地	100	100	沉眠≮火狮兽≯·[恐惧]	200	15	3	0	241	0	0		
沉眠之地	100	100	沉眠≮大魔神≯·[憎恨]	200	2	3	0	243	0	0		
沉眠之地	100	100	神之护卫[极恶]	200	15	3	0	254				
沉眠之地	100	100	沉眠≮石狮兽≯·[残暴]	200	15	3	0	161				
沉眠之地	100	100	沉眠≮火狮兽≯·[恐惧]	200	15	3	0	241				
沉眠之地	100	100	沉眠≮大魔神≯·[憎恨]	200	2	3	0	243				
沉眠之地	100	100	★★★九魔绝天★★★	200	2	6	0	249				
沉眠之地	100	100	清风送礼[福利BOSS]9	1	1	12	0	253				
;--------妖魔之路-----次终极勋章						0						
妖魔之路	102	148	妖魔鬼怪[极恶]	100	20	3	0	254	0	0		
妖魔之路	102	148	魔·犬王·[暴]	100	20	3	0	161	0	0		
妖魔之路	102	148	鬼·尸皇·[恐]	100	20	3	0	241	0	0		
妖魔之路	102	148	妖·白虎·[皇]	100	2	6	0	243	0	0		
妖魔之路	102	148	妖魔鬼怪[极恶]	100	20	3	0	254				
妖魔之路	102	148	魔·犬王·[暴]	100	20	3	0	161				
妖魔之路	102	148	鬼·尸皇·[恐]	100	20	3	0	241				
妖魔之路	102	148	妖·白虎·[皇]	100	2	6	0	243				
妖神殿	50	50	妖魔鬼怪[极恶]	100	15	3	0	254	0	0		
妖神殿	50	50	魔·犬王·[暴]	100	15	3	0	161	0	0		
妖神殿	50	50	鬼·尸皇·[恐]	100	15	3	0	241	0	0		
妖神殿	50	50	妖·白虎·[皇]	100	2	3	0	243	0	0		
妖神殿	50	50	妖魔鬼怪[极恶]	100	15	3	0	254				
妖神殿	50	50	魔·犬王·[暴]	100	15	3	0	161				
妖神殿	50	50	鬼·尸皇·[恐]	100	15	3	0	241				
妖神殿	50	50	妖·白虎·[皇]	100	2	3	0	243				
妖神殿	50	50	★★★万界主宰★★★	200	2	6	0	249				
妖神殿	50	50	清风送礼[福利BOSS]9	1	1	12	0	253				
;-------玄天大殿-----终极勋章						0						
玄天领域	103	95	天之子[极恶]	100	20	3	0	254	0	0		
玄天领域	103	95	天之子·铁面巫神	100	20	3	0	161	0	0		
玄天领域	103	95	天之子·金刚佛	100	20	3	0	241	0	0		
玄天领域	103	95	天之子·兽面佛	100	2	6	0	243	0	0		
玄天领域	103	95	天之子[极恶]	100	20	3	0	254				
玄天领域	103	95	天之子·铁面巫神	100	20	3	0	161				
玄天领域	103	95	天之子·金刚佛	100	20	3	0	241				
玄天领域	103	95	天之子·兽面佛	100	2	6	0	243				
玄天大殿	83	76	天之子[极恶]	100	20	3	0	254	0	0		
玄天大殿	83	76	天之子·铁面巫神	100	20	3	0	161	0	0		
玄天大殿	83	76	天之子·金刚佛	100	20	3	0	241	0	0		
玄天大殿	83	76	天之子·兽面佛	100	2	3	0	243	0	0		
玄天大殿	83	76	天之子[极恶]	100	20	3	0	254				
玄天大殿	83	76	天之子·铁面巫神	100	20	3	0	161				
玄天大殿	83	76	天之子·金刚佛	100	20	3	0	241				
玄天大殿	83	76	天之子·兽面佛	100	2	3	0	243				
玄天大殿	83	76	★★★太初之子★★★	200	1	6	0	249				
玄天大殿	83	76	清风送礼[福利BOSS]9	1	1	12	0	253				
;-------------------------------------------------------------						0						
MFDL	169	190	练功师	1	0	0						
;================封印通道=========================						0						
FY2	278	272	封印魔蛛2	100	200	1	0	70				
FY2	252	246	封印魔蛛2	100	200	1	0	146				
FY2	213	207	封印魔蛛2	100	200	1	0	151				
FY2	174	199	封印魔蛛2	100	200	1	0	215				
FY2	142	167	封印魔蛛2	100	200	1	0	244				
FY2	116	140	封印魔蛛2	100	200	1	0	252				
FY2	79	133	封印魔蛛2	100	200	1	0	251				
FY2	52	107	封印魔蛛2	100	200	1	0	254				
FY2	29	82	封印神龙2	0	1	3	0	249				
FY2	142	167	清风送礼[福利BOSS]2	1	1	12	0	253				
FY3	278	272	封印魔蛛3	100	200	1	0	70				
FY3	252	246	封印魔蛛3	100	200	1	0	146				
FY3	213	207	封印魔蛛3	100	200	1	0	151				
FY3	174	199	封印魔蛛3	100	200	1	0	215				
FY3	142	167	封印魔蛛3	100	200	1	0	244				
FY3	116	140	封印魔蛛3	100	200	1	0	252				
FY3	79	133	封印魔蛛3	100	200	1	0	251				
FY3	52	107	封印魔蛛3	100	200	1	0	254				
FY3	29	82	封印神龙3	0	1	3	0	249				
FY3	142	167	清风送礼[福利BOSS]3	1	1	12	0	253				
FY4	278	272	封印魔蛛4	100	200	1	0	70				
FY4	252	246	封印魔蛛4	100	200	1	0	146				
FY4	213	207	封印魔蛛4	100	200	1	0	151				
FY4	174	199	封印魔蛛4	100	200	1	0	215				
FY4	142	167	封印魔蛛4	100	200	1	0	244				
FY4	116	140	封印魔蛛4	100	200	1	0	252				
FY4	79	133	封印魔蛛4	100	200	1	0	251				
FY4	52	107	封印魔蛛4	100	200	1	0	254				
FY4	29	82	封印神龙4	0	1	3	0	249				
FY4	142	167	清风送礼[福利BOSS]4	1	1	12	0	253				
FY5	278	272	封印魔蛛5	100	200	1	0	70				
FY5	252	246	封印魔蛛5	100	200	1	0	146				
FY5	213	207	封印魔蛛5	100	200	1	0	151				
FY5	174	199	封印魔蛛5	100	200	1	0	215				
FY5	142	167	封印魔蛛5	100	200	1	0	244				
FY5	116	140	封印魔蛛5	100	200	1	0	252				
FY5	79	133	封印魔蛛5	100	200	1	0	251				
FY5	52	107	封印魔蛛5	100	200	1	0	254				
FY5	29	82	封印神龙5	0	1	3	0	249				
FY5	142	167	清风送礼[福利BOSS]5	1	1	12	0	253				
FY6	278	272	封印魔蛛6	100	200	1	0	70				
FY6	252	246	封印魔蛛6	100	200	1	0	146				
FY6	213	207	封印魔蛛6	100	200	1	0	151				
FY6	174	199	封印魔蛛6	100	200	1	0	215				
FY6	142	167	封印魔蛛6	100	200	1	0	244				
FY6	116	140	封印魔蛛6	100	200	1	0	252				
FY6	79	133	封印魔蛛6	100	200	1	0	251				
FY6	52	107	封印魔蛛6	100	200	1	0	254				
FY6	29	82	封印神龙6	0	1	3	0	249				
FY6	142	167	清风送礼[福利BOSS]6	1	1	12	0	253				
FY7	278	272	封印魔蛛7	100	200	1	0	70				
FY7	252	246	封印魔蛛7	100	200	1	0	146				
FY7	213	207	封印魔蛛7	100	200	1	0	151				
FY7	174	199	封印魔蛛7	100	200	1	0	215				
FY7	142	167	封印魔蛛7	100	200	1	0	244				
FY7	116	140	封印魔蛛7	100	200	1	0	252				
FY7	79	133	封印魔蛛7	100	200	1	0	251				
FY7	52	107	封印魔蛛7	100	200	1	0	254				
FY7	29	82	封印神龙7	0	1	3	0	249				
FY7	142	167	清风送礼[福利BOSS]7	1	1	12	0	253				
FY8	278	272	封印魔蛛8	100	200	1	0	70				
FY8	252	246	封印魔蛛8	100	200	1	0	146				
FY8	213	207	封印魔蛛8	100	200	1	0	151				
FY8	174	199	封印魔蛛8	100	200	1	0	215				
FY8	142	167	封印魔蛛8	100	200	1	0	244				
FY8	116	140	封印魔蛛8	100	200	1	0	252				
FY8	79	133	封印魔蛛8	100	200	1	0	251				
FY8	52	107	封印魔蛛8	100	200	1	0	254				
FY8	29	82	封印神龙8	0	1	3	0	249				
FY8	142	167	清风送礼[福利BOSS]8	1	1	12	0	253				
FY9	278	272	封印魔蛛9	100	200	1	0	70				
FY9	252	246	封印魔蛛9	100	200	1	0	146				
FY9	213	207	封印魔蛛9	100	200	1	0	151				
FY9	174	199	封印魔蛛9	100	200	1	0	215				
FY9	142	167	封印魔蛛9	100	200	1	0	244				
FY9	116	140	封印魔蛛9	100	200	1	0	252				
FY9	79	133	封印魔蛛9	100	200	1	0	251				
FY9	52	107	封印魔蛛9	100	200	1	0	254				
FY9	29	82	封印神龙9	0	1	3	0	249				
FY9	142	167	清风送礼[福利BOSS]9	1	1	12	0	253				
;上古封印之地						0						
上古封印之地	500	500	玛法教主	1000	1	12	0	249				
上古封印之地	500	500	黑山老妖	1000	1	12	0	249				
上古封印之地	500	500	恶魔之主	1000	1	12	0	249				
上古封印之地	500	500	兽人王	1000	1	12	0	249				
上古封印之地	500	500	恶龙之灵	1000	1	12	0	249				
上古封印之地	500	500	食人魔	1000	1	12	0	249				
上古封印之地	500	500	镇天霸主	1000	1	12	0	249				
上古封印之地	500	500	沼泽魔王	1000	1	12	0	249				
上古封印之地	500	500	远古霸主	1000	1	12	0	249				
上古封印之地	500	500	深渊魔王	1000	1	12	0	249				
上古封印之地	500	500	上古巨魔	1000	1	12	0	249				
上古封印之地	500	500	持国天王	1000	1	12	0	249				
上古封印之地	500	500	上古大妖	1000	1	12	0	249				
上古封印之地	500	500	通天教主	1000	1	12	0	249				
上古封印之地	500	500	紫微大帝	1000	1	12	0	249				
上古封印之地	500	500	人面魔珠	1000	1	12	0	249				
上古封印之地	500	500	鬼王	1000	1	12	0	249				
上古封印之地	500	500	封印魔王	1000	1	12	0	249				
上古封印之地	500	500	峡谷恶魔	1000	1	12	0	249				
上古封印之地	500	500	玄冥化身莽	1000	1	12	0	249				
上古封印之地	500	500	远古暴躁猪魔	1000	1	12	0	249				
上古封印之地	500	500	迷失罪恶狂徒	1000	1	12	0	249				
上古封印之地	500	500	帝魂	1000	1	12	0	249				
上古封印之地	500	500	石魁	1000	1	12	0	249				
上古封印之地	500	500	大地之主	1000	1	12	0	249				
上古封印之地	500	500	法外狂徒	1000	1	12	0	249				
上古封印之地	500	500	恐惧之王	1000	1	12	0	249				
上古封印之地	500	500	落日战神	1000	1	12	0	249				
上古封印之地	500	500	圣地教主	1000	1	12	0	249				
上古封印之地	500	500	邪恶野猪之王	1000	1	12	0	249				
上古封印之地	500	500	重生之骷髅王	1000	1	12	0	249				
上古封印之地	500	500	传说教主	1000	1	12	0	249				
上古封印之地	500	500	堕落教主	1000	1	12	0	249				
上古封印之地	500	500	花仙子	1000	1	12	0	249				
上古封印之地	500	500	九绝尸王	1000	1	12	0	249				
上古封印之地	500	500	迷失洞主	1000	1	12	0	249				
上古封印之地	500	500	吞噬之主	1000	1	12	0	249				
上古封印之地	500	500	玄冥教主	1000	1	12	0	249				
上古封印之地	500	500	真爱教主	1000	1	12	0	249				
上古封印之地	500	500	罪大恶极	1000	1	12	0	249				
上古封印之地	500	500	绝望龙王	1000	1	12	0	249				
上古封印之地	500	500	暗月教主	1000	1	12	0	249				
上古封印之地	500	500	迷乱教主	1000	1	12	0	249				
上古封印之地	500	500	幽冥恶魔	1000	1	12	0	249				
上古封印之地	500	500	上古战神	1000	1	12	0	249				
上古封印之地	500	500	沙漠巨型多角兽	1000	1	12	0	249				
上古封印之地	500	500	邪恶骷髅精灵	1000	1	12	0	249				
上古封印之地	500	500	寂静之主※霸主	1000	1	12	0	70				
上古封印之地	500	500	上古变异虫王	1000	1	12	0	70				
上古封印之地	500	500	圣兽白虎	1000	2	12	0	70				
上古封印之地	500	500	圣兽青龙	1000	2	12	0	70				
上古封印之地	500	500	圣兽朱雀	1000	2	12	0	70				
上古封印之地	500	500	圣兽玄武	1000	2	12	0	70				
上古封印之地	500	500	后羿	1000	1	12	0	70				
上古封印之地	500	500	暗黑骑士	1000	1	12	0	70				
上古封印之地	500	500	毒龙天蝎	1000	1	12	0	70				
上古封印之地	500	500	恐惧魔蝎	1000	1	12	0	70				
上古封印之地	500	500	独角巨魔	1000	1	12	0	70				
上古封印之地	500	500	蝙蝠魔	1000	1	12	0	70				
上古封印之地	500	500	哥斯拉	1000	1	12	0	70				
上古封印之地	500	500	暗黑蛟龙	1000	1	12	0	70				
上古封印之地	500	500	远古天魔蝎	1000	1	12	0	70				
上古封印之地	500	500	赤血魔神	1000	1	12	0	70				
上古封印之地	500	500	五爪金龙	1000	1	12	0	70				
上古封印之地	500	500	狂暴魔神	1000	1	12	0	70				
上古封印之地	500	500	遗忘战神	1000	1	12	0	70				
上古封印之地	500	500	暗黑魔导师	1000	1	12	0	70				
上古封印之地	500	500	天鲲鹏青鸾	1000	1	12	0	70				
上古封印之地	500	500	冰焰噬魂魔王	1000	1	12	0	70				
上古封印之地	500	500	荒漠食人翼龙	1000	1	12	0	70				
上古封印之地	500	500	暗夜赤身魔蚁	1000	1	12	0	70				
上古封印之地	500	500	荒漠吞噬千足虫	1000	1	12	0	70				
上古封印之地	500	500	剧毒无解之人面蛛王	1000	1	12	0	70				
世界的尽头	300	300	★★★黑暗主宰★★★	600	6	24	0	93				
世界的尽头	300	300	★★★邪皇祖师★★★	600	6	24	0	93				
世界的尽头	300	300	★★★神炎之王★★★	600	6	24	0	93				
世界的尽头	300	300	★★★万魔嗜心兽★★★	600	6	24	0	93				
世界的尽头	300	300	★★★鎏詍慑魔天尊★★★	600	6	24	0	93				
世界的尽头	300	300	★★毒龙鳞青风蝎★★★	600	6	24	0	93				
世界的尽头	300	300	★★★天地主宰★★★	600	6	24	0	93				
世界的尽头	300	300	★★★五爪金龙★★★	600	6	24	0	93				
世界的尽头	300	300	★★★最后战神★★★	600	6	24	0	93				
世界的尽头	300	300	★★★九魔绝天★★★	600	6	24	0	93				
世界的尽头	300	300	★★★万界主宰★★★	600	6	24	0	93				
世界的尽头	300	300	★★★天雷灭界鬼祖★★★	600	6	24	0	93				
世界的尽头	300	300	★★★万古青天大帝★★★	600	6	24	0	93				
世界的尽头	300	300	★★★元始天尊★★★	600	6	24	0	93				
世界的尽头	300	300	★★★道德天尊★★★	600	6	24	0	93				
世界的尽头	300	300	★★★无量天尊★★★	600	6	24	0	93				
世界的尽头	300	300	★★★天外来客★★★	600	6	24	0	93				
世界的尽头	300	300	★★★剑主苍穹★★★	600	6	24	0	93				
世界的尽头	300	300	★★★太初之子★★★	600	6	24	0	93				
世界的尽头	300	300	【世界BOSS】玄天战神	600	1	12	0	93				
世界的尽头	300	300	清风送礼[福利BOSS]9	1	1	12	0	253				
世界的尽头	300	300	清风送礼[福利BOSS]9	1	1	12	0	253				
;世界的尽头	300	300	★★★传承守护者[魔防]★★★	600	10	12	0	93				
;世界的尽头	300	300	★★★传承守护者[物防]★★★	600	10	12	0	93				
;世界的尽头	300	300	★★★★时间掌控者★★★★	600	5	12	0	93				
;世界的尽头	300	300	★★★★空间掌控者★★★★	600	5	12	0	93				
;世界的尽头	300	300	★★★★轮回掌控者★★★★	600	5	12	0	93				
