1	-1	-1	7	0	0	833	1	0	15	200	0	200	0	0	0	0	-29	-24	0	0	0	0	-1	-1	0	0	1	0	0	0	1	0	26	1752	16	200	0	-200	1	1	1	书页
2	-1	-1	7	0	0	848	1	0	10	200	0	200	0	0	0	0	0	0	0	0	0	1	-1	-1	0	0	1	0	0	0	0	0	-1	0	1	200	0	0	0	0	0	石中火精
3	7	-1	-1	1388	0	848	15	0	10	200	0	200	-10	-25	0	0	0	0	0	0	1	1	-1	-1	0	0	1	0	0	1	0	0	-1	0	1	200	0	0	0	0	0	木质盾牌
4	7	-1	-1	1408	0	848	15	0	10	200	0	200	-10	-25	0	0	0	0	0	0	1	1	-1	-1	0	0	1	0	0	1	0	0	-1	0	1	200	0	0	0	0	0	白坚木盾
5	7	-1	-1	1428	0	848	15	0	10	200	0	200	-10	-25	0	0	0	0	0	0	1	1	-1	-1	0	0	1	0	0	1	0	0	-1	0	1	200	0	0	0	0	0	青铜战盾
9	7	-1	-1	1328	0	848	15	0	10	200	0	200	-105	-40	0	0	0	0	0	0	0	1	-1	-1	0	0	1	0	0	1	0	0	-1	0	1	200	0	0	0	0	0	火焱金盾
10	7	-1	-1	1348	0	848	15	0	10	200	0	200	-105	-40	0	0	0	0	0	0	0	1	-1	-1	0	0	1	0	0	1	0	0	-1	0	1	200	0	0	0	0	0	冰晶炎盾
11	7	-1	-1	1368	0	848	15	0	10	200	0	200	-105	-40	0	0	0	0	0	0	0	1	-1	-1	0	0	1	0	0	1	0	0	-1	0	1	200	0	0	0	0	0	防御之盾
6	7	-1	-1	1268	0	848	15	0	10	200	0	200	-105	-40	0	0	0	0	0	0	0	1	-1	-1	0	0	1	0	0	1	0	0	-1	0	1	200	0	0	0	0	0	阿尔戈斯盾
7	7	-1	-1	1288	0	848	15	0	10	200	0	200	-105	-40	0	0	0	0	0	0	0	1	-1	-1	0	0	1	0	0	1	0	0	-1	0	1	200	0	0	0	0	0	大地守护之盾
8	7	-1	-1	1308	0	848	15	0	10	200	0	200	-105	-40	0	0	0	0	0	0	0	1	-1	-1	0	0	1	0	0	1	0	0	-1	0	1	200	0	0	0	0	0	紫晶神盾
12	7	-1	-1	1623	0	848	10	0	10	200	0	200	-100	-55	0	0	0	0	0	0	0	1	-1	-1	0	0	1	0	0	0	0	0	-1	0	1	200	0	0	0	0	0	烈焰神盾
200	31	-1	-1	0	0	848	15	0	10	100	0	200	0	0	0	0	0	0	0	0	1	1	-1	-1	0	0	1	0	0	1	0	0	-1	0	1	200	0	0	0	0	0	斩马刀
201	33	-1	-1	20	0	0	9	0	1	100	0	200	0	0	0	0	0	0	0	0	1	1	-1	-1	0	0	1	0	0	1	0	0	-1	0	1	200	0	0	0	0	0	极品布衣
202	31	-1	-1	20	0	848	12	0	10	100	0	200	0	0	0	0	0	0	0	0	1	1	-1	-1	0	0	1	0	0	1	0	0	-1	0	1	200	0	0	0	0	0	海魂
203	30	-1	-1	690	0	848	10	0	10	100	0	200	0	0	0	0	0	0	0	0	1	1	-1	-1	0	0	1	0	0	1	0	0	-1	0	1	200	0	0	0	0	0	赤血【极品】
204	33	-1	-1	0	0	0	15	0	1	50	0	200	1	-3	0	0	0	0	0	0	1	1	-1	-1	0	0	1	0	0	1	0	0	-1	0	1	200	0	0	0	0	0	轻型战甲
205	31	-1	-1	50	0	848	20	0	10	100	0	200	0	0	0	0	0	0	0	0	1	1	-1	-1	0	0	1	0	0	1	0	0	-1	0	1	200	0	0	0	0	0	炼狱
206	31	-1	-1	70	0	848	12	0	10	100	0	200	0	0	0	0	0	0	0	0	1	1	-1	-1	0	0	1	0	0	1	0	0	-1	0	1	200	0	0	0	0	0	魔杖
207	31	-1	-1	90	0	848	12	0	10	100	0	200	0	0	0	0	0	0	0	0	1	1	-1	-1	0	0	1	0	0	1	0	0	-1	0	1	200	0	0	0	0	0	无极棍
208	31	-1	-1	110	0	848	12	0	10	100	0	200	0	0	0	0	0	0	0	0	1	1	-1	-1	0	0	1	0	0	1	0	0	-1	0	1	200	0	0	0	0	0	裁决之杖
209	31	-1	-1	130	0	848	12	0	10	100	0	200	0	0	0	0	0	0	0	0	1	1	-1	-1	0	0	1	0	0	1	0	0	-1	0	1	200	0	0	0	0	0	骨玉权杖
210	31	-1	-1	150	0	848	12	0	10	100	0	200	0	0	0	0	0	0	0	0	1	1	-1	-1	0	0	1	0	0	1	0	0	-1	0	1	200	0	0	0	0	0	九纹剑
211	33	-1	-1	30	0	848	15	0	10	100	0	200	0	0	0	0	0	0	0	0	1	1	-1	-1	0	0	1	0	0	1	0	0	-1	0	1	200	0	0	0	0	0	战神盔甲
212	33	-1	-1	50	0	848	15	0	10	100	0	200	0	0	0	0	0	0	0	0	1	1	-1	-1	0	0	1	0	0	1	0	0	-1	0	1	200	0	0	0	0	0	魔力法袍
213	33	-1	-1	70	0	848	15	0	10	100	0	200	0	0	0	0	0	0	0	0	1	1	-1	-1	0	0	1	0	0	1	0	0	-1	0	1	200	0	0	0	0	0	九幽道袍
214	30	-1	-1	240	0	848	15	0	10	100	0	200	0	0	0	0	0	0	0	0	1	1	-1	-1	0	0	1	0	0	1	0	0	-1	0	1	200	0	0	0	0	0	屠龙
215	30	-1	-1	0	0	848	15	0	10	100	0	200	0	0	0	0	0	0	0	0	1	1	-1	-1	0	0	1	0	0	1	0	0	-1	0	1	200	0	0	0	0	0	噬魂法杖
216	30	-1	-1	20	0	848	12	0	10	200	0	200	0	0	0	0	0	0	0	0	1	1	-1	-1	0	0	1	0	0	1	0	0	-1	0	1	200	0	0	0	0	0	逍遥扇
217	32	-1	-1	60	0	848	20	0	10	100	0	200	0	0	0	0	0	0	0	0	1	1	-1	-1	0	0	1	0	0	1	0	0	-1	0	1	200	0	0	0	0	0	圣战盔甲
218	32	-1	-1	100	0	848	20	0	10	100	0	200	0	0	0	0	0	0	0	0	1	1	-1	-1	0	0	1	0	0	1	0	0	-1	0	1	200	0	0	0	0	0	法神披风
219	32	-1	-1	120	0	848	20	0	10	100	0	200	0	0	0	0	0	0	0	0	1	1	-1	-1	0	0	1	0	0	1	0	0	-1	0	1	200	0	0	0	0	0	天尊道袍
220	32	-1	32	160	0	1090	40	0	40	100	0	200	0	0	0	0	0	0	0	0	1	1	-1	-1	0	0	1	0	0	1	1	0	-1	0	1	200	0	0	0	0	0	雷霆烈焰光芒
221	30	-1	-1	40	0	848	12	0	10	100	0	200	0	0	0	0	0	0	0	0	1	1	-1	-1	0	0	1	0	0	1	0	0	-1	0	1	200	0	0	0	0	0	开天
222	30	-1	-1	60	0	848	12	0	10	100	0	200	0	0	0	0	0	0	0	0	1	1	-1	-1	0	0	1	0	0	1	0	0	-1	0	1	200	0	0	0	0	0	镇天
223	30	-1	-1	80	0	848	12	0	10	100	0	200	0	0	0	0	0	0	0	0	1	1	-1	-1	0	0	1	0	0	1	0	0	-1	0	1	200	0	0	0	0	0	玄天
224	32	44	-1	160	0	848	40	0	10	100	0	200	0	0	0	0	0	0	0	0	1	1	-1	-1	0	0	1	0	0	1	0	0	-1	0	1	200	0	0	0	0	0	雷霆烈焰光芒
225	31	-1	-1	450	0	848	12	0	10	100	0	200	0	0	0	0	0	0	0	0	1	1	-1	-1	0	0	1	0	0	1	0	0	-1	0	1	200	0	0	0	0	0	金曜破甲斩
226	30	-1	-1	400	0	848	12	0	10	100	0	200	0	0	0	0	0	0	0	0	1	1	-1	-1	0	0	1	0	0	1	0	0	-1	0	1	200	0	0	0	0	0	金莲通法杖
227	30	-1	-1	630	0	848	12	0	10	100	0	200	0	0	0	0	0	0	0	0	1	1	-1	-1	0	0	1	0	0	1	0	0	-1	0	1	200	0	0	0	0	0	金焰青道剑
228	32	-1	-1	340	0	848	15	0	10	100	0	200	0	0	0	0	0	0	0	0	1	1	-1	-1	0	0	1	0	0	1	0	0	-1	0	1	200	0	0	0	0	0	金曜光辉战甲
229	32	-1	-1	380	0	848	15	0	10	100	0	200	0	0	0	0	0	0	0	0	1	1	-1	-1	0	0	1	0	0	1	0	0	-1	0	1	200	0	0	0	0	0	金莲星纹法袍
230	32	-1	-1	360	0	848	15	0	10	100	0	200	0	0	0	0	0	0	0	0	1	1	-1	-1	0	0	1	0	0	1	0	0	-1	0	1	200	0	0	0	0	0	金焰白云道袍
231	31	-1	-1	300	0	848	20	0	10	100	0	200	0	0	0	0	0	0	0	0	1	1	-1	-1	0	0	1	0	0	1	0	0	-1	0	1	200	0	0	0	0	0	血洛之刃
232	31	-1	-1	190	0	848	15	0	10	100	0	200	0	0	0	0	0	0	0	0	1	1	-1	-1	0	0	1	0	0	1	0	0	-1	0	1	200	0	0	0	0	0	嗜魂金杖
233	31	-1	-1	340	0	848	20	0	10	100	0	200	0	0	0	0	0	0	0	0	1	1	-1	-1	0	0	1	0	0	1	0	0	-1	0	1	200	0	0	0	0	0	星幽道剑
234	33	-1	-1	90	0	848	9	0	10	100	0	200	0	0	0	0	0	0	0	0	1	1	-1	-1	0	0	1	0	0	1	0	0	-1	0	1	200	0	0	0	0	0	血金战甲
235	33	-1	-1	100	0	848	15	0	10	100	0	200	0	0	0	0	0	0	0	0	1	1	-1	-1	0	0	1	0	0	1	0	0	-1	0	1	200	0	0	0	0	0	金鳞法甲
236	33	-1	-1	120	0	848	9	0	10	100	0	200	0	0	0	0	0	0	0	0	1	1	-1	-1	0	0	1	0	0	1	0	0	-1	0	1	200	0	0	0	0	0	星幽道甲
237	32	-1	-1	200	0	848	15	0	10	100	0	200	0	0	0	0	0	0	0	0	1	1	-1	-1	0	0	1	0	0	1	0	0	-1	0	1	200	0	0	0	0	0	虎啸战甲
238	32	-1	-1	220	0	848	15	0	10	100	0	200	0	0	0	0	0	0	0	0	1	1	-1	-1	0	0	1	0	0	1	0	0	-1	0	1	200	0	0	0	0	0	凤吟法甲
239	32	-1	-1	240	0	848	15	0	10	100	0	200	0	0	0	0	0	0	0	0	1	1	-1	-1	0	0	1	0	0	1	0	0	-1	0	1	200	0	0	0	0	0	狐鸣道甲
240	30	-1	-1	100	0	848	12	0	10	100	0	200	0	0	0	0	0	0	0	0	1	1	-1	-1	0	0	1	0	0	1	0	0	-1	0	1	200	0	0	0	0	0	王者之刃
241	30	-1	-1	120	0	848	12	0	10	100	0	200	0	0	0	0	0	0	0	0	1	1	-1	-1	0	0	1	0	0	1	0	0	-1	0	1	200	0	0	0	0	0	王者之杖
242	30	-1	-1	140	0	848	12	0	10	100	0	200	0	0	0	0	0	0	0	0	1	1	-1	-1	0	0	1	0	0	1	0	0	-1	0	1	200	0	0	0	0	0	王者之剑
243	30	-1	-1	160	0	848	14	0	10	100	0	200	0	0	0	0	0	0	0	0	1	1	-1	-1	0	0	1	0	0	1	0	0	-1	0	1	200	0	0	0	0	0	雷火之剑
244	30	-1	-1	180	0	848	10	0	10	100	0	200	0	0	0	0	0	0	0	0	1	1	-1	-1	0	0	1	0	0	1	0	0	-1	0	1	200	0	0	0	0	0	紫月法杖
245	30	-1	-1	190	0	848	14	0	10	100	0	200	0	0	0	0	0	0	0	0	1	1	-1	-1	0	0	1	0	0	1	0	0	-1	0	1	200	0	0	0	0	0	冷星道剑
246	32	-1	-1	260	0	848	14	0	10	100	0	200	0	0	0	0	0	0	0	0	1	1	-1	-1	0	0	1	0	0	1	0	0	-1	0	1	200	0	0	0	0	0	雷火战甲
247	32	-1	-1	280	0	848	10	0	10	100	0	200	0	0	0	0	0	0	0	0	1	1	-1	-1	0	0	1	0	0	1	0	0	-1	0	1	200	0	0	0	0	0	紫月法袍
248	32	-1	-1	290	0	848	14	0	10	100	0	200	0	0	0	0	0	0	0	0	1	1	-1	-1	0	0	1	0	0	1	0	0	-1	0	1	200	0	0	0	0	0	冷星道甲
249	31	-1	-1	170	0	848	15	0	10	100	0	200	0	0	0	0	0	0	0	0	1	1	-1	-1	0	0	1	0	0	1	0	0	-1	0	1	200	0	0	0	0	0	金煌屠龙斩
250	30	-1	-1	280	0	848	12	0	10	100	0	200	0	0	0	0	0	0	0	0	1	1	-1	-1	0	0	1	0	0	1	0	0	-1	0	1	200	0	0	0	0	0	星芒虚空杖
251	30	-1	-1	260	0	848	12	0	10	100	0	200	0	0	0	0	0	0	0	0	1	1	-1	-1	0	0	1	0	0	1	0	0	-1	0	1	200	0	0	0	0	0	紫虚盘龙剑
252	32	-1	-1	550	0	848	9	0	10	100	0	200	0	0	0	0	0	0	0	0	1	1	-1	-1	0	0	1	0	0	1	0	0	-1	0	1	200	0	0	0	0	0	金煌战甲
253	32	-1	-1	560	0	848	9	0	10	100	0	200	0	0	0	0	0	0	0	0	1	1	-1	-1	0	0	1	0	0	1	0	0	-1	0	1	200	0	0	0	0	0	星芒法袍
254	32	-1	-1	570	0	848	9	0	10	100	0	200	0	0	0	0	0	0	0	0	1	1	-1	-1	0	0	1	0	0	1	0	0	-1	0	1	200	0	0	0	0	0	紫虚道袍
255	30	-1	-1	440	0	848	30	0	10	100	0	200	0	0	0	0	0	0	0	0	1	1	-1	-1	0	0	1	0	0	1	0	0	-1	0	1	200	0	0	0	0	0	天龙弯月刀
256	30	-1	-1	470	0	848	21	0	10	100	0	200	0	0	0	0	0	0	0	0	1	1	-1	-1	0	0	1	0	0	1	0	0	-1	0	1	200	0	0	0	0	0	血龙赤阳杖
257	30	-1	-1	500	0	848	15	0	10	100	0	200	0	0	0	0	0	0	0	0	1	1	-1	-1	0	0	1	0	0	1	0	0	-1	0	1	200	0	0	0	0	0	龙息赤火扇
258	32	-1	-1	610	0	848	20	0	10	100	0	200	0	0	0	0	0	0	0	0	1	1	-1	-1	0	0	1	0	0	1	0	0	-1	0	1	200	0	0	0	0	0	天龙战袍
259	32	-1	-1	630	0	848	20	0	10	100	0	200	0	0	0	0	0	0	0	0	1	1	-1	-1	0	0	1	0	0	1	0	0	-1	0	1	200	0	0	0	0	0	龙陨法袍
260	32	-1	-1	650	0	848	15	0	10	100	0	200	0	0	0	0	0	0	0	0	1	1	-1	-1	0	0	1	0	0	1	0	0	-1	0	1	200	0	0	0	0	0	龙息道袍
261	30	-1	-1	520	0	0	15	0	1	100	0	200	0	0	0	0	0	0	0	0	1	1	-1	-1	0	0	1	0	0	1	0	0	-1	0	1	200	0	0	0	0	0	玄黄赤阳剑
262	30	-1	-1	340	0	848	15	0	10	100	0	200	0	0	0	0	0	0	0	0	1	1	-1	-1	0	0	1	0	0	1	0	0	-1	0	1	200	0	0	0	0	0	血煞降魔杖
263	30	-1	-1	360	0	848	15	0	10	100	0	200	0	0	0	0	0	0	0	0	1	1	-1	-1	0	0	1	0	0	1	0	0	-1	0	1	200	0	0	0	0	0	白金封魔扇
264	32	-1	-1	490	0	848	15	0	10	100	0	200	0	0	0	0	0	0	0	0	1	1	-1	-1	0	0	1	0	0	1	0	0	-1	0	1	200	0	0	0	0	0	玄黄战袍
265	32	-1	-1	510	0	848	15	0	10	100	0	200	0	0	0	0	0	0	0	0	1	1	-1	-1	0	0	1	0	0	1	0	0	-1	0	1	200	0	0	0	0	0	血煞法袍
266	32	-1	-1	530	0	848	15	0	10	100	0	200	0	0	0	0	0	0	0	0	1	1	-1	-1	0	0	1	0	0	1	0	0	-1	0	1	200	0	0	0	0	0	蓝羽道袍
267	31	39	-1	1720	600	848	10	0	10	100	0	200	0	0	0	0	0	0	0	1	1	1	-1	-1	0	0	1	0	0	0	0	0	-1	0	1	200	0	0	0	0	0	白龙道剑
268	31	39	-1	1730	1200	848	10	0	10	100	0	200	0	0	0	0	0	0	0	1	1	1	-1	-1	0	0	1	0	0	0	0	0	-1	0	1	200	0	0	0	0	0	绿芒道剑
2001	-1	-1	26	728	0	728	10	0	10	150	0	150	0	0	0	0	0	0	0	0	1	1	-1	-1	0	0	1	0	0	0	0	0	26	1158	8	100	10	-70	1	1	1	圣品光柱
2002	-1	-1	26	89	0	654	8	0	8	150	0	150	0	0	0	0	0	0	0	0	1	1	-1	-1	0	0	1	0	0	1	0	0	26	978	10	200	0	-320	1	1	1	仙品光柱
269	32	-1	-1	1130	0	848	9	0	10	100	0	200	0	0	0	0	0	0	0	1	1	1	-1	-1	0	0	1	0	0	1	0	0	-1	0	1	200	0	0	0	0	0	中型战甲
270	32	-1	-1	1140	0	848	9	0	10	100	0	200	0	0	0	0	0	0	0	1	1	1	-1	-1	0	0	1	0	0	1	0	0	-1	0	1	200	0	0	0	0	0	中型法甲
271	32	-1	-1	1150	0	848	9	0	10	100	0	200	0	0	0	0	0	0	0	1	1	1	-1	-1	0	0	1	0	0	1	0	0	-1	0	1	200	0	0	0	0	0	中型道甲
272	32	-1	-1	80	0	0	12	0	1	150	0	150	0	0	0	0	0	0	0	1	1	1	-1	-1	0	0	1	0	0	1	1	0	-1	0	1	200	0	0	0	0	0	新手修罗装
273	32	-1	32	1160	0	1160	25	0	25	150	0	150	-131	17	0	0	0	0	0	1	1	1	-1	-1	0	0	1	0	0	1	1	0	-1	0	1	200	0	0	0	0	0	黄金面罩
274	32	-1	-1	130	0	0	9	0	1	150	0	150	0	0	0	0	0	0	1	1	1	1	-1	-1	0	0	1	0	0	1	1	0	-1	0	1	200	0	0	0	0	0	流焰战袍
275	32	37	-1	730	0	0	32	0	1	150	0	150	0	0	0	0	0	0	1	1	1	1	-1	-1	0	0	1	0	0	1	1	0	-1	0	1	200	0	0	0	0	0	黑煞战甲
276	33	-1	-1	190	0	0	9	0	1	150	0	150	0	0	0	0	0	0	1	1	1	1	-1	-1	0	0	1	0	0	1	1	0	-1	0	1	200	0	0	0	0	0	裂金战甲
277	32	-1	-1	670	0	0	15	0	1	150	0	150	0	0	0	0	0	0	1	1	1	1	-1	-1	0	0	1	0	0	1	1	0	-1	0	1	200	0	0	0	0	0	诛仙战甲
278	32	-1	-1	580	0	0	9	0	1	150	0	150	0	0	0	0	0	0	1	1	1	1	-1	-1	0	0	1	0	0	1	1	0	-1	0	1	200	0	0	0	0	0	帝星战甲
279	32	-1	-1	890	0	0	10	0	1	150	0	150	0	0	0	0	0	0	1	1	1	1	-1	-1	0	0	1	0	0	1	1	0	-1	0	1	200	0	0	0	0	0	翼能机动战甲
280	32	-1	-1	980	0	0	16	0	1	150	0	150	0	0	0	0	0	0	1	1	1	1	-1	-1	0	0	1	0	0	1	1	0	-1	0	1	200	0	0	0	0	0	天罚金翅甲
281	33	-1	-1	300	0	0	40	0	1	150	0	150	0	0	0	0	0	0	1	1	1	1	-1	-1	0	0	1	0	0	1	1	0	-1	0	1	200	0	0	0	0	0	白帝战甲
282	33	-1	-1	1440	0	0	22	0	1	150	0	150	1	-1	0	0	0	0	1	1	1	1	-1	-1	0	0	1	0	0	1	1	1	-1	0	1	200	0	0	0	0	0	火蝠霸体甲
283	32	-1	-1	800	0	0	32	0	1	150	0	150	0	0	0	0	0	0	1	1	1	1	-1	-1	0	0	1	0	0	1	1	0	-1	0	1	200	0	0	0	0	0	黑影战甲
284	33	-1	-1	220	0	0	9	0	1	150	0	150	0	0	0	0	0	0	1	1	1	1	-1	-1	0	0	1	0	0	1	1	0	-1	0	1	200	0	0	0	0	0	神威战甲
285	33	-1	-1	250	0	0	12	0	1	150	0	150	0	0	0	0	0	0	1	1	1	1	-1	-1	0	0	1	0	0	1	1	0	-1	0	1	200	0	0	0	0	0	精绝黄金甲
286	33	-1	-1	420	0	0	15	0	1	150	0	150	0	0	0	0	0	0	1	1	1	1	-1	-1	0	0	1	0	0	1	1	0	-1	0	1	200	0	0	0	0	0	焚炎战甲
287	32	-1	-1	1030	0	0	12	0	1	150	0	150	0	0	0	0	0	0	1	1	1	1	-1	-1	0	0	1	0	0	1	1	0	-1	0	1	200	0	0	0	0	0	炙热战甲
288	33	-1	-1	480	0	0	15	0	1	150	0	150	0	0	0	0	0	0	1	1	1	1	-1	-1	0	0	1	0	0	1	1	0	-1	0	1	200	0	0	0	0	0	血煞战甲
289	33	-1	-1	860	0	0	16	0	1	150	0	150	0	0	0	0	0	0	1	1	1	1	-1	-1	0	0	1	0	0	1	1	0	-1	0	1	200	0	0	0	0	0	九狱火凤甲
290	33	-1	-1	1220	0	0	12	0	1	150	0	150	0	0	0	0	0	0	1	1	1	1	-1	-1	0	0	1	0	0	1	1	0	-1	0	1	200	0	0	0	0	0	冥王战甲
291	33	-1	-1	1260	0	0	15	0	1	150	0	150	0	0	0	0	0	0	1	1	1	1	-1	-1	0	0	1	0	0	1	1	0	-1	0	1	200	0	0	0	0	0	火疫金蝠甲
292	33	-1	-1	1280	0	0	15	0	1	150	0	150	0	0	0	0	0	0	1	1	1	1	-1	-1	0	0	1	0	0	1	1	0	-1	0	1	200	0	0	0	0	0	暗凰甲
293	33	-1	-1	800	0	0	16	0	1	150	0	150	0	0	0	0	0	0	1	1	1	1	-1	-1	0	0	1	0	0	1	1	0	-1	0	1	200	0	0	0	0	0	黑袍炼狱甲
294	33	-1	-1	540	0	0	15	0	1	150	0	150	0	0	0	0	0	0	1	1	1	1	-1	-1	0	0	1	0	0	1	1	0	-1	0	1	200	0	0	0	0	0	蓝羽金甲
295	33	-1	-1	660	0	0	15	0	1	150	0	150	0	0	0	0	0	0	1	1	1	1	-1	-1	0	0	1	0	0	1	1	0	-1	0	1	200	0	0	0	0	0	玄翼修罗铠
296	33	-1	-1	1300	0	0	15	0	1	150	0	150	0	0	0	0	0	0	1	1	1	1	-1	-1	0	0	1	0	0	1	1	0	-1	0	1	200	0	0	0	0	0	上古红凰甲
297	33	-1	-1	920	0	0	15	0	1	150	0	150	0	0	0	0	0	0	1	1	1	1	-1	-1	0	0	1	0	0	1	1	0	-1	0	1	200	0	0	0	0	0	刀翼玄铁甲
298	33	-1	-1	1000	0	0	15	0	1	150	0	150	0	0	0	0	0	0	1	1	1	1	-1	-1	0	0	1	0	0	1	1	0	-1	0	1	200	0	0	0	0	0	金翅金刚甲
299	33	-1	-1	1110	0	0	15	0	1	150	0	150	0	0	0	0	0	0	1	1	1	1	-1	-1	0	0	1	0	0	1	1	0	-1	0	1	200	0	0	0	0	0	天使无畏战甲
300	33	-1	-1	780	0	0	15	0	1	150	0	150	0	0	0	0	0	0	1	1	1	1	-1	-1	0	0	1	0	0	1	1	0	-1	0	1	200	0	0	0	0	0	究极刀皇战甲
301	32	-1	-1	1140	0	0	9	0	1	150	0	150	0	0	0	0	0	0	1	1	1	1	-1	-1	0	0	1	0	0	1	1	0	-1	0	1	200	0	0	0	0	0	中型法甲
302	33	-1	-1	140	0	0	9	0	1	150	0	150	0	0	0	0	0	0	1	1	1	1	-1	-1	0	0	1	0	0	1	1	0	-1	0	1	200	0	0	0	0	0	焰冰法袍
303	32	-1	-1	770	0	0	9	0	1	150	0	150	0	0	0	0	0	0	1	1	1	1	-1	-1	0	0	1	0	0	1	1	0	-1	0	1	200	0	0	0	0	0	蚀黄法甲
304	33	-1	-1	200	0	0	9	0	1	150	0	150	0	0	0	0	0	0	1	1	1	1	-1	-1	0	0	1	0	0	1	1	0	-1	0	1	200	0	0	0	0	0	流银法甲
305	32	-1	-1	690	0	0	15	0	1	150	0	150	0	0	0	0	0	0	1	1	1	1	-1	-1	0	0	1	0	0	1	1	0	-1	0	1	200	0	0	0	0	0	驱魔法甲
306	33	-1	-1	240	0	0	9	0	1	150	0	150	0	0	0	0	0	0	1	1	1	1	-1	-1	0	0	1	0	0	1	1	0	-1	0	1	200	0	0	0	0	0	仙灵法甲
307	32	-1	-1	900	0	0	24	0	1	150	0	150	0	0	0	0	0	0	1	1	1	1	-1	-1	0	0	1	0	0	1	1	0	-1	0	1	200	0	0	0	0	0	金凰法袍
308	32	-1	-1	1000	0	0	8	0	1	150	0	150	0	0	0	0	0	0	1	1	1	1	-1	-1	0	0	1	0	0	1	1	0	-1	0	1	200	0	0	0	0	0	古凰法甲
309	33	-1	-1	340	0	0	40	0	1	150	0	150	0	0	0	0	0	0	1	1	1	1	-1	-1	0	0	1	0	0	1	1	0	-1	0	1	200	0	0	0	0	0	青冥法甲
310	33	-1	-1	620	0	0	15	0	1	150	0	150	0	0	0	0	0	0	1	1	1	1	-1	-1	0	0	1	0	0	1	1	0	-1	0	1	200	0	0	0	0	0	霜九法甲
311	32	-1	-1	840	0	0	20	0	1	150	0	150	0	0	0	0	0	0	1	1	1	1	-1	-1	0	0	1	0	0	1	1	0	-1	0	1	200	0	0	0	0	0	血影法甲
312	33	-1	-1	230	0	0	9	0	1	150	0	150	0	0	0	0	0	0	1	1	1	1	-1	-1	0	0	1	0	0	1	1	0	-1	0	1	200	0	0	0	0	0	苍穹法甲
313	33	-1	-1	280	0	0	15	0	1	150	0	150	0	0	0	0	0	0	1	1	1	1	-1	-1	0	0	1	0	0	1	1	0	-1	0	1	200	0	0	0	0	0	紫精法袍
314	33	36	-1	440	0	0	8	0	1	150	0	150	0	0	0	0	0	0	1	1	1	1	-1	-1	0	0	1	0	0	1	1	0	-1	0	1	200	0	0	0	0	0	焚天法甲
315	32	-1	-1	1050	0	0	15	0	1	150	0	150	0	0	0	0	0	0	1	1	1	1	-1	-1	0	0	1	0	0	1	1	0	-1	0	1	200	0	0	0	0	0	青炎法甲
316	33	-1	-1	500	0	0	15	0	1	150	0	150	0	0	0	0	0	0	1	1	1	1	-1	-1	0	0	1	0	0	1	1	0	-1	0	1	200	0	0	0	0	0	血祭法甲
317	33	-1	-1	980	0	0	20	0	1	150	0	150	0	0	0	0	0	0	1	1	1	1	-1	-1	0	0	1	0	0	1	1	0	-1	0	1	200	0	0	0	0	0	火龙金魂甲
318	33	-1	-1	760	0	0	15	0	1	150	0	150	0	0	0	0	0	0	1	1	1	1	-1	-1	0	0	1	0	0	1	1	0	-1	0	1	200	0	0	0	0	0	冥光法甲
319	33	-1	-1	700	0	0	15	0	1	150	0	150	0	0	0	0	0	0	1	1	1	1	-1	-1	0	0	1	0	0	1	1	0	-1	0	1	200	0	0	0	0	0	红瘟火蝶甲
320	33	-1	-1	600	0	0	15	0	1	150	0	150	0	0	0	0	0	0	1	1	1	1	-1	-1	0	0	1	0	0	1	1	0	-1	0	1	200	0	0	0	0	0	蓝凰法甲
321	33	-1	-1	900	0	0	15	0	1	150	0	150	0	0	0	0	0	0	1	1	1	1	-1	-1	0	0	1	0	0	1	1	0	-1	0	1	200	0	0	0	0	0	红鹰法袍
322	33	-1	-1	580	0	0	15	0	1	150	0	150	0	0	0	0	0	0	1	1	1	1	-1	-1	0	0	1	0	0	1	1	0	-1	0	1	200	0	0	0	0	0	彩羽披霞甲
323	33	-1	-1	1470	0	0	12	0	1	150	0	150	0	0	0	0	0	0	1	1	1	1	-1	-1	0	0	1	0	0	1	1	0	-1	0	1	200	0	0	0	0	0	黑暗湮灭甲
324	33	-1	-1	1360	0	0	15	0	1	150	0	150	0	0	0	0	0	0	1	1	1	1	-1	-1	0	0	1	0	0	1	1	0	-1	0	1	200	0	0	0	0	0	天启蓝凰甲
325	33	-1	-1	1020	0	0	15	0	1	150	0	150	0	0	0	0	0	0	1	1	1	1	-1	-1	0	0	1	0	0	1	1	0	-1	0	1	200	0	0	0	0	0	黑金辉耀法袍
326	33	-1	-1	820	0	0	10	0	1	150	0	150	0	0	0	0	0	0	1	1	1	1	-1	-1	0	0	1	0	0	1	1	0	-1	0	1	200	0	0	0	0	0	奥义银影甲
327	33	-1	-1	1090	0	0	15	0	1	150	0	150	0	0	0	0	0	0	1	1	1	1	-1	-1	0	0	1	0	0	1	1	0	-1	0	1	200	0	0	0	0	0	柳羽破星法甲
328	32	-1	-1	1010	0	0	16	0	1	150	0	150	0	0	0	0	0	0	1	1	1	1	-1	-1	0	0	1	0	0	1	1	0	-1	0	1	200	0	0	0	0	0	紫劫道甲
329	33	-1	-1	150	0	0	9	0	1	150	0	150	0	0	0	0	0	0	1	1	1	1	-1	-1	0	0	1	0	0	1	1	0	-1	0	1	200	0	0	0	0	0	碎焰道袍
330	32	-1	-1	780	0	0	16	0	1	150	0	150	0	0	0	0	0	0	1	1	1	1	-1	-1	0	0	1	0	0	1	1	0	-1	0	1	200	0	0	0	0	0	葬黛道甲
331	33	-1	-1	210	0	0	9	0	1	150	0	150	0	0	0	0	0	0	1	1	1	1	-1	-1	0	0	1	0	0	1	1	0	-1	0	1	200	0	0	0	0	0	碎芒道甲
332	32	-1	-1	710	0	0	15	0	1	150	0	150	0	0	0	0	0	0	1	1	1	1	-1	-1	0	0	1	0	0	1	1	0	-1	0	1	200	0	0	0	0	0	斩妖道甲
333	32	-1	-1	600	0	0	9	0	1	150	0	150	0	0	0	0	0	0	1	1	1	1	-1	-1	0	0	1	0	0	1	1	0	-1	0	1	200	0	0	0	0	0	乾坤道甲
334	32	-1	-1	930	0	0	15	0	1	150	0	150	0	0	0	0	0	0	1	1	1	1	-1	-1	0	0	1	0	0	1	1	0	-1	0	1	200	0	0	0	0	0	玄幽道袍
335	32	-1	-1	1010	0	0	16	0	1	150	0	150	0	0	0	0	0	0	1	1	1	1	-1	-1	0	0	1	0	0	1	1	0	-1	0	1	200	0	0	0	0	0	紫劫道甲
336	33	-1	-1	380	0	0	40	0	1	150	0	150	0	0	0	0	0	0	1	1	1	1	-1	-1	0	0	1	0	0	1	1	0	-1	0	1	200	0	0	0	0	0	绿灵道甲
337	33	-1	-1	1150	0	0	15	0	1	150	0	150	0	0	0	0	0	0	1	1	1	1	-1	-1	0	0	1	0	0	1	1	0	-1	0	1	200	0	0	0	0	0	冰封道甲
338	32	-1	-1	860	0	0	10	0	1	150	0	150	0	0	0	0	0	0	1	1	1	1	-1	-1	0	0	1	0	0	1	1	0	-1	0	1	200	0	0	0	0	0	绿影道甲
339	33	-1	-1	240	0	0	9	0	1	150	0	150	0	0	0	0	0	0	1	1	1	1	-1	-1	0	0	1	0	0	1	1	0	-1	0	1	200	0	0	0	0	0	万劫道甲
340	33	-1	-1	460	0	0	15	0	1	150	0	150	0	0	0	0	0	0	1	1	1	1	-1	-1	0	0	1	0	0	1	1	0	-1	0	1	200	0	0	0	0	0	绝虚道甲
341	33	-1	-1	180	0	0	10	0	1	150	0	150	0	0	0	0	0	0	1	1	1	1	-1	-1	0	0	1	0	0	1	1	0	-1	0	1	200	0	0	0	0	0	焚龙道甲
342	32	-1	-1	1070	0	0	15	0	1	150	0	150	0	0	0	0	0	0	1	1	1	1	-1	-1	0	0	1	0	0	1	1	0	-1	0	1	200	0	0	0	0	0	绿炎道甲
343	33	-1	-1	520	0	0	15	0	1	150	0	150	0	0	0	0	0	0	1	1	1	1	-1	-1	0	0	1	0	0	1	1	0	-1	0	1	200	0	0	0	0	0	血咒雷陨甲
344	33	-1	-1	1320	0	0	12	0	1	150	0	150	0	0	0	0	0	0	1	1	1	1	-1	-1	0	0	1	0	0	1	1	0	-1	0	1	200	0	0	0	0	0	银龙道灵甲
345	33	-1	-1	740	0	0	15	0	1	150	0	150	0	0	0	0	0	0	1	1	1	1	-1	-1	0	0	1	0	0	1	1	0	-1	0	1	200	0	0	0	0	0	影鸦道甲
346	33	-1	-1	640	0	0	11	0	1	150	0	150	0	0	0	0	0	0	1	1	1	1	-1	-1	0	0	1	0	0	1	1	0	-1	0	1	200	0	0	0	0	0	绿毒翼魔甲
347	33	-1	-1	1340	0	0	15	0	1	150	0	150	0	0	0	0	0	0	1	1	1	1	-1	-1	0	0	1	0	0	1	1	0	-1	0	1	200	0	0	0	0	0	绿棕道甲
348	33	-1	-1	1050	0	0	15	0	1	150	0	150	0	0	0	0	0	0	1	1	1	1	-1	-1	0	0	1	0	0	1	1	0	-1	0	1	200	0	0	0	0	0	蓝星道甲
349	33	-1	-1	560	0	0	15	0	1	150	0	150	0	0	0	0	0	0	1	1	1	1	-1	-1	0	0	1	0	0	1	1	0	-1	0	1	200	0	0	0	0	0	墨羽道甲
350	33	-1	-1	720	0	0	15	0	1	150	0	150	0	0	0	0	0	0	1	1	1	1	-1	-1	0	0	1	0	0	1	1	0	-1	0	1	200	0	0	0	0	0	紫藤天罡甲
351	33	-1	-1	960	0	0	15	0	1	150	0	150	0	0	0	0	0	0	1	1	1	1	-1	-1	0	0	1	0	0	1	1	0	-1	0	1	200	0	0	0	0	0	天命绿龙甲
352	33	-1	-1	1200	0	0	15	0	1	150	0	150	0	0	0	0	0	0	1	1	1	1	-1	-1	0	0	1	0	0	1	1	0	-1	0	1	200	0	0	0	0	0	阴阳异蛛甲
353	33	-1	-1	1130	0	0	16	0	1	150	0	150	0	0	0	0	0	0	1	1	1	1	-1	-1	0	0	1	0	0	1	1	0	-1	0	1	200	0	0	0	0	0	血云真龙甲
354	33	-1	-1	1070	0	0	15	0	1	150	0	150	0	0	0	0	0	0	1	1	1	1	-1	-1	0	0	1	0	0	1	1	0	-1	0	1	200	0	0	0	0	0	逍遥九天甲
355	33	-1	-1	680	0	0	16	0	1	150	0	150	0	0	0	0	0	0	1	1	1	1	-1	-1	0	0	1	0	0	1	1	0	-1	0	1	200	0	0	0	0	0	永恒真龙甲
356	30	-1	-1	650	0	0	10	0	1	150	0	150	0	0	0	0	0	0	1	1	1	1	-1	-1	0	0	1	0	0	1	1	0	-1	0	1	200	0	0	0	0	0	怒斩
357	31	-1	-1	1740	0	0	9	0	1	150	0	150	0	0	0	0	0	0	1	1	1	1	-1	-1	0	0	1	0	0	1	1	0	-1	0	1	200	0	0	0	0	0	流炎破金刀
358	33	-1	-1	130	0	0	9	0	1	150	0	150	0	0	0	0	0	0	1	1	1	1	-1	-1	0	0	1	0	0	1	1	0	-1	0	1	200	0	0	0	0	0	流焰战袍
359	31	-1	-1	1660	0	0	12	0	1	150	0	150	0	0	0	0	0	0	1	1	1	1	-1	-1	0	0	1	0	0	1	1	0	-1	0	1	200	0	0	0	0	0	黑煞金刀
360	31	-1	-1	2000	0	0	12	0	1	150	0	150	0	0	0	0	0	0	1	1	1	1	-1	-1	0	0	1	0	0	1	1	0	-1	0	1	200	0	0	0	0	0	黑金裂空斩
361	30	-1	-1	520	0	0	15	0	1	150	0	150	0	0	0	0	0	0	1	1	1	1	-1	-1	0	0	1	0	0	1	1	0	-1	0	1	200	0	0	0	0	0	浩荡诛仙剑
362	31	-1	-1	620	0	0	9	0	1	150	0	150	0	0	0	0	0	0	1	1	1	1	-1	-1	0	0	1	0	0	1	1	0	-1	0	1	200	0	0	0	0	0	帝星龙骨斩
363	31	-1	-1	1880	0	0	20	0	1	150	0	150	0	0	0	0	0	0	1	1	1	1	-1	-1	0	0	1	0	0	1	1	0	-1	0	1	200	0	0	0	0	0	机械枪刃剑
364	30	-1	-1	380	0	0	15	0	1	150	0	150	0	0	0	0	0	0	1	1	1	1	-1	-1	0	0	1	0	0	1	1	0	-1	0	1	200	0	0	0	0	0	天罚金刀
365	31	39	-1	1920	2400	0	10	0	1	150	0	150	0	0	0	0	0	0	0	1	1	1	-1	-1	0	0	1	0	0	0	1	0	-1	0	1	200	0	0	0	0	0	白帝青龙剑
366	31	-1	-1	1630	0	0	30	0	1	150	0	150	0	0	0	0	0	0	0	1	1	1	-1	-1	0	0	1	0	0	1	1	0	-1	0	1	200	0	0	0	0	0	火蝠金刀
367	30	-1	-1	580	0	0	10	0	1	150	0	150	0	0	0	0	0	0	0	1	1	1	-1	-1	0	0	1	0	0	1	1	0	-1	0	1	200	0	0	0	0	0	黑死剑
368	31	-1	-1	2120	0	0	9	0	1	150	0	150	0	0	0	0	0	0	0	1	1	1	-1	-1	0	0	1	0	0	1	1	0	-1	0	1	200	0	0	0	0	0	神威轮回大剑
369	31	-1	-1	900	0	0	9	0	1	150	0	150	0	0	0	0	0	0	0	1	1	1	-1	-1	0	0	1	0	0	1	1	0	-1	0	1	200	0	0	0	0	0	精绝黄金重剑
370	30	-1	-1	320	0	0	15	0	1	150	0	150	0	0	0	0	0	0	0	1	1	1	-1	-1	0	0	1	0	0	1	1	0	-1	0	1	200	0	0	0	0	0	炎炎浩劫刃
371	31	-1	-1	1160	0	0	20	0	1	150	0	150	0	0	0	0	0	0	0	1	1	1	-1	-1	0	0	1	0	0	1	1	0	-1	0	1	200	0	0	0	0	0	炙热惊雷斧
372	30	-1	-1	750	0	0	20	0	1	150	0	150	0	0	0	0	0	0	0	1	1	1	-1	-1	0	0	1	0	0	1	1	0	-1	0	1	200	0	0	0	0	0	半月血煞刀
373	31	-1	-1	1140	0	0	16	0	1	150	0	150	0	0	0	0	0	0	0	1	1	1	-1	-1	0	0	1	0	0	1	1	0	-1	0	1	200	0	0	0	0	0	九狱凤舞剑
374	31	-1	-1	1440	0	0	12	0	1	150	0	150	0	0	0	0	0	0	0	1	1	1	-1	-1	0	0	1	0	0	1	1	0	-1	0	1	200	0	0	0	0	0	冥王金剑
375	31	-1	-1	1480	0	0	15	0	1	150	0	150	0	0	0	0	0	0	0	1	1	1	-1	-1	0	0	1	0	0	1	1	0	-1	0	1	200	0	0	0	0	0	火疫剑
376	31	-1	-1	1500	0	0	15	0	1	150	0	150	0	0	0	0	0	0	0	1	1	1	-1	-1	0	0	1	0	0	1	1	0	-1	0	1	200	0	0	0	0	0	暗凰剑
377	31	-1	-1	1070	0	0	15	0	1	150	0	150	0	0	0	0	0	0	0	1	1	1	-1	-1	0	0	1	0	0	1	1	0	-1	0	1	200	0	0	0	0	0	黑龙御焱刀
378	31	-1	-1	770	0	0	15	0	1	150	0	150	0	0	0	0	0	0	0	1	1	1	-1	-1	0	0	1	0	0	1	1	0	-1	0	1	200	0	0	0	0	0	冰火灭天斩
379	31	-1	-1	910	0	0	15	0	1	150	0	150	0	0	0	0	0	0	0	1	1	1	-1	-1	0	0	1	0	0	1	1	0	-1	0	1	200	0	0	0	0	0	金墨修罗剑
380	31	-1	-1	1520	0	0	15	0	1	150	0	150	0	0	0	0	0	0	0	1	1	1	-1	-1	0	0	1	0	0	1	1	0	-1	0	1	200	0	0	0	0	0	红凰烈火斩
381	31	-1	-1	1200	0	0	15	0	1	150	0	150	0	0	0	0	0	0	0	1	1	1	-1	-1	0	0	1	0	0	1	1	0	-1	0	1	200	0	0	0	0	0	紫焰玄铁剑
382	31	-1	-1	1260	0	0	9	0	1	150	0	150	0	0	0	0	0	0	0	1	1	1	-1	-1	0	0	1	0	0	1	1	0	-1	0	1	200	0	0	0	0	0	幻彩金刚锥
383	31	-1	-1	1370	0	0	9	0	1	150	0	150	0	0	0	0	0	0	0	1	1	1	-1	-1	0	0	1	0	0	1	1	0	-1	0	1	200	0	0	0	0	0	无畏龙骨剑
384	31	-1	-1	1050	0	0	20	0	1	150	0	150	0	0	0	0	0	0	0	1	1	1	-1	-1	0	0	1	0	0	1	1	0	-1	0	1	200	0	0	0	0	0	究极刀皇刀
385	30	-1	-1	660	0	0	12	0	1	150	0	150	0	0	0	0	0	0	0	1	1	1	-1	-1	0	0	1	0	0	1	1	0	-1	0	1	200	0	0	0	0	0	祈祷之刃
386	31	-1	-1	710	0	0	15	0	1	150	0	150	0	0	0	0	0	0	0	1	1	1	-1	-1	0	0	1	0	0	1	1	1	-1	0	1	200	0	0	0	0	0	蓝焰魔法刃
387	30	-1	-1	420	0	0	12	0	1	150	0	150	0	0	0	0	0	0	0	1	1	1	-1	-1	0	0	1	0	0	1	1	0	-1	0	1	200	0	0	0	0	0	万腐法剑
388	31	-1	-1	2040	0	0	15	0	1	150	0	150	0	0	0	0	0	0	0	1	1	1	-1	-1	0	0	1	0	0	1	1	0	-1	0	1	200	0	0	0	0	0	流银雷电杖
389	30	-1	-1	540	0	0	15	0	1	150	0	150	0	0	0	0	0	0	0	1	1	1	-1	-1	0	0	1	0	0	1	1	0	-1	0	1	200	0	0	0	0	0	血莲驱魔杖
390	31	-1	-1	1850	0	0	10	0	1	150	0	150	0	0	0	0	0	0	0	1	1	1	-1	-1	0	0	1	0	0	1	1	0	-1	0	1	200	0	0	0	0	0	凰彩仙灵剑
391	31	-1	-1	550	0	0	12	0	1	150	0	150	0	0	0	0	0	0	0	1	1	1	-1	-1	0	0	1	0	0	1	1	0	-1	0	1	200	0	0	0	0	0	降魔金刚杵
392	31	-1	-1	1970	0	0	8	0	1	150	0	150	0	0	0	0	0	0	0	1	1	1	-1	-1	0	0	1	0	0	1	1	0	-1	0	1	200	0	0	0	0	0	古凰法杖
393	31	-1	-1	370	0	0	15	0	1	150	0	150	0	0	0	0	0	0	0	1	1	1	-1	-1	0	0	1	0	0	1	1	0	-1	0	1	200	0	0	0	0	0	青冥怒血杖
394	31	-1	-1	850	0	0	15	0	1	150	0	150	0	0	0	0	0	0	0	1	1	1	-1	-1	0	0	1	0	0	1	1	0	-1	0	1	200	0	0	0	0	0	霜九法剑
395	30	-1	-1	590	0	0	10	0	1	150	0	150	0	0	0	0	0	0	0	1	1	1	-1	-1	0	0	1	0	0	1	1	0	-1	0	1	200	0	0	0	0	0	血影剑
396	31	-1	-1	2200	0	0	9	0	1	150	0	150	0	0	0	0	0	0	0	1	1	1	-1	-1	0	0	1	0	0	1	1	0	-1	0	1	200	0	0	0	0	0	苍穹万法剑
397	31	39	-1	440	0	0	10	0	1	150	0	150	0	0	0	0	0	0	0	1	1	1	-1	-1	0	0	1	0	0	0	1	0	-1	0	1	200	0	0	0	0	0	紫精驱魔杖
398	30	-1	-1	830	0	0	8	0	1	150	0	150	0	0	0	0	0	0	0	1	1	1	-1	-1	0	0	1	0	0	1	1	0	-1	0	1	200	0	0	0	0	0	焚天冰火杖
399	31	-1	-1	1180	0	0	15	0	1	150	0	150	0	0	0	0	0	0	0	1	1	1	-1	-1	0	0	1	0	0	1	1	0	-1	0	1	200	0	0	0	0	0	青炎法剑
400	30	-1	-1	810	0	0	15	0	1	150	0	150	0	0	0	0	0	0	0	1	1	1	-1	-1	0	0	1	0	0	1	1	0	-1	0	1	200	0	0	0	0	0	血祭雷陨杖
401	31	-1	-1	1250	0	0	8	0	1	150	0	150	0	0	0	0	0	0	0	1	1	1	-1	-1	0	0	1	0	0	1	1	0	-1	0	1	200	0	0	0	0	0	金龙魂之杖
402	31	-1	-1	1010	0	0	15	0	1	150	0	150	0	0	0	0	0	0	0	1	1	1	-1	-1	0	0	1	0	0	1	1	0	-1	0	1	200	0	0	0	0	0	冥光法刀
403	31	-1	-1	950	0	0	15	0	1	150	0	150	0	0	0	0	0	0	0	1	1	1	-1	-1	0	0	1	0	0	1	1	0	-1	0	1	200	0	0	0	0	0	红瘟剑
404	31	-1	-1	830	0	0	15	0	1	150	0	150	0	0	0	0	0	0	0	1	1	1	-1	-1	0	0	1	0	0	1	1	0	-1	0	1	200	0	0	0	0	0	蓝凰灵剑
405	31	-1	-1	580	0	0	12	0	1	150	0	150	0	0	0	0	0	0	0	1	1	1	-1	-1	0	0	1	0	0	1	1	0	-1	0	1	200	0	0	0	0	0	魔眼法杖
406	31	-1	-1	810	0	0	15	0	1	150	0	150	0	0	0	0	0	0	0	1	1	1	-1	-1	0	0	1	0	0	1	1	0	-1	0	1	200	0	0	0	0	0	双龙权杖
407	31	-1	-1	1660	0	0	12	0	1	150	0	150	0	0	0	0	0	0	0	1	1	1	-1	-1	0	0	1	0	0	1	1	0	-1	0	1	200	0	0	0	0	0	黑云金纹刀
408	31	-1	-1	1570	0	0	15	0	1	150	0	150	0	0	0	0	0	0	0	1	1	1	-1	-1	0	0	1	0	0	1	1	0	-1	0	1	200	0	0	0	0	0	蓝凰元神剑
409	31	-1	-1	1270	0	0	15	0	1	150	0	150	0	0	0	0	0	0	0	1	1	1	-1	-1	0	0	1	0	0	1	1	0	-1	0	1	200	0	0	0	0	0	黑金烧火棍
410	31	-1	-1	1090	0	0	10	0	1	150	0	150	0	0	0	0	0	0	0	1	1	1	-1	-1	0	0	1	0	0	1	1	0	-1	0	1	200	0	0	0	0	0	银影法剑
411	31	-1	-1	1350	0	0	15	0	1	150	0	150	0	0	0	0	0	0	0	1	1	1	-1	-1	0	0	1	0	0	1	1	0	-1	0	1	200	0	0	0	0	0	破星杖
412	31	-1	-1	1290	0	0	16	0	1	150	0	150	0	0	0	0	0	0	0	1	1	1	-1	-1	0	0	1	0	0	1	1	0	-1	0	1	200	0	0	0	0	0	天羽惊奇剑
413	33	-1	-1	1040	0	0	8	0	1	150	0	150	0	0	0	0	0	0	0	1	1	1	-1	-1	0	0	1	0	0	1	1	0	-1	0	1	200	0	0	0	0	0	天羽至高惊奇甲
414	30	-1	-1	680	0	0	10	0	1	150	0	150	0	0	0	0	0	0	0	1	1	1	-1	-1	0	0	1	0	0	1	1	0	-1	0	1	200	0	0	0	0	0	命运之刃
415	30	-1	-1	690	0	0	10	0	1	150	0	150	0	0	0	0	0	0	0	1	1	1	-1	-1	0	0	1	0	0	1	1	0	-1	0	1	200	0	0	0	0	0	赤血
416	31	-1	-1	1750	0	0	20	0	1	150	0	150	0	0	0	0	0	0	0	1	1	1	-1	-1	0	0	1	0	0	1	1	0	-1	0	1	200	0	0	0	0	0	玉龙道剑
417	30	-1	-1	730	0	0	20	0	1	150	0	150	0	0	0	0	0	0	0	1	1	1	-1	-1	0	0	1	0	0	1	1	0	-1	0	1	200	0	0	0	0	0	葬黛蛊刃
418	30	-1	-1	720	0	0	9	0	1	150	0	150	0	0	0	0	0	0	0	1	1	1	-1	-1	0	0	1	0	0	1	1	0	-1	0	1	200	0	0	0	0	0	碎芒道法剑
419	30	-1	-1	560	0	0	15	0	1	150	0	150	0	0	0	0	0	0	0	1	1	1	-1	-1	0	0	1	0	0	1	1	0	-1	0	1	200	0	0	0	0	0	银羽禁咒扇
420	31	-1	-1	570	0	0	9	0	1	150	0	150	0	0	0	0	0	0	0	1	1	1	-1	-1	0	0	1	0	0	1	1	0	-1	0	1	200	0	0	0	0	0	乾坤道术刃
421	30	-1	-1	770	0	0	15	0	1	150	0	150	0	0	0	0	0	0	0	1	1	1	-1	-1	0	0	1	0	0	1	1	0	-1	0	1	200	0	0	0	0	0	玄幽道剑
422	31	-1	-1	2060	0	0	20	0	1	150	0	150	0	0	0	0	0	0	0	1	1	1	-1	-1	0	0	1	0	0	1	1	0	-1	0	1	200	0	0	0	0	0	紫劫道剑
423	31	-1	-1	870	0	0	15	0	1	150	0	150	0	0	0	0	0	0	0	1	1	1	-1	-1	0	0	1	0	0	1	1	0	-1	0	1	200	0	0	0	0	0	绿灵卫道刃
424	31	-1	-1	1380	0	0	15	0	1	150	0	150	0	0	0	0	0	0	0	1	1	1	-1	-1	0	0	1	0	0	1	1	0	-1	0	1	200	0	0	0	0	0	冰封道剑
425	30	-1	-1	600	0	0	25	0	1	150	0	150	0	0	0	0	0	0	0	1	1	1	-1	-1	0	0	1	0	0	1	1	0	-1	0	1	200	0	0	0	0	0	绿岚道剑
426	31	-1	-1	2180	0	0	12	0	1	150	0	150	0	0	0	0	0	0	0	1	1	1	-1	-1	0	0	1	0	0	1	1	0	-1	0	1	200	0	0	0	0	0	万劫天道剑
427	31	-1	-1	410	0	0	25	0	1	150	0	150	0	0	0	0	0	0	0	1	1	1	-1	-1	0	0	1	0	0	1	1	0	-1	0	1	200	0	0	0	0	0	虚绝索魂鞭
428	31	-1	-1	1700	0	0	18	0	1	150	0	150	0	0	0	0	0	0	0	1	1	1	-1	-1	0	0	1	0	0	1	1	0	-1	0	1	200	0	0	0	0	0	焚燃道法刀
429	31	-1	-1	2130	0	0	20	0	1	150	0	150	0	0	0	0	0	0	0	1	1	1	-1	-1	0	0	1	0	0	1	1	0	-1	0	1	200	0	0	0	0	0	血腥道锥
430	30	-1	-1	790	0	0	15	0	1	150	0	150	0	0	0	0	0	0	0	1	1	1	-1	-1	0	0	1	0	0	1	1	0	-1	0	1	200	0	0	0	0	0	血咒无极扇
431	31	-1	-1	1540	0	0	8	0	1	150	0	150	0	0	0	0	0	0	0	1	1	1	-1	-1	0	0	1	0	0	1	1	0	-1	0	1	200	0	0	0	0	0	灵之银魂剑
432	31	-1	-1	990	0	0	15	0	1	150	0	150	0	0	0	0	0	0	0	1	1	1	-1	-1	0	0	1	0	0	1	1	0	-1	0	1	200	0	0	0	0	0	影鸦道剑
433	31	-1	-1	890	0	0	10	0	1	150	0	150	0	0	0	0	0	0	0	1	1	1	-1	-1	0	0	1	0	0	1	1	0	-1	0	1	200	0	0	0	0	0	绿毒道咒剑
434	31	-1	-1	1550	0	0	15	0	1	150	0	150	0	0	0	0	0	0	0	1	1	1	-1	-1	0	0	1	0	0	1	1	0	-1	0	1	200	0	0	0	0	0	绿棕道剑
435	31	-1	-1	1810	0	0	18	0	1	150	0	150	0	0	0	0	0	0	0	1	1	1	-1	-1	0	0	1	0	0	1	1	0	-1	0	1	200	0	0	0	0	0	蓝星道剑
436	31	-1	-1	790	0	0	15	0	1	150	0	150	0	0	0	0	0	0	0	1	1	1	-1	-1	0	0	1	0	0	1	1	0	-1	0	1	200	0	0	0	0	0	凰骨逍遥扇
437	31	-1	-1	970	0	0	15	0	1	150	0	150	0	0	0	0	0	0	0	1	1	1	-1	-1	0	0	1	0	0	1	1	0	-1	0	1	200	0	0	0	0	0	紫焰符道剑
438	31	-1	-1	1230	0	0	15	0	1	150	0	150	0	0	0	0	0	0	0	1	1	1	-1	-1	0	0	1	0	0	1	1	0	-1	0	1	200	0	0	0	0	0	绿龙逆鳞剑
439	31	-1	-1	1420	0	0	15	0	1	150	0	150	0	0	0	0	0	0	0	1	1	1	-1	-1	0	0	1	0	0	1	1	0	-1	0	1	200	0	0	0	0	0	阴阳道剑
440	31	-1	-1	730	0	0	10	0	1	150	0	150	0	0	0	0	0	0	0	1	1	1	-1	-1	0	0	1	0	0	1	1	0	-1	0	1	200	0	0	0	0	0	血色双龙刺
441	31	-1	-1	1330	0	0	15	0	1	150	0	150	0	0	0	0	0	0	0	1	1	1	-1	-1	0	0	1	0	0	1	1	0	-1	0	1	200	0	0	0	0	0	逍遥九天剑
442	31	-1	-1	1400	0	0	12	0	1	150	0	150	0	0	0	0	0	0	0	1	1	1	-1	-1	0	0	1	0	0	1	1	0	-1	0	1	200	0	0	0	0	0	永恒惊凰剑
443	34	-1	-1	0	0	0	25	0	1	150	0	200	0	0	0	0	0	0	0	1	1	1	-1	-1	0	0	1	0	0	1	1	0	-1	0	1	200	0	0	0	0	0	圣战头盔
444	34	-1	-1	25	0	0	25	0	1	150	0	200	0	0	0	0	0	0	0	1	1	1	-1	-1	0	0	1	0	0	1	1	0	-1	0	1	200	0	0	0	0	0	圣战手镯
445	34	-1	-1	50	0	0	25	0	1	150	0	200	0	0	0	0	0	0	0	1	1	1	-1	-1	0	0	1	0	0	1	1	0	-1	0	1	200	0	0	0	0	0	圣战戒指
446	34	-1	-1	75	0	0	25	0	1	150	0	200	0	0	0	0	0	0	0	1	1	1	-1	-1	0	0	1	0	0	1	1	0	-1	0	1	200	0	0	0	0	0	圣战项链
447	34	-1	-1	100	0	0	25	0	1	150	0	200	0	0	0	0	0	0	0	1	1	1	-1	-1	0	0	1	0	0	1	1	0	-1	0	1	200	0	0	0	0	0	圣战腰带
448	34	-1	-1	125	0	0	25	0	1	150	0	200	0	0	0	0	0	0	0	1	1	1	-1	-1	0	0	1	0	0	1	1	0	-1	0	1	200	0	0	0	0	0	圣战靴子
449	34	-1	-1	150	0	0	25	0	1	150	0	200	0	0	0	0	0	0	0	1	1	1	-1	-1	0	0	1	0	0	1	1	0	-1	0	1	200	0	0	0	0	0	法神护臂
450	34	-1	-1	175	0	0	25	0	1	150	0	200	0	0	0	0	0	0	0	1	1	1	-1	-1	0	0	1	0	0	1	1	0	-1	0	1	200	0	0	0	0	0	法神戒指    
451	34	-1	-1	200	0	0	25	0	1	150	0	200	0	0	0	0	0	0	0	1	1	1	-1	-1	0	0	1	0	0	1	1	0	-1	0	1	200	0	0	0	0	0	法神项链
452	34	-1	-1	225	0	0	25	0	1	150	0	200	0	0	0	0	0	0	0	1	1	1	-1	-1	0	0	1	0	0	1	1	0	-1	0	1	200	0	0	0	0	0	法神腰带
453	34	-1	-1	250	0	0	25	0	1	150	0	200	0	0	0	0	0	0	0	1	1	1	-1	-1	0	0	1	0	0	1	1	0	-1	0	1	200	0	0	0	0	0	法神靴子
454	34	-1	-1	275	0	0	25	0	1	150	0	200	0	0	0	0	0	0	0	1	1	1	-1	-1	0	0	1	0	0	1	1	0	-1	0	1	200	0	0	0	0	0	法神头盔
455	34	-1	-1	300	0	0	25	0	1	150	0	200	0	0	0	0	0	0	0	1	1	1	-1	-1	0	0	1	0	0	1	1	0	-1	0	1	200	0	0	0	0	0	天尊头盔
456	34	-1	-1	325	0	0	25	0	1	150	0	200	0	0	0	0	0	0	0	1	1	1	-1	-1	0	0	1	0	0	1	1	0	-1	0	1	200	0	0	0	0	0	天尊手镯
457	34	-1	-1	350	0	0	25	0	1	150	0	200	0	0	0	0	0	0	0	1	1	1	-1	-1	0	0	1	0	0	1	1	0	-1	0	1	200	0	0	0	0	0	天尊戒指
458	34	-1	-1	375	0	0	25	0	1	150	0	200	0	0	0	0	0	0	0	1	1	1	-1	-1	0	0	1	0	0	1	1	0	-1	0	1	200	0	0	0	0	0	天尊项链
459	34	-1	-1	400	0	0	25	0	1	150	0	200	0	0	0	0	0	0	0	1	1	1	-1	-1	0	0	1	0	0	1	1	0	-1	0	1	200	0	0	0	0	0	天尊腰带
460	34	-1	-1	425	0	0	25	0	1	150	0	200	0	0	0	0	0	0	0	1	1	1	-1	-1	0	0	1	0	0	1	1	0	-1	0	1	200	0	0	0	0	0	天尊靴子
461	34	-1	-1	11290	0	0	12	0	1	150	0	200	0	0	0	0	0	0	0	1	1	1	-1	-1	0	0	1	0	0	1	1	0	-1	0	1	200	0	0	0	0	0	雷霆戒指
462	34	-1	-1	11310	0	0	12	0	1	150	0	200	0	0	0	0	0	0	0	1	1	1	-1	-1	0	0	1	0	0	1	1	0	-1	0	1	200	0	0	0	0	0	雷霆战盔
463	34	-1	-1	11330	0	0	12	0	1	150	0	200	0	0	0	0	0	0	0	1	1	1	-1	-1	0	0	1	0	0	1	1	0	-1	0	1	200	0	0	0	0	0	雷霆护臂
464	34	-1	-1	11350	0	0	12	0	1	150	0	200	0	0	0	0	0	0	0	1	1	1	-1	-1	0	0	1	0	0	1	1	0	-1	0	1	200	0	0	0	0	0	雷霆项链
465	34	-1	-1	11370	0	0	12	0	1	150	0	200	0	0	0	0	0	0	0	1	1	1	-1	-1	0	0	1	0	0	1	1	0	-1	0	1	200	0	0	0	0	0	雷霆战靴
466	34	-1	-1	11390	0	0	12	0	1	150	0	200	0	0	0	0	0	0	0	1	1	1	-1	-1	0	0	1	0	0	1	1	0	-1	0	1	200	0	0	0	0	0	雷霆战带
467	34	-1	-1	11410	0	0	12	0	1	150	0	200	0	0	0	0	0	0	0	1	1	1	-1	-1	0	0	1	0	0	1	1	0	-1	0	1	200	0	0	0	0	0	烈焰法盔
468	34	-1	-1	11430	0	0	12	0	1	150	0	200	0	0	0	0	0	0	0	1	1	1	-1	-1	0	0	1	0	0	1	1	0	-1	0	1	200	0	0	0	0	0	烈焰项链
469	34	-1	-1	11450	0	0	12	0	1	150	0	200	0	0	0	0	0	0	0	1	1	1	-1	-1	0	0	1	0	0	1	1	0	-1	0	1	200	0	0	0	0	0	烈焰护臂
470	34	-1	-1	11470	0	0	12	0	1	150	0	200	0	0	0	0	0	0	0	1	1	1	-1	-1	0	0	1	0	0	1	1	0	-1	0	1	200	0	0	0	0	0	烈焰戒指
471	34	-1	-1	11490	0	0	12	0	1	150	0	200	0	0	0	0	0	0	0	1	1	1	-1	-1	0	0	1	0	0	1	1	0	-1	0	1	200	0	0	0	0	0	烈焰法带
472	34	-1	-1	11510	0	0	12	0	1	150	0	200	0	0	0	0	0	0	0	1	1	1	-1	-1	0	0	1	0	0	1	1	0	-1	0	1	200	0	0	0	0	0	烈焰法靴
473	34	-1	-1	11530	0	0	12	0	1	150	0	200	0	0	0	0	0	0	0	1	1	1	-1	-1	0	0	1	0	0	1	1	0	-1	0	1	200	0	0	0	0	0	光芒护臂
474	34	-1	-1	11550	0	0	12	0	1	150	0	200	0	0	0	0	0	0	0	1	1	1	-1	-1	0	0	1	0	0	1	1	0	-1	0	1	200	0	0	0	0	0	光芒戒指
475	34	-1	-1	11570	0	0	12	0	1	150	0	200	0	0	0	0	0	0	0	1	1	1	-1	-1	0	0	1	0	0	1	1	0	-1	0	1	200	0	0	0	0	0	光芒道盔
476	34	-1	-1	11590	0	0	12	0	1	150	0	200	0	0	0	0	0	0	0	1	1	1	-1	-1	0	0	1	0	0	1	1	0	-1	0	1	200	0	0	0	0	0	光芒项链
477	34	-1	-1	11610	0	0	12	0	1	150	0	200	0	0	0	0	0	0	0	1	1	1	-1	-1	0	0	1	0	0	1	1	0	-1	0	1	200	0	0	0	0	0	光芒道靴
478	34	-1	-1	11630	0	0	12	0	1	150	0	200	0	0	0	0	0	0	0	1	1	1	-1	-1	0	0	1	0	0	1	1	0	-1	0	1	200	0	0	0	0	0	光芒道带
479	34	-1	-1	11650	0	0	12	0	1	150	0	200	0	0	0	0	0	0	0	1	1	1	-1	-1	0	0	1	0	0	1	1	0	-1	0	1	200	0	0	0	0	0	金曜戒指
480	34	-1	-1	11670	0	0	12	0	1	150	0	200	0	0	0	0	0	0	0	1	1	1	-1	-1	0	0	1	0	0	1	1	0	-1	0	1	200	0	0	0	0	0	金曜战盔
481	34	-1	-1	11690	0	0	12	0	1	150	0	200	0	0	0	0	0	0	0	1	1	1	-1	-1	0	0	1	0	0	1	1	0	-1	0	1	200	0	0	0	0	0	金曜项链
482	34	-1	-1	11710	0	0	12	0	1	150	0	200	0	0	0	0	0	0	0	1	1	1	-1	-1	0	0	1	0	0	1	1	0	-1	0	1	200	0	0	0	0	0	金曜靴子
483	34	-1	-1	11730	0	0	12	0	1	150	0	200	0	0	0	0	0	0	0	1	1	1	-1	-1	0	0	1	0	0	1	1	0	-1	0	1	200	0	0	0	0	0	金曜战带
484	34	-1	-1	11750	0	0	12	0	1	150	0	200	0	0	0	0	0	0	0	1	1	1	-1	-1	0	0	1	0	0	1	1	0	-1	0	1	200	0	0	0	0	0	金曜手镯
485	34	-1	-1	11770	0	0	12	0	1	150	0	200	0	0	0	0	0	0	0	1	1	1	-1	-1	0	0	1	0	0	1	1	0	-1	0	1	200	0	0	0	0	0	金莲戒指
486	34	-1	-1	11790	0	0	12	0	1	150	0	200	0	0	0	0	0	0	0	1	1	1	-1	-1	0	0	1	0	0	1	1	0	-1	0	1	200	0	0	0	0	0	金莲头盔
487	34	-1	-1	11810	0	0	12	0	1	150	0	200	0	0	0	0	0	0	0	1	1	1	-1	-1	0	0	1	0	0	1	1	0	-1	0	1	200	0	0	0	0	0	金莲项链
488	34	-1	-1	11830	0	0	12	0	1	150	0	200	0	0	0	0	0	0	0	1	1	1	-1	-1	0	0	1	0	0	1	1	0	-1	0	1	200	0	0	0	0	0	金莲法靴
489	34	-1	-1	11850	0	0	12	0	1	150	0	200	0	0	0	0	0	0	0	1	1	1	-1	-1	0	0	1	0	0	1	1	0	-1	0	1	200	0	0	0	0	0	金莲法带
490	34	-1	-1	11870	0	0	12	0	1	150	0	200	0	0	0	0	0	0	0	1	1	1	-1	-1	0	0	1	0	0	1	1	0	-1	0	1	200	0	0	0	0	0	金莲手镯
491	34	-1	-1	11890	0	0	12	0	1	150	0	200	0	0	0	0	0	0	0	1	1	1	-1	-1	0	0	1	0	0	1	1	0	-1	0	1	200	0	0	0	0	0	金焰头盔
492	34	-1	-1	11910	0	0	12	0	1	150	0	200	0	0	0	0	0	0	0	1	1	1	-1	-1	0	0	1	0	0	1	1	0	-1	0	1	200	0	0	0	0	0	金焰项链
493	34	-1	-1	11930	0	0	12	0	1	150	0	200	0	0	0	0	0	0	0	1	1	1	-1	-1	0	0	1	0	0	1	1	0	-1	0	1	200	0	0	0	0	0	金焰手镯
494	34	-1	-1	11950	0	0	12	0	1	150	0	200	0	0	0	0	0	0	0	1	1	1	-1	-1	0	0	1	0	0	1	1	0	-1	0	1	200	0	0	0	0	0	金焰戒指
495	34	-1	-1	11970	0	0	12	0	1	150	0	200	0	0	0	0	0	0	0	1	1	1	-1	-1	0	0	1	0	0	1	1	0	-1	0	1	200	0	0	0	0	0	金焰道带
496	34	-1	-1	11990	0	0	12	0	1	150	0	200	0	0	0	0	0	0	0	1	1	1	-1	-1	0	0	1	0	0	1	1	0	-1	0	1	200	0	0	0	0	0	金焰道靴
497	34	-1	-1	12010	0	0	12	0	1	150	0	200	0	0	0	0	0	0	0	1	1	1	-1	-1	0	0	1	0	0	1	1	0	-1	0	1	200	0	0	0	0	0	血金手镯
498	34	-1	-1	12030	0	0	12	0	1	150	0	200	0	0	0	0	0	0	0	1	1	1	-1	-1	0	0	1	0	0	1	1	0	-1	0	1	200	0	0	0	0	0	血金戒指
499	34	-1	-1	12050	0	0	12	0	1	150	0	200	0	0	0	0	0	0	0	1	1	1	-1	-1	0	0	1	0	0	1	1	0	-1	0	1	200	0	0	0	0	0	血金战盔
500	34	-1	-1	12070	0	0	12	0	1	150	0	200	0	0	0	0	0	0	0	1	1	1	-1	-1	0	0	1	0	0	1	1	0	-1	0	1	200	0	0	0	0	0	血金项链
501	34	-1	-1	12090	0	0	12	0	1	150	0	200	0	0	0	0	0	0	0	1	1	1	-1	-1	0	0	1	0	0	1	1	0	-1	0	1	200	0	0	0	0	0	血金战靴
502	34	-1	-1	12110	0	0	12	0	1	150	0	200	0	0	0	0	0	0	0	1	1	1	-1	-1	0	0	1	0	0	1	1	0	-1	0	1	200	0	0	0	0	0	血金战带
503	34	-1	-1	12130	0	0	12	0	1	150	0	200	0	0	0	0	0	0	0	1	1	1	-1	-1	0	0	1	0	0	1	1	0	-1	0	1	200	0	0	0	0	0	金鳞法盔
504	34	-1	-1	12150	0	0	12	0	1	150	0	200	0	0	0	0	0	0	0	1	1	1	-1	-1	0	0	1	0	0	1	1	0	-1	0	1	200	0	0	0	0	0	金鳞项链
505	34	-1	-1	12170	0	0	12	0	1	150	0	200	0	0	0	0	0	0	0	1	1	1	-1	-1	0	0	1	0	0	1	1	0	-1	0	1	200	0	0	0	0	0	金鳞手镯
506	34	-1	-1	12190	0	0	12	0	1	150	0	200	0	0	0	0	0	0	0	1	1	1	-1	-1	0	0	1	0	0	1	1	0	-1	0	1	200	0	0	0	0	0	金鳞戒指
507	34	-1	-1	12210	0	0	12	0	1	150	0	200	0	0	0	0	0	0	0	1	1	1	-1	-1	0	0	1	0	0	1	1	0	-1	0	1	200	0	0	0	0	0	金鳞法带
508	34	-1	-1	12230	0	0	12	0	1	150	0	200	0	0	0	0	0	0	0	1	1	1	-1	-1	0	0	1	0	0	1	1	0	-1	0	1	200	0	0	0	0	0	金鳞法靴
509	34	-1	-1	12250	0	0	12	0	1	150	0	200	0	0	0	0	0	0	0	1	1	1	-1	-1	0	0	1	0	0	1	1	0	-1	0	1	200	0	0	0	0	0	星幽头盔
510	34	-1	-1	12270	0	0	12	0	1	150	0	200	0	0	0	0	0	0	0	1	1	1	-1	-1	0	0	1	0	0	1	1	0	-1	0	1	200	0	0	0	0	0	星幽项链
511	34	-1	-1	12290	0	0	12	0	1	150	0	200	0	0	0	0	0	0	0	1	1	1	-1	-1	0	0	1	0	0	1	1	0	-1	0	1	200	0	0	0	0	0	星幽手镯
512	34	-1	-1	12310	0	0	12	0	1	150	0	200	0	0	0	0	0	0	0	1	1	1	-1	-1	0	0	1	0	0	1	1	0	-1	0	1	200	0	0	0	0	0	星幽戒指
513	34	-1	-1	12330	0	0	12	0	1	150	0	200	0	0	0	0	0	0	0	1	1	1	-1	-1	0	0	1	0	0	1	1	0	-1	0	1	200	0	0	0	0	0	星幽道带
514	34	-1	-1	12350	0	0	12	0	1	150	0	200	0	0	0	0	0	0	0	1	1	1	-1	-1	0	0	1	0	0	1	1	0	-1	0	1	200	0	0	0	0	0	星幽道靴
515	34	-1	-1	1800	0	0	25	0	1	150	0	200	0	0	0	0	0	0	0	1	1	1	-1	-1	0	0	1	0	0	1	1	0	-1	0	1	200	0	0	0	0	0	虎啸战带
516	34	-1	-1	1825	0	0	25	0	1	150	0	200	0	0	0	0	0	0	0	1	1	1	-1	-1	0	0	1	0	0	1	1	0	-1	0	1	200	0	0	0	0	0	虎啸战靴
517	34	-1	-1	1850	0	0	25	0	1	150	0	200	0	0	0	0	0	0	0	1	1	1	-1	-1	0	0	1	0	0	1	1	0	-1	0	1	200	0	0	0	0	0	虎啸战盔
518	34	-1	-1	1875	0	0	25	0	1	150	0	200	0	0	0	0	0	0	0	1	1	1	-1	-1	0	0	1	0	0	1	1	0	-1	0	1	200	0	0	0	0	0	虎啸戒指
519	34	-1	-1	1900	0	0	25	0	1	150	0	200	0	0	0	0	0	0	0	1	1	1	-1	-1	0	0	1	0	0	1	1	0	-1	0	1	200	0	0	0	0	0	虎啸手镯
520	34	-1	-1	1925	0	0	25	0	1	150	0	200	0	0	0	0	0	0	0	1	1	1	-1	-1	0	0	1	0	0	1	1	0	-1	0	1	200	0	0	0	0	0	虎啸项链
521	34	-1	-1	1950	0	0	25	0	1	150	0	200	0	0	0	0	0	0	0	1	1	1	-1	-1	0	0	1	0	0	1	1	0	-1	0	1	200	0	0	0	0	0	凤吟法带
522	34	-1	-1	1975	0	0	25	0	1	150	0	200	0	0	0	0	0	0	0	1	1	1	-1	-1	0	0	1	0	0	1	1	0	-1	0	1	200	0	0	0	0	0	凤吟法靴    
523	34	-1	-1	2000	0	0	25	0	1	150	0	200	0	0	0	0	0	0	0	1	1	1	-1	-1	0	0	1	0	0	1	1	0	-1	0	1	200	0	0	0	0	0	凤吟头盔
524	34	-1	-1	2025	0	0	25	0	1	150	0	200	0	0	0	0	0	0	0	1	1	1	-1	-1	0	0	1	0	0	1	1	0	-1	0	1	200	0	0	0	0	0	凤吟戒指
525	34	-1	-1	2050	0	0	25	0	1	150	0	200	0	0	0	0	0	0	0	1	1	1	-1	-1	0	0	1	0	0	1	1	0	-1	0	1	200	0	0	0	0	0	凤吟手镯
526	34	-1	-1	2075	0	0	25	0	1	150	0	200	0	0	0	0	0	0	0	1	1	1	-1	-1	0	0	1	0	0	1	1	0	-1	0	1	200	0	0	0	0	0	凤吟项链
527	34	-1	-1	2100	0	0	25	0	1	150	0	200	0	0	0	0	0	0	0	1	1	1	-1	-1	0	0	1	0	0	1	1	0	-1	0	1	200	0	0	0	0	0	狐鸣道带
528	34	-1	-1	2125	0	0	25	0	1	150	0	200	0	0	0	0	0	0	0	1	1	1	-1	-1	0	0	1	0	0	1	1	0	-1	0	1	200	0	0	0	0	0	狐鸣道靴
529	34	-1	-1	2150	0	0	25	0	1	150	0	200	0	0	0	0	0	0	0	1	1	1	-1	-1	0	0	1	0	0	1	1	0	-1	0	1	200	0	0	0	0	0	狐鸣手镯
530	34	-1	-1	2175	0	0	25	0	1	150	0	200	0	0	0	0	0	0	0	1	1	1	-1	-1	0	0	1	0	0	1	1	0	-1	0	1	200	0	0	0	0	0	狐鸣戒指
531	34	-1	-1	2200	0	0	25	0	1	150	0	200	0	0	0	0	0	0	0	1	1	1	-1	-1	0	0	1	0	0	1	1	0	-1	0	1	200	0	0	0	0	0	狐鸣道盔
532	34	-1	-1	2225	0	0	25	0	1	150	0	200	0	0	0	0	0	0	0	1	1	1	-1	-1	0	0	1	0	0	1	1	0	-1	0	1	200	0	0	0	0	0	狐鸣项链
533	34	-1	-1	900	0	0	25	0	1	150	0	200	0	0	0	0	0	0	0	1	1	1	-1	-1	0	0	1	0	0	1	1	0	-1	0	1	200	0	0	0	0	0	雷火战带
534	34	-1	-1	925	0	0	25	0	1	150	0	200	0	0	0	0	0	0	0	1	1	1	-1	-1	0	0	1	0	0	1	1	0	-1	0	1	200	0	0	0	0	0	雷火战靴
535	34	-1	-1	950	0	0	25	0	1	150	0	200	0	0	0	0	0	0	0	1	1	1	-1	-1	0	0	1	0	0	1	1	0	-1	0	1	200	0	0	0	0	0	雷火戒指
536	34	-1	-1	975	0	0	25	0	1	150	0	200	0	0	0	0	0	0	0	1	1	1	-1	-1	0	0	1	0	0	1	1	0	-1	0	1	200	0	0	0	0	0	雷火手镯
537	34	-1	-1	1000	0	0	25	0	1	150	0	200	0	0	0	0	0	0	0	1	1	1	-1	-1	0	0	1	0	0	1	1	0	-1	0	1	200	0	0	0	0	0	雷火战盔
538	34	-1	-1	1025	0	0	25	0	1	150	0	200	0	0	0	0	0	0	0	1	1	1	-1	-1	0	0	1	0	0	1	1	0	-1	0	1	200	0	0	0	0	0	雷火项链
539	34	-1	-1	1050	0	0	25	0	1	150	0	200	0	0	0	0	0	0	0	1	1	1	-1	-1	0	0	1	0	0	1	1	0	-1	0	1	200	0	0	0	0	0	紫月法带
540	34	-1	-1	1075	0	0	25	0	1	150	0	200	0	0	0	0	0	0	0	1	1	1	-1	-1	0	0	1	0	0	1	1	0	-1	0	1	200	0	0	0	0	0	紫月法靴
541	34	-1	-1	1100	0	0	25	0	1	150	0	200	0	0	0	0	0	0	0	1	1	1	-1	-1	0	0	1	0	0	1	1	0	-1	0	1	200	0	0	0	0	0	紫月戒指
542	34	-1	-1	1125	0	0	25	0	1	150	0	200	0	0	0	0	0	0	0	1	1	1	-1	-1	0	0	1	0	0	1	1	0	-1	0	1	200	0	0	0	0	0	紫月手镯
543	34	-1	-1	1150	0	0	25	0	1	150	0	200	0	0	0	0	0	0	0	1	1	1	-1	-1	0	0	1	0	0	1	1	0	-1	0	1	200	0	0	0	0	0	紫月项链
544	34	-1	-1	1175	0	0	25	0	1	150	0	200	0	0	0	0	0	0	0	1	1	1	-1	-1	0	0	1	0	0	1	1	0	-1	0	1	200	0	0	0	0	0	紫月法盔
545	34	-1	-1	1200	0	0	25	0	1	150	0	200	0	0	0	0	0	0	0	1	1	1	-1	-1	0	0	1	0	0	1	1	0	-1	0	1	200	0	0	0	0	0	冷星道带
546	34	-1	-1	1225	0	0	25	0	1	150	0	200	0	0	0	0	0	0	0	1	1	1	-1	-1	0	0	1	0	0	1	1	0	-1	0	1	200	0	0	0	0	0	冷星道靴
547	34	-1	-1	1250	0	0	25	0	1	150	0	200	0	0	0	0	0	0	0	1	1	1	-1	-1	0	0	1	0	0	1	1	0	-1	0	1	200	0	0	0	0	0	冷星戒指
548	34	-1	-1	1275	0	0	25	0	1	150	0	200	0	0	0	0	0	0	0	1	1	1	-1	-1	0	0	1	0	0	1	1	0	-1	0	1	200	0	0	0	0	0	冷星手镯
549	34	-1	-1	1300	0	0	25	0	1	150	0	200	0	0	0	0	0	0	0	1	1	1	-1	-1	0	0	1	0	0	1	1	0	-1	0	1	200	0	0	0	0	0	冷星项链
550	34	-1	-1	1325	0	0	25	0	1	150	0	200	0	0	0	0	0	0	0	1	1	1	-1	-1	0	0	1	0	0	1	1	0	-1	0	1	200	0	0	0	0	0	冷星道盔
551	34	-1	-1	12490	0	0	12	0	1	150	0	200	0	0	0	0	0	0	0	1	1	1	-1	-1	0	0	1	0	0	1	1	0	-1	0	1	200	0	0	0	0	0	金煌战盔
552	34	-1	-1	12510	0	0	12	0	1	150	0	200	0	0	0	0	0	0	0	1	1	1	-1	-1	0	0	1	0	0	1	1	0	-1	0	1	200	0	0	0	0	0	金煌项链
553	34	-1	-1	12530	0	0	12	0	1	150	0	200	0	0	0	0	0	0	0	1	1	1	-1	-1	0	0	1	0	0	1	1	0	-1	0	1	200	0	0	0	0	0	金煌护臂
554	34	-1	-1	12550	0	0	12	0	1	150	0	200	0	0	0	0	0	0	0	1	1	1	-1	-1	0	0	1	0	0	1	1	0	-1	0	1	200	0	0	0	0	0	金煌戒指
555	34	-1	-1	12570	0	0	12	0	1	150	0	200	0	0	0	0	0	0	0	1	1	1	-1	-1	0	0	1	0	0	1	1	0	-1	0	1	200	0	0	0	0	0	金煌战带
556	34	-1	-1	12590	0	0	12	0	1	150	0	200	0	0	0	0	0	0	0	1	1	1	-1	-1	0	0	1	0	0	1	1	0	-1	0	1	200	0	0	0	0	0	金煌战靴
557	34	-1	-1	12610	0	0	12	0	1	150	0	200	0	0	0	0	0	0	0	1	1	1	-1	-1	0	0	1	0	0	1	1	0	-1	0	1	200	0	0	0	0	0	星芒法盔
558	34	-1	-1	12630	0	0	12	0	1	150	0	200	0	0	0	0	0	0	0	1	1	1	-1	-1	0	0	1	0	0	1	1	0	-1	0	1	200	0	0	0	0	0	星芒项链
559	34	-1	-1	12650	0	0	12	0	1	150	0	200	0	0	0	0	0	0	0	1	1	1	-1	-1	0	0	1	0	0	1	1	0	-1	0	1	200	0	0	0	0	0	星芒护臂
560	34	-1	-1	12670	0	0	12	0	1	150	0	200	0	0	0	0	0	0	0	1	1	1	-1	-1	0	0	1	0	0	1	1	0	-1	0	1	200	0	0	0	0	0	星芒戒指
561	34	-1	-1	12690	0	0	12	0	1	150	0	200	0	0	0	0	0	0	0	1	1	1	-1	-1	0	0	1	0	0	1	1	0	-1	0	1	200	0	0	0	0	0	星芒腰带
562	34	-1	-1	12710	0	0	12	0	1	150	0	200	0	0	0	0	0	0	0	1	1	1	-1	-1	0	0	1	0	0	1	1	0	-1	0	1	200	0	0	0	0	0	星芒法靴
563	34	-1	-1	12370	0	0	12	0	1	150	0	200	0	0	0	0	0	0	0	1	1	1	-1	-1	0	0	1	0	0	1	1	0	-1	0	1	200	0	0	0	0	0	紫虚护臂
564	34	-1	-1	12390	0	0	12	0	1	150	0	200	0	0	0	0	0	0	0	1	1	1	-1	-1	0	0	1	0	0	1	1	0	-1	0	1	200	0	0	0	0	0	紫虚戒指
565	34	-1	-1	12410	0	0	12	0	1	150	0	200	0	0	0	0	0	0	0	1	1	1	-1	-1	0	0	1	0	0	1	1	0	-1	0	1	200	0	0	0	0	0	紫虚道盔
566	34	-1	-1	12430	0	0	12	0	1	150	0	200	0	0	0	0	0	0	0	1	1	1	-1	-1	0	0	1	0	0	1	1	0	-1	0	1	200	0	0	0	0	0	紫虚项链
567	34	-1	-1	12450	0	0	12	0	1	150	0	200	0	0	0	0	0	0	0	1	1	1	-1	-1	0	0	1	0	0	1	1	0	-1	0	1	200	0	0	0	0	0	紫虚道靴
568	34	-1	-1	12470	0	0	12	0	1	150	0	200	0	0	0	0	0	0	0	1	1	1	-1	-1	0	0	1	0	0	1	1	0	-1	0	1	200	0	0	0	0	0	紫虚道带
569	34	-1	-1	12730	0	0	8	0	1	150	0	200	0	0	0	0	0	0	0	1	1	1	-1	-1	0	0	1	0	0	1	1	0	-1	0	1	200	0	0	0	0	0	天龙战盔
570	34	-1	-1	12740	0	0	8	0	1	150	0	200	0	0	0	0	0	0	0	1	1	1	-1	-1	0	0	1	0	0	1	1	0	-1	0	1	200	0	0	0	0	0	天龙项链
571	34	-1	-1	12750	0	0	8	0	1	150	0	200	0	0	0	0	0	0	0	1	1	1	-1	-1	0	0	1	0	0	1	1	0	-1	0	1	200	0	0	0	0	0	天龙戒指
572	34	-1	-1	12760	0	0	8	0	1	150	0	200	0	0	0	0	0	0	0	1	1	1	-1	-1	0	0	1	0	0	1	1	0	-1	0	1	200	0	0	0	0	0	天龙手镯
573	34	-1	-1	12770	0	0	8	0	1	150	0	200	0	0	0	0	0	0	0	1	1	1	-1	-1	0	0	1	0	0	1	1	0	-1	0	1	200	0	0	0	0	0	天龙战靴
574	34	-1	-1	12780	0	0	8	0	1	150	0	200	0	0	0	0	0	0	0	1	1	1	-1	-1	0	0	1	0	0	1	1	0	-1	0	1	200	0	0	0	0	0	天龙战带
575	34	-1	-1	12790	0	0	16	0	1	150	0	200	0	0	0	0	0	0	0	1	1	1	-1	-1	0	0	1	0	0	1	1	0	-1	0	1	200	0	0	0	0	0	龙陨戒指
576	34	-1	-1	12810	0	0	16	0	1	150	0	200	0	0	0	0	0	0	0	1	1	1	-1	-1	0	0	1	0	0	1	1	0	-1	0	1	200	0	0	0	0	0	龙陨手镯
577	34	-1	-1	12830	0	0	16	0	1	150	0	200	0	0	0	0	0	0	0	1	1	1	-1	-1	0	0	1	0	0	1	1	0	-1	0	1	200	0	0	0	0	0	龙陨法盔
578	34	-1	-1	12850	0	0	16	0	1	150	0	200	0	0	0	0	0	0	0	1	1	1	-1	-1	0	0	1	0	0	1	1	0	-1	0	1	200	0	0	0	0	0	龙陨项链
579	34	-1	-1	12870	0	0	16	0	1	150	0	200	0	0	0	0	0	0	0	1	1	1	-1	-1	0	0	1	0	0	1	1	0	-1	0	1	200	0	0	0	0	0	龙陨法带
580	34	-1	-1	12890	0	0	16	0	1	150	0	200	0	0	0	0	0	0	0	1	1	1	-1	-1	0	0	1	0	0	1	1	0	-1	0	1	200	0	0	0	0	0	龙陨法靴
581	34	-1	-1	12910	0	0	12	0	1	150	0	200	0	0	0	0	0	0	0	1	1	1	-1	-1	0	0	1	0	0	1	1	0	-1	0	1	200	0	0	0	0	0	龙息道盔
582	34	-1	-1	12930	0	0	12	0	1	150	0	200	0	0	0	0	0	0	0	1	1	1	-1	-1	0	0	1	0	0	1	1	0	-1	0	1	200	0	0	0	0	0	龙息项链
583	34	-1	-1	12950	0	0	12	0	1	150	0	200	0	0	0	0	0	0	0	1	1	1	-1	-1	0	0	1	0	0	1	1	0	-1	0	1	200	0	0	0	0	0	龙息手套
584	34	-1	-1	12970	0	0	12	0	1	150	0	200	0	0	0	0	0	0	0	1	1	1	-1	-1	0	0	1	0	0	1	1	0	-1	0	1	200	0	0	0	0	0	龙息戒指
585	34	-1	-1	12990	0	0	12	0	1	150	0	200	0	0	0	0	0	0	0	1	1	1	-1	-1	0	0	1	0	0	1	1	0	-1	0	1	200	0	0	0	0	0	龙息道带
586	34	-1	-1	13010	0	0	12	0	1	150	0	200	0	0	0	0	0	0	0	1	1	1	-1	-1	0	0	1	0	0	1	1	0	-1	0	1	200	0	0	0	0	0	龙息道靴
587	34	-1	-1	3600	0	0	9	0	1	150	0	200	0	0	0	0	0	0	0	1	1	1	-1	-1	0	0	1	0	0	1	1	0	-1	0	1	200	0	0	0	0	0	玄黄战盔
588	34	-1	-1	3610	0	0	9	0	1	150	0	200	0	0	0	0	0	0	0	1	1	1	-1	-1	0	0	1	0	0	1	1	0	-1	0	1	200	0	0	0	0	0	玄黄项链
589	34	-1	-1	3620	0	0	9	0	1	150	0	200	0	0	0	0	0	0	0	1	1	1	-1	-1	0	0	1	0	0	1	1	0	-1	0	1	200	0	0	0	0	0	玄黄手镯
590	34	-1	-1	3630	0	0	9	0	1	150	0	200	0	0	0	0	0	0	0	1	1	1	-1	-1	0	0	1	0	0	1	1	0	-1	0	1	200	0	0	0	0	0	玄黄戒指
591	34	-1	-1	3640	0	0	9	0	1	150	0	200	0	0	0	0	0	0	0	1	1	1	-1	-1	0	0	1	0	0	1	1	0	-1	0	1	200	0	0	0	0	0	玄黄战带
592	34	-1	-1	3650	0	0	9	0	1	150	0	200	0	0	0	0	0	0	0	1	1	1	-1	-1	0	0	1	0	0	1	1	0	-1	0	1	200	0	0	0	0	0	玄黄战靴
593	34	-1	-1	3660	0	0	9	0	1	150	0	200	0	0	0	0	0	0	0	1	1	1	-1	-1	0	0	1	0	0	1	1	0	-1	0	1	200	0	0	0	0	0	血煞法盔
594	34	-1	-1	3670	0	0	9	0	1	150	0	200	0	0	0	0	0	0	0	1	1	1	-1	-1	0	0	1	0	0	1	1	0	-1	0	1	200	0	0	0	0	0	血煞项链
595	34	-1	-1	3680	0	0	9	0	1	150	0	200	0	0	0	0	0	0	0	1	1	1	-1	-1	0	0	1	0	0	1	1	0	-1	0	1	200	0	0	0	0	0	血煞手镯
596	34	-1	-1	3690	0	0	9	0	1	150	0	200	0	0	0	0	0	0	0	1	1	1	-1	-1	0	0	1	0	0	1	1	0	-1	0	1	200	0	0	0	0	0	血煞戒指
597	34	-1	-1	3700	0	0	9	0	1	150	0	200	0	0	0	0	0	0	0	1	1	1	-1	-1	0	0	1	0	0	1	1	0	-1	0	1	200	0	0	0	0	0	血煞法带
598	34	-1	-1	3710	0	0	9	0	1	150	0	200	0	0	0	0	0	0	0	1	1	1	-1	-1	0	0	1	0	0	1	1	0	-1	0	1	200	0	0	0	0	0	血煞法靴
599	34	-1	-1	3720	0	0	9	0	1	150	0	200	0	0	0	0	0	0	0	1	1	1	-1	-1	0	0	1	0	0	1	1	0	-1	0	1	200	0	0	0	0	0	蓝羽道盔
600	34	-1	-1	3730	0	0	9	0	1	150	0	200	0	0	0	0	0	0	0	1	1	1	-1	-1	0	0	1	0	0	1	1	0	-1	0	1	200	0	0	0	0	0	蓝羽项链
601	34	-1	-1	3740	0	0	9	0	1	150	0	200	0	0	0	0	0	0	0	1	1	1	-1	-1	0	0	1	0	0	1	1	0	-1	0	1	200	0	0	0	0	0	蓝羽手套
602	34	-1	-1	3750	0	0	9	0	1	150	0	200	0	0	0	0	0	0	0	1	1	1	-1	-1	0	0	1	0	0	1	1	0	-1	0	1	200	0	0	0	0	0	蓝羽戒指
603	34	-1	-1	3760	0	0	9	0	1	150	0	200	0	0	0	0	0	0	0	1	1	1	-1	-1	0	0	1	0	0	1	1	0	-1	0	1	200	0	0	0	0	0	蓝羽道带
604	34	-1	-1	3770	0	0	9	0	1	150	0	200	0	0	0	0	0	0	0	1	1	1	-1	-1	0	0	1	0	0	1	1	0	-1	0	1	200	0	0	0	0	0	蓝羽道靴
605	34	-1	-1	3780	0	0	9	0	1	150	0	200	0	0	0	0	0	0	0	1	1	1	-1	-1	0	0	1	0	0	1	1	0	-1	0	1	200	0	0	0	0	0	流焰战盔
606	34	-1	-1	3790	0	0	9	0	1	150	0	200	0	0	0	0	0	0	0	1	1	1	-1	-1	0	0	1	0	0	1	1	0	-1	0	1	200	0	0	0	0	0	流焰项链
607	34	-1	-1	3800	0	0	9	0	1	150	0	200	0	0	0	0	0	0	0	1	1	1	-1	-1	0	0	1	0	0	1	1	0	-1	0	1	200	0	0	0	0	0	流焰手镯
608	34	-1	-1	3810	0	0	9	0	1	150	0	200	0	0	0	0	0	0	0	1	1	1	-1	-1	0	0	1	0	0	1	1	0	-1	0	1	200	0	0	0	0	0	流焰戒指
609	34	-1	-1	3820	0	0	9	0	1	150	0	200	0	0	0	0	0	0	0	1	1	1	-1	-1	0	0	1	0	0	1	1	0	-1	0	1	200	0	0	0	0	0	流焰战带
610	34	-1	-1	3830	0	0	9	0	1	150	0	200	0	0	0	0	0	0	0	1	1	1	-1	-1	0	0	1	0	0	1	1	0	-1	0	1	200	0	0	0	0	0	流焰战靴
611	34	-1	-1	3840	0	0	9	0	1	150	0	200	0	0	0	0	0	0	0	1	1	1	-1	-1	0	0	1	0	0	1	1	0	-1	0	1	200	0	0	0	0	0	焰冰法盔
612	34	-1	-1	3850	0	0	9	0	1	150	0	200	0	0	0	0	0	0	0	1	1	1	-1	-1	0	0	1	0	0	1	1	0	-1	0	1	200	0	0	0	0	0	焰冰项链
613	34	-1	-1	3860	0	0	9	0	1	150	0	200	0	0	0	0	0	0	0	1	1	1	-1	-1	0	0	1	0	0	1	1	0	-1	0	1	200	0	0	0	0	0	焰冰护臂
614	34	-1	-1	3870	0	0	9	0	1	150	0	200	0	0	0	0	0	0	0	1	1	1	-1	-1	0	0	1	0	0	1	1	0	-1	0	1	200	0	0	0	0	0	焰冰戒指
615	34	-1	-1	3880	0	0	9	0	1	150	0	200	0	0	0	0	0	0	0	1	1	1	-1	-1	0	0	1	0	0	1	1	0	-1	0	1	200	0	0	0	0	0	焰冰法带
616	34	-1	-1	3890	0	0	9	0	1	150	0	200	0	0	0	0	0	0	0	1	1	1	-1	-1	0	0	1	0	0	1	1	0	-1	0	1	200	0	0	0	0	0	焰冰法靴
617	34	-1	-1	3900	0	0	9	0	1	150	0	200	0	0	0	0	0	0	0	1	1	1	-1	-1	0	0	1	0	0	1	1	0	-1	0	1	200	0	0	0	0	0	碎焰道盔
618	34	-1	-1	3910	0	0	9	0	1	150	0	200	0	0	0	0	0	0	0	1	1	1	-1	-1	0	0	1	0	0	1	1	0	-1	0	1	200	0	0	0	0	0	碎焰项链
619	34	-1	-1	3920	0	0	9	0	1	150	0	200	0	0	0	0	0	0	0	1	1	1	-1	-1	0	0	1	0	0	1	1	0	-1	0	1	200	0	0	0	0	0	碎焰戒指
620	34	-1	-1	3930	0	0	9	0	1	150	0	200	0	0	0	0	0	0	0	1	1	1	-1	-1	0	0	1	0	0	1	1	0	-1	0	1	200	0	0	0	0	0	碎焰护臂
621	34	-1	-1	3940	0	0	9	0	1	150	0	200	0	0	0	0	0	0	0	1	1	1	-1	-1	0	0	1	0	0	1	1	0	-1	0	1	200	0	0	0	0	0	碎焰道带
622	34	-1	-1	3950	0	0	9	0	1	150	0	200	0	0	0	0	0	0	0	1	1	1	-1	-1	0	0	1	0	0	1	1	0	-1	0	1	200	0	0	0	0	0	碎焰道靴
623	34	-1	-1	3960	0	0	9	0	1	150	0	200	0	0	0	0	0	0	0	1	1	1	-1	-1	0	0	1	0	0	1	1	0	-1	0	1	200	0	0	0	0	0	黑煞战盔
624	34	-1	-1	3970	0	0	9	0	1	150	0	200	0	0	0	0	0	0	0	1	1	1	-1	-1	0	0	1	0	0	1	1	0	-1	0	1	200	0	0	0	0	0	黑煞项链
625	34	-1	-1	3980	0	0	9	0	1	150	0	200	0	0	0	0	0	0	0	1	1	1	-1	-1	0	0	1	0	0	1	1	0	-1	0	1	200	0	0	0	0	0	黑煞戒指
626	34	-1	-1	3990	0	0	9	0	1	150	0	200	0	0	0	0	0	0	0	1	1	1	-1	-1	0	0	1	0	0	1	1	0	-1	0	1	200	0	0	0	0	0	黑煞手镯
627	34	-1	-1	4000	0	0	9	0	1	150	0	200	0	0	0	0	0	0	0	1	1	1	-1	-1	0	0	1	0	0	1	1	0	-1	0	1	200	0	0	0	0	0	黑煞战带
628	34	-1	-1	4010	0	0	9	0	1	150	0	200	0	0	0	0	0	0	0	1	1	1	-1	-1	0	0	1	0	0	1	1	0	-1	0	1	200	0	0	0	0	0	黑煞战靴
629	34	-1	-1	4020	0	0	9	0	1	150	0	200	0	0	0	0	0	0	0	1	1	1	-1	-1	0	0	1	0	0	1	1	0	-1	0	1	200	0	0	0	0	0	蚀黄法盔
630	34	-1	-1	4030	0	0	9	0	1	150	0	200	0	0	0	0	0	0	0	1	1	1	-1	-1	0	0	1	0	0	1	1	0	-1	0	1	200	0	0	0	0	0	蚀黄项链
631	34	-1	-1	4040	0	0	9	0	1	150	0	200	0	0	0	0	0	0	0	1	1	1	-1	-1	0	0	1	0	0	1	1	0	-1	0	1	200	0	0	0	0	0	蚀黄手镯
632	34	-1	-1	4050	0	0	9	0	1	150	0	200	0	0	0	0	0	0	0	1	1	1	-1	-1	0	0	1	0	0	1	1	0	-1	0	1	200	0	0	0	0	0	蚀黄戒指
633	34	-1	-1	4060	0	0	9	0	1	150	0	200	0	0	0	0	0	0	0	1	1	1	-1	-1	0	0	1	0	0	1	1	0	-1	0	1	200	0	0	0	0	0	蚀黄法带
634	34	-1	-1	4070	0	0	9	0	1	150	0	200	0	0	0	0	0	0	0	1	1	1	-1	-1	0	0	1	0	0	1	1	0	-1	0	1	200	0	0	0	0	0	蚀黄法靴
635	34	-1	-1	4080	0	0	9	0	1	150	0	200	0	0	0	0	0	0	0	1	1	1	-1	-1	0	0	1	0	0	1	1	0	-1	0	1	200	0	0	0	0	0	葬黛道盔
636	34	-1	-1	4090	0	0	9	0	1	150	0	200	0	0	0	0	0	0	0	1	1	1	-1	-1	0	0	1	0	0	1	1	0	-1	0	1	200	0	0	0	0	0	葬黛项链
637	34	-1	-1	4100	0	0	9	0	1	150	0	200	0	0	0	0	0	0	0	1	1	1	-1	-1	0	0	1	0	0	1	1	0	-1	0	1	200	0	0	0	0	0	葬黛手镯
638	34	-1	-1	4110	0	0	9	0	1	150	0	200	0	0	0	0	0	0	0	1	1	1	-1	-1	0	0	1	0	0	1	1	0	-1	0	1	200	0	0	0	0	0	葬黛戒指
639	34	-1	-1	4120	0	0	9	0	1	150	0	200	0	0	0	0	0	0	0	1	1	1	-1	-1	0	0	1	0	0	1	1	0	-1	0	1	200	0	0	0	0	0	葬黛道带
640	34	-1	-1	4130	0	0	9	0	1	150	0	200	0	0	0	0	0	0	0	1	1	1	-1	-1	0	0	1	0	0	1	1	0	-1	0	1	200	0	0	0	0	0	葬黛道靴
641	34	-1	-1	4140	0	0	9	0	1	150	0	200	0	0	0	0	0	0	0	1	1	1	-1	-1	0	0	1	0	0	1	1	0	-1	0	1	200	0	0	0	0	0	裂金战盔
642	34	-1	-1	4150	0	0	9	0	1	150	0	200	0	0	0	0	0	0	0	1	1	1	-1	-1	0	0	1	0	0	1	1	0	-1	0	1	200	0	0	0	0	0	裂金项链
643	34	-1	-1	4160	0	0	9	0	1	150	0	200	0	0	0	0	0	0	0	1	1	1	-1	-1	0	0	1	0	0	1	1	0	-1	0	1	200	0	0	0	0	0	裂金手套
644	34	-1	-1	4170	0	0	9	0	1	150	0	200	0	0	0	0	0	0	0	1	1	1	-1	-1	0	0	1	0	0	1	1	0	-1	0	1	200	0	0	0	0	0	裂金戒指
645	34	-1	-1	4180	0	0	9	0	1	150	0	200	0	0	0	0	0	0	0	1	1	1	-1	-1	0	0	1	0	0	1	1	0	-1	0	1	200	0	0	0	0	0	裂金战带
646	34	-1	-1	4190	0	0	9	0	1	150	0	200	0	0	0	0	0	0	0	1	1	1	-1	-1	0	0	1	0	0	1	1	0	-1	0	1	200	0	0	0	0	0	裂金战靴
647	34	-1	-1	4200	0	0	9	0	1	150	0	200	0	0	0	0	0	0	0	1	1	1	-1	-1	0	0	1	0	0	1	1	0	-1	0	1	200	0	0	0	0	0	流银法盔
648	34	-1	-1	4210	0	0	9	0	1	150	0	200	0	0	0	0	0	0	0	1	1	1	-1	-1	0	0	1	0	0	1	1	0	-1	0	1	200	0	0	0	0	0	流银项链
649	34	-1	-1	4220	0	0	9	0	1	150	0	200	0	0	0	0	0	0	0	1	1	1	-1	-1	0	0	1	0	0	1	1	0	-1	0	1	200	0	0	0	0	0	流银戒指
650	34	-1	-1	4230	0	0	9	0	1	150	0	200	0	0	0	0	0	0	0	1	1	1	-1	-1	0	0	1	0	0	1	1	0	-1	0	1	200	0	0	0	0	0	流银护臂
651	34	-1	-1	4240	0	0	9	0	1	150	0	200	0	0	0	0	0	0	0	1	1	1	-1	-1	0	0	1	0	0	1	1	0	-1	0	1	200	0	0	0	0	0	流银腰带
652	34	-1	-1	4250	0	0	9	0	1	150	0	200	0	0	0	0	0	0	0	1	1	1	-1	-1	0	0	1	0	0	1	1	0	-1	0	1	200	0	0	0	0	0	流银法靴
653	34	-1	-1	4260	0	0	9	0	1	150	0	200	0	0	0	0	0	0	0	1	1	1	-1	-1	0	0	1	0	0	1	1	0	-1	0	1	200	0	0	0	0	0	碎芒道盔
654	34	-1	-1	4270	0	0	9	0	1	150	0	200	0	0	0	0	0	0	0	1	1	1	-1	-1	0	0	1	0	0	1	1	0	-1	0	1	200	0	0	0	0	0	碎芒项链
655	34	-1	-1	4280	0	0	9	0	1	150	0	200	0	0	0	0	0	0	0	1	1	1	-1	-1	0	0	1	0	0	1	1	0	-1	0	1	200	0	0	0	0	0	碎芒手镯
656	34	-1	-1	4290	0	0	9	0	1	150	0	200	0	0	0	0	0	0	0	1	1	1	-1	-1	0	0	1	0	0	1	1	0	-1	0	1	200	0	0	0	0	0	碎芒戒指
657	34	-1	-1	4300	0	0	9	0	1	150	0	200	0	0	0	0	0	0	0	1	1	1	-1	-1	0	0	1	0	0	1	1	0	-1	0	1	200	0	0	0	0	0	碎芒道带
658	34	-1	-1	4310	0	0	9	0	1	150	0	200	0	0	0	0	0	0	0	1	1	1	-1	-1	0	0	1	0	0	1	1	0	-1	0	1	200	0	0	0	0	0	碎芒道靴
659	34	-1	-1	4320	0	0	12	0	1	150	0	200	0	0	0	0	0	0	0	1	1	1	-1	-1	0	0	1	0	0	1	1	0	-1	0	1	200	0	0	0	0	0	诛仙战盔
660	34	-1	-1	4340	0	0	12	0	1	150	0	200	0	0	0	0	0	0	0	1	1	1	-1	-1	0	0	1	0	0	1	1	0	-1	0	1	200	0	0	0	0	0	诛仙项链
661	34	-1	-1	4360	0	0	12	0	1	150	0	200	0	0	0	0	0	0	0	1	1	1	-1	-1	0	0	1	0	0	1	1	0	-1	0	1	200	0	0	0	0	0	诛仙护臂
662	34	-1	-1	4380	0	0	12	0	1	150	0	200	0	0	0	0	0	0	0	1	1	1	-1	-1	0	0	1	0	0	1	1	0	-1	0	1	200	0	0	0	0	0	诛仙戒指
663	34	-1	-1	4400	0	0	12	0	1	150	0	200	0	0	0	0	0	0	0	1	1	1	-1	-1	0	0	1	0	0	1	1	0	-1	0	1	200	0	0	0	0	0	诛仙战靴
664	34	-1	-1	4420	0	0	12	0	1	150	0	200	0	0	0	0	0	0	0	1	1	1	-1	-1	0	0	1	0	0	1	1	0	-1	0	1	200	0	0	0	0	0	诛仙战带
665	34	-1	-1	4440	0	0	12	0	1	150	0	200	0	0	0	0	0	0	0	1	1	1	-1	-1	0	0	1	0	0	1	1	0	-1	0	1	200	0	0	0	0	0	驱魔法盔
666	34	-1	-1	4460	0	0	12	0	1	150	0	200	0	0	0	0	0	0	0	1	1	1	-1	-1	0	0	1	0	0	1	1	0	-1	0	1	200	0	0	0	0	0	驱魔项链
667	34	-1	-1	4480	0	0	12	0	1	150	0	200	0	0	0	0	0	0	0	1	1	1	-1	-1	0	0	1	0	0	1	1	0	-1	0	1	200	0	0	0	0	0	驱魔护臂
668	34	-1	-1	4500	0	0	12	0	1	150	0	200	0	0	0	0	0	0	0	1	1	1	-1	-1	0	0	1	0	0	1	1	0	-1	0	1	200	0	0	0	0	0	驱魔戒指
669	34	-1	-1	4520	0	0	12	0	1	150	0	200	0	0	0	0	0	0	0	1	1	1	-1	-1	0	0	1	0	0	1	1	0	-1	0	1	200	0	0	0	0	0	驱魔法靴
670	34	-1	-1	4540	0	0	12	0	1	150	0	200	0	0	0	0	0	0	0	1	1	1	-1	-1	0	0	1	0	0	1	1	0	-1	0	1	200	0	0	0	0	0	驱魔法带
671	34	-1	-1	4560	0	0	12	0	1	150	0	200	0	0	0	0	0	0	0	1	1	1	-1	-1	0	0	1	0	0	1	1	0	-1	0	1	200	0	0	0	0	0	斩妖头盔
672	34	-1	-1	4580	0	0	12	0	1	150	0	200	0	0	0	0	0	0	0	1	1	1	-1	-1	0	0	1	0	0	1	1	0	-1	0	1	200	0	0	0	0	0	斩妖项链
673	34	-1	-1	4600	0	0	12	0	1	150	0	200	0	0	0	0	0	0	0	1	1	1	-1	-1	0	0	1	0	0	1	1	0	-1	0	1	200	0	0	0	0	0	斩妖手镯
674	34	-1	-1	4620	0	0	12	0	1	150	0	200	0	0	0	0	0	0	0	1	1	1	-1	-1	0	0	1	0	0	1	1	0	-1	0	1	200	0	0	0	0	0	斩妖戒指
675	34	-1	-1	4640	0	0	12	0	1	150	0	200	0	0	0	0	0	0	0	1	1	1	-1	-1	0	0	1	0	0	1	1	0	-1	0	1	200	0	0	0	0	0	斩妖道靴
676	34	-1	-1	4660	0	0	12	0	1	150	0	200	0	0	0	0	0	0	0	1	1	1	-1	-1	0	0	1	0	0	1	1	0	-1	0	1	200	0	0	0	0	0	斩妖道带
677	34	-1	-1	4680	0	0	12	0	1	150	0	200	0	0	0	0	0	0	0	1	1	1	-1	-1	0	0	1	0	0	1	1	0	-1	0	1	200	0	0	0	0	0	帝星战盔
678	34	-1	-1	4700	0	0	12	0	1	150	0	200	0	0	0	0	0	0	0	1	1	1	-1	-1	0	0	1	0	0	1	1	0	-1	0	1	200	0	0	0	0	0	帝星项链
679	34	-1	-1	4720	0	0	12	0	1	150	0	200	0	0	0	0	0	0	0	1	1	1	-1	-1	0	0	1	0	0	1	1	0	-1	0	1	200	0	0	0	0	0	帝星护臂
680	34	-1	-1	4740	0	0	12	0	1	150	0	200	0	0	0	0	0	0	0	1	1	1	-1	-1	0	0	1	0	0	1	1	0	-1	0	1	200	0	0	0	0	0	帝星戒指
681	34	-1	-1	4760	0	0	12	0	1	150	0	200	0	0	0	0	0	0	0	1	1	1	-1	-1	0	0	1	0	0	1	1	0	-1	0	1	200	0	0	0	0	0	帝星战靴
682	34	-1	-1	4780	0	0	12	0	1	150	0	200	0	0	0	0	0	0	0	1	1	1	-1	-1	0	0	1	0	0	1	1	0	-1	0	1	200	0	0	0	0	0	帝星战带
683	34	-1	-1	4800	0	0	12	0	1	150	0	200	0	0	0	0	0	0	0	1	1	1	-1	-1	0	0	1	0	0	1	1	0	-1	0	1	200	0	0	0	0	0	仙灵法盔
684	34	-1	-1	4820	0	0	12	0	1	150	0	200	0	0	0	0	0	0	0	1	1	1	-1	-1	0	0	1	0	0	1	1	0	-1	0	1	200	0	0	0	0	0	仙灵项链
685	34	-1	-1	4840	0	0	12	0	1	150	0	200	0	0	0	0	0	0	0	1	1	1	-1	-1	0	0	1	0	0	1	1	0	-1	0	1	200	0	0	0	0	0	仙灵护臂
686	34	-1	-1	4860	0	0	12	0	1	150	0	200	0	0	0	0	0	0	0	1	1	1	-1	-1	0	0	1	0	0	1	1	0	-1	0	1	200	0	0	0	0	0	仙灵戒指
687	34	-1	-1	4880	0	0	12	0	1	150	0	200	0	0	0	0	0	0	0	1	1	1	-1	-1	0	0	1	0	0	1	1	0	-1	0	1	200	0	0	0	0	0	仙灵法靴
688	34	-1	-1	4900	0	0	12	0	1	150	0	200	0	0	0	0	0	0	0	1	1	1	-1	-1	0	0	1	0	0	1	1	0	-1	0	1	200	0	0	0	0	0	仙灵法带
689	34	-1	-1	4920	0	0	12	0	1	150	0	200	0	0	0	0	0	0	0	1	1	1	-1	-1	0	0	1	0	0	1	1	0	-1	0	1	200	0	0	0	0	0	乾坤道盔
690	34	-1	-1	4940	0	0	12	0	1	150	0	200	0	0	0	0	0	0	0	1	1	1	-1	-1	0	0	1	0	0	1	1	0	-1	0	1	200	0	0	0	0	0	乾坤项链
691	34	-1	-1	4960	0	0	12	0	1	150	0	200	0	0	0	0	0	0	0	1	1	1	-1	-1	0	0	1	0	0	1	1	0	-1	0	1	200	0	0	0	0	0	乾坤手镯
692	34	-1	-1	4980	0	0	12	0	1	150	0	200	0	0	0	0	0	0	0	1	1	1	-1	-1	0	0	1	0	0	1	1	0	-1	0	1	200	0	0	0	0	0	乾坤戒指
693	34	-1	-1	5000	0	0	12	0	1	150	0	200	0	0	0	0	0	0	0	1	1	1	-1	-1	0	0	1	0	0	1	1	0	-1	0	1	200	0	0	0	0	0	乾坤道靴
694	34	-1	-1	5020	0	0	12	0	1	150	0	200	0	0	0	0	0	0	0	1	1	1	-1	-1	0	0	1	0	0	1	1	0	-1	0	1	200	0	0	0	0	0	乾坤道带
695	34	-1	-1	5040	0	0	12	0	1	150	0	200	0	0	0	0	0	0	0	1	1	1	-1	-1	0	0	1	0	0	1	1	0	-1	0	1	200	0	0	0	0	0	弑翼战盔
696	34	-1	-1	5060	0	0	12	0	1	150	0	200	0	0	0	0	0	0	0	1	1	1	-1	-1	0	0	1	0	0	1	1	0	-1	0	1	200	0	0	0	0	0	弑翼项链
697	34	-1	-1	5080	0	0	12	0	1	150	0	200	0	0	0	0	0	0	0	1	1	1	-1	-1	0	0	1	0	0	1	1	0	-1	0	1	200	0	0	0	0	0	弑翼护臂
698	34	-1	-1	5100	0	0	12	0	1	150	0	200	0	0	0	0	0	0	0	1	1	1	-1	-1	0	0	1	0	0	1	1	0	-1	0	1	200	0	0	0	0	0	弑翼戒指
699	34	-1	-1	5120	0	0	12	0	1	150	0	200	0	0	0	0	0	0	0	1	1	1	-1	-1	0	0	1	0	0	1	1	0	-1	0	1	200	0	0	0	0	0	弑翼战靴
700	34	-1	-1	5140	0	0	12	0	1	150	0	200	0	0	0	0	0	0	0	1	1	1	-1	-1	0	0	1	0	0	1	1	0	-1	0	1	200	0	0	0	0	0	弑翼腰带
701	34	-1	-1	5160	0	0	12	0	1	150	0	200	0	0	0	0	0	0	0	1	1	1	-1	-1	0	0	1	0	0	1	1	0	-1	0	1	200	0	0	0	0	0	金凰法盔
702	34	-1	-1	5180	0	0	12	0	1	150	0	200	0	0	0	0	0	0	0	1	1	1	-1	-1	0	0	1	0	0	1	1	0	-1	0	1	200	0	0	0	0	0	金凰项链
703	34	-1	-1	5200	0	0	12	0	1	150	0	200	0	0	0	0	0	0	0	1	1	1	-1	-1	0	0	1	0	0	1	1	0	-1	0	1	200	0	0	0	0	0	金凰护臂
704	34	-1	-1	5220	0	0	12	0	1	150	0	200	0	0	0	0	0	0	0	1	1	1	-1	-1	0	0	1	0	0	1	1	0	-1	0	1	200	0	0	0	0	0	金凰戒指
705	34	-1	-1	5240	0	0	12	0	1	150	0	200	0	0	0	0	0	0	0	1	1	1	-1	-1	0	0	1	0	0	1	1	0	-1	0	1	200	0	0	0	0	0	金凰法靴
706	34	-1	-1	5260	0	0	12	0	1	150	0	200	0	0	0	0	0	0	0	1	1	1	-1	-1	0	0	1	0	0	1	1	0	-1	0	1	200	0	0	0	0	0	金凰法带
707	34	-1	-1	5280	0	0	12	0	1	150	0	200	0	0	0	0	0	0	0	1	1	1	-1	-1	0	0	1	0	0	1	1	0	-1	0	1	200	0	0	0	0	0	玄幽道盔
708	34	-1	-1	5300	0	0	12	0	1	150	0	200	0	0	0	0	0	0	0	1	1	1	-1	-1	0	0	1	0	0	1	1	0	-1	0	1	200	0	0	0	0	0	玄幽项链
709	34	-1	-1	5320	0	0	12	0	1	150	0	200	0	0	0	0	0	0	0	1	1	1	-1	-1	0	0	1	0	0	1	1	0	-1	0	1	200	0	0	0	0	0	玄幽护臂
710	34	-1	-1	5340	0	0	12	0	1	150	0	200	0	0	0	0	0	0	0	1	1	1	-1	-1	0	0	1	0	0	1	1	0	-1	0	1	200	0	0	0	0	0	玄幽戒指
711	34	-1	-1	5360	0	0	12	0	1	150	0	200	0	0	0	0	0	0	0	1	1	1	-1	-1	0	0	1	0	0	1	1	0	-1	0	1	200	0	0	0	0	0	玄幽道靴
712	34	-1	-1	5380	0	0	12	0	1	150	0	200	0	0	0	0	0	0	0	1	1	1	-1	-1	0	0	1	0	0	1	1	0	-1	0	1	200	0	0	0	0	0	玄幽腰带
713	34	-1	-1	5400	0	0	10	0	1	150	0	200	0	0	0	0	0	0	0	1	1	1	-1	-1	0	0	1	0	0	1	1	0	-1	0	1	200	0	0	0	0	0	天罚战盔
714	34	-1	-1	5410	0	0	10	0	1	150	0	200	0	0	0	0	0	0	0	1	1	1	-1	-1	0	0	1	0	0	1	1	0	-1	0	1	200	0	0	0	0	0	天罚项链
715	34	-1	-1	5420	0	0	10	0	1	150	0	200	0	0	0	0	0	0	0	1	1	1	-1	-1	0	0	1	0	0	1	1	0	-1	0	1	200	0	0	0	0	0	天罚护臂
716	34	-1	-1	5430	0	0	10	0	1	150	0	200	0	0	0	0	0	0	0	1	1	1	-1	-1	0	0	1	0	0	1	1	0	-1	0	1	200	0	0	0	0	0	天罚戒指
717	34	-1	-1	5440	0	0	10	0	1	150	0	200	0	0	0	0	0	0	0	1	1	1	-1	-1	0	0	1	0	0	1	1	0	-1	0	1	200	0	0	0	0	0	天罚战靴
718	34	-1	-1	5450	0	0	10	0	1	150	0	200	0	0	0	0	0	0	0	1	1	1	-1	-1	0	0	1	0	0	1	1	0	-1	0	1	200	0	0	0	0	0	天罚战带
719	34	-1	-1	5460	0	0	10	0	1	150	0	200	0	0	0	0	0	0	0	1	1	1	-1	-1	0	0	1	0	0	1	1	0	-1	0	1	200	0	0	0	0	0	古凰头盔
720	34	-1	-1	5470	0	0	10	0	1	150	0	200	0	0	0	0	0	0	0	1	1	1	-1	-1	0	0	1	0	0	1	1	0	-1	0	1	200	0	0	0	0	0	古凰项链
721	34	-1	-1	5480	0	0	10	0	1	150	0	200	0	0	0	0	0	0	0	1	1	1	-1	-1	0	0	1	0	0	1	1	0	-1	0	1	200	0	0	0	0	0	古凰护臂
722	34	-1	-1	5490	0	0	10	0	1	150	0	200	0	0	0	0	0	0	0	1	1	1	-1	-1	0	0	1	0	0	1	1	0	-1	0	1	200	0	0	0	0	0	古凰戒指
723	34	-1	-1	5500	0	0	10	0	1	150	0	200	0	0	0	0	0	0	0	1	1	1	-1	-1	0	0	1	0	0	1	1	0	-1	0	1	200	0	0	0	0	0	古凰法靴
724	34	-1	-1	5510	0	0	10	0	1	150	0	200	0	0	0	0	0	0	0	1	1	1	-1	-1	0	0	1	0	0	1	1	0	-1	0	1	200	0	0	0	0	0	古凰法带
725	34	-1	-1	5520	0	0	10	0	1	150	0	200	0	0	0	0	0	0	0	1	1	1	-1	-1	0	0	1	0	0	1	1	0	-1	0	1	200	0	0	0	0	0	紫劫道盔
726	34	-1	-1	5530	0	0	10	0	1	150	0	200	0	0	0	0	0	0	0	1	1	1	-1	-1	0	0	1	0	0	1	1	0	-1	0	1	200	0	0	0	0	0	紫劫项链
727	34	-1	-1	5540	0	0	10	0	1	150	0	200	0	0	0	0	0	0	0	1	1	1	-1	-1	0	0	1	0	0	1	1	0	-1	0	1	200	0	0	0	0	0	紫劫护臂
728	34	-1	-1	5550	0	0	10	0	1	150	0	200	0	0	0	0	0	0	0	1	1	1	-1	-1	0	0	1	0	0	1	1	0	-1	0	1	200	0	0	0	0	0	紫劫戒指
729	34	-1	-1	5560	0	0	10	0	1	150	0	200	0	0	0	0	0	0	0	1	1	1	-1	-1	0	0	1	0	0	1	1	0	-1	0	1	200	0	0	0	0	0	紫劫道靴
730	34	-1	-1	5570	0	0	10	0	1	150	0	200	0	0	0	0	0	0	0	1	1	1	-1	-1	0	0	1	0	0	1	1	0	-1	0	1	200	0	0	0	0	0	紫劫道带
731	34	-1	-1	5580	0	0	10	0	1	150	0	200	0	0	0	0	0	0	0	1	1	1	-1	-1	0	0	1	0	0	1	1	0	-1	0	1	200	0	0	0	0	0	白帝战靴
732	34	-1	-1	5590	0	0	10	0	1	150	0	200	0	0	0	0	0	0	0	1	1	1	-1	-1	0	0	1	0	0	1	1	0	-1	0	1	200	0	0	0	0	0	白帝战带
733	34	-1	-1	5600	0	0	10	0	1	150	0	200	0	0	0	0	0	0	0	1	1	1	-1	-1	0	0	1	0	0	1	1	0	-1	0	1	200	0	0	0	0	0	白帝戒指
734	34	-1	-1	5610	0	0	10	0	1	150	0	200	0	0	0	0	0	0	0	1	1	1	-1	-1	0	0	1	0	0	1	1	0	-1	0	1	200	0	0	0	0	0	白帝护臂
735	34	-1	-1	5620	0	0	10	0	1	150	0	200	0	0	0	0	0	0	0	1	1	1	-1	-1	0	0	1	0	0	1	1	0	-1	0	1	200	0	0	0	0	0	白帝项链
736	34	-1	-1	5630	0	0	10	0	1	150	0	200	0	0	0	0	0	0	0	1	1	1	-1	-1	0	0	1	0	0	1	1	0	-1	0	1	200	0	0	0	0	0	白帝战盔
737	34	-1	-1	5640	0	0	10	0	1	150	0	200	0	0	0	0	0	0	0	1	1	1	-1	-1	0	0	1	0	0	1	1	0	-1	0	1	200	0	0	0	0	0	青冥法盔
738	34	-1	-1	5650	0	0	10	0	1	150	0	200	0	0	0	0	0	0	0	1	1	1	-1	-1	0	0	1	0	0	1	1	0	-1	0	1	200	0	0	0	0	0	青冥护臂
739	34	-1	-1	5660	0	0	10	0	1	150	0	200	0	0	0	0	0	0	0	1	1	1	-1	-1	0	0	1	0	0	1	1	0	-1	0	1	200	0	0	0	0	0	青冥项链
740	34	-1	-1	5670	0	0	10	0	1	150	0	200	0	0	0	0	0	0	0	1	1	1	-1	-1	0	0	1	0	0	1	1	0	-1	0	1	200	0	0	0	0	0	青冥戒指
741	34	-1	-1	5680	0	0	10	0	1	150	0	200	0	0	0	0	0	0	0	1	1	1	-1	-1	0	0	1	0	0	1	1	0	-1	0	1	200	0	0	0	0	0	青冥法带
742	34	-1	-1	5690	0	0	10	0	1	150	0	200	0	0	0	0	0	0	0	1	1	1	-1	-1	0	0	1	0	0	1	1	0	-1	0	1	200	0	0	0	0	0	青冥法靴
743	34	-1	-1	5700	0	0	10	0	1	150	0	200	0	0	0	0	0	0	0	1	1	1	-1	-1	0	0	1	0	0	1	1	0	-1	0	1	200	0	0	0	0	0	绿灵道靴
744	34	-1	-1	5710	0	0	10	0	1	150	0	200	0	0	0	0	0	0	0	1	1	1	-1	-1	0	0	1	0	0	1	1	0	-1	0	1	200	0	0	0	0	0	绿灵道带
745	34	-1	-1	5720	0	0	10	0	1	150	0	200	0	0	0	0	0	0	0	1	1	1	-1	-1	0	0	1	0	0	1	1	0	-1	0	1	200	0	0	0	0	0	绿灵戒指
746	34	-1	-1	5730	0	0	10	0	1	150	0	200	0	0	0	0	0	0	0	1	1	1	-1	-1	0	0	1	0	0	1	1	0	-1	0	1	200	0	0	0	0	0	绿灵护臂
747	34	-1	-1	5740	0	0	10	0	1	150	0	200	0	0	0	0	0	0	0	1	1	1	-1	-1	0	0	1	0	0	1	1	0	-1	0	1	200	0	0	0	0	0	绿灵项链
748	34	-1	-1	5750	0	0	10	0	1	150	0	200	0	0	0	0	0	0	0	1	1	1	-1	-1	0	0	1	0	0	1	1	0	-1	0	1	200	0	0	0	0	0	绿灵道盔
749	34	-1	-1	5760	0	0	10	0	1	150	0	200	0	0	0	0	0	0	0	1	1	1	-1	-1	0	0	1	0	0	1	1	0	-1	0	1	200	0	0	0	0	0	火蝠战靴
750	34	-1	-1	5770	0	0	10	0	1	150	0	200	0	0	0	0	0	0	0	1	1	1	-1	-1	0	0	1	0	0	1	1	0	-1	0	1	200	0	0	0	0	0	火蝠战带
751	34	-1	-1	5780	0	0	10	0	1	150	0	200	0	0	0	0	0	0	0	1	1	1	-1	-1	0	0	1	0	0	1	1	0	-1	0	1	200	0	0	0	0	0	火蝠戒指
752	34	-1	-1	5790	0	0	10	0	1	150	0	200	0	0	0	0	0	0	0	1	1	1	-1	-1	0	0	1	0	0	1	1	0	-1	0	1	200	0	0	0	0	0	火蝠护臂
753	34	-1	-1	5800	0	0	10	0	1	150	0	200	0	0	0	0	0	0	0	1	1	1	-1	-1	0	0	1	0	0	1	1	0	-1	0	1	200	0	0	0	0	0	火蝠项链
754	34	-1	-1	5810	0	0	10	0	1	150	0	200	0	0	0	0	0	0	0	1	1	1	-1	-1	0	0	1	0	0	1	1	0	-1	0	1	200	0	0	0	0	0	火蝠战盔
755	34	-1	-1	5820	0	0	10	0	1	150	0	200	0	0	0	0	0	0	0	1	1	1	-1	-1	0	0	1	0	0	1	1	0	-1	0	1	200	0	0	0	0	0	霜九法盔
756	34	-1	-1	5830	0	0	10	0	1	150	0	200	0	0	0	0	0	0	0	1	1	1	-1	-1	0	0	1	0	0	1	1	0	-1	0	1	200	0	0	0	0	0	霜九项链
757	34	-1	-1	5840	0	0	10	0	1	150	0	200	0	0	0	0	0	0	0	1	1	1	-1	-1	0	0	1	0	0	1	1	0	-1	0	1	200	0	0	0	0	0	霜九护臂
758	34	-1	-1	5850	0	0	10	0	1	150	0	200	0	0	0	0	0	0	0	1	1	1	-1	-1	0	0	1	0	0	1	1	0	-1	0	1	200	0	0	0	0	0	霜九戒指
759	34	-1	-1	5860	0	0	10	0	1	150	0	200	0	0	0	0	0	0	0	1	1	1	-1	-1	0	0	1	0	0	1	1	0	-1	0	1	200	0	0	0	0	0	霜九法带
760	34	-1	-1	5870	0	0	10	0	1	150	0	200	0	0	0	0	0	0	0	1	1	1	-1	-1	0	0	1	0	0	1	1	0	-1	0	1	200	0	0	0	0	0	霜九法靴
761	34	-1	-1	5880	0	0	10	0	1	150	0	200	0	0	0	0	0	0	0	1	1	1	-1	-1	0	0	1	0	0	1	1	0	-1	0	1	200	0	0	0	0	0	冰封道盔
762	34	-1	-1	5890	0	0	10	0	1	150	0	200	0	0	0	0	0	0	0	1	1	1	-1	-1	0	0	1	0	0	1	1	0	-1	0	1	200	0	0	0	0	0	冰封项链
763	34	-1	-1	5900	0	0	10	0	1	150	0	200	0	0	0	0	0	0	0	1	1	1	-1	-1	0	0	1	0	0	1	1	0	-1	0	1	200	0	0	0	0	0	冰封道靴
764	34	-1	-1	5910	0	0	10	0	1	150	0	200	0	0	0	0	0	0	0	1	1	1	-1	-1	0	0	1	0	0	1	1	0	-1	0	1	200	0	0	0	0	0	冰封道带
765	34	-1	-1	5920	0	0	10	0	1	150	0	200	0	0	0	0	0	0	0	1	1	1	-1	-1	0	0	1	0	0	1	1	0	-1	0	1	200	0	0	0	0	0	冰封戒指
766	34	-1	-1	5930	0	0	10	0	1	150	0	200	0	0	0	0	0	0	0	1	1	1	-1	-1	0	0	1	0	0	1	1	0	-1	0	1	200	0	0	0	0	0	冰封护臂
767	34	-1	-1	5940	0	0	9	0	1	150	0	200	0	0	0	0	0	0	0	1	1	1	-1	-1	0	0	1	0	0	1	1	0	-1	0	1	200	0	0	0	0	0	黑影战盔
768	34	-1	-1	5950	0	0	9	0	1	150	0	200	0	0	0	0	0	0	0	1	1	1	-1	-1	0	0	1	0	0	1	1	0	-1	0	1	200	0	0	0	0	0	黑影项链
769	34	-1	-1	5960	0	0	9	0	1	150	0	200	0	0	0	0	0	0	0	1	1	1	-1	-1	0	0	1	0	0	1	1	0	-1	0	1	200	0	0	0	0	0	黑影手镯
770	34	-1	-1	5970	0	0	9	0	1	150	0	200	0	0	0	0	0	0	0	1	1	1	-1	-1	0	0	1	0	0	1	1	0	-1	0	1	200	0	0	0	0	0	黑影戒指
771	34	-1	-1	5980	0	0	9	0	1	150	0	200	0	0	0	0	0	0	0	1	1	1	-1	-1	0	0	1	0	0	1	1	0	-1	0	1	200	0	0	0	0	0	黑影战鞋
772	34	-1	-1	5990	0	0	9	0	1	150	0	200	0	0	0	0	0	0	0	1	1	1	-1	-1	0	0	1	0	0	1	1	0	-1	0	1	200	0	0	0	0	0	黑影腰带
773	34	-1	-1	6000	0	0	20	0	1	150	0	200	0	0	0	0	0	0	0	1	1	1	-1	-1	0	0	1	0	0	1	1	0	-1	0	1	200	0	0	0	0	0	血影法盔
774	34	-1	-1	6020	0	0	20	0	1	150	0	200	0	0	0	0	0	0	0	1	1	1	-1	-1	0	0	1	0	0	1	1	0	-1	0	1	200	0	0	0	0	0	血影项链
775	34	-1	-1	6040	0	0	20	0	1	150	0	200	0	0	0	0	0	0	0	1	1	1	-1	-1	0	0	1	0	0	1	1	0	-1	0	1	200	0	0	0	0	0	血影手镯
776	34	-1	-1	6060	0	0	20	0	1	150	0	200	0	0	0	0	0	0	0	1	1	1	-1	-1	0	0	1	0	0	1	1	0	-1	0	1	200	0	0	0	0	0	血影戒指
777	34	-1	-1	6080	0	0	20	0	1	150	0	200	0	0	0	0	0	0	0	1	1	1	-1	-1	0	0	1	0	0	1	1	0	-1	0	1	200	0	0	0	0	0	血影法带
778	34	-1	-1	6100	0	0	20	0	1	150	0	200	0	0	0	0	0	0	0	1	1	1	-1	-1	0	0	1	0	0	1	1	0	-1	0	1	200	0	0	0	0	0	血影法鞋
779	34	-1	-1	6120	0	0	9	0	1	150	0	200	0	0	0	0	0	0	0	1	1	1	-1	-1	0	0	1	0	0	1	1	0	-1	0	1	200	0	0	0	0	0	绿影手镯
780	34	-1	-1	6130	0	0	9	0	1	150	0	200	0	0	0	0	0	0	0	1	1	1	-1	-1	0	0	1	0	0	1	1	0	-1	0	1	200	0	0	0	0	0	绿影道靴
781	34	-1	-1	6140	0	0	9	0	1	150	0	200	0	0	0	0	0	0	0	1	1	1	-1	-1	0	0	1	0	0	1	1	0	-1	0	1	200	0	0	0	0	0	绿影项链
782	34	-1	-1	6150	0	0	9	0	1	150	0	200	0	0	0	0	0	0	0	1	1	1	-1	-1	0	0	1	0	0	1	1	0	-1	0	1	200	0	0	0	0	0	绿影道盔
783	34	-1	-1	6160	0	0	9	0	1	150	0	200	0	0	0	0	0	0	0	1	1	1	-1	-1	0	0	1	0	0	1	1	0	-1	0	1	200	0	0	0	0	0	绿影道带
784	34	-1	-1	6170	0	0	9	0	1	150	0	200	0	0	0	0	0	0	0	1	1	1	-1	-1	0	0	1	0	0	1	1	0	-1	0	1	200	0	0	0	0	0	绿影戒指
785	34	-1	-1	6190	0	0	15	0	1	150	0	200	0	0	0	0	0	0	0	1	1	1	-1	-1	0	0	1	0	0	1	1	0	-1	0	1	200	0	0	0	0	0	神威戒指
786	34	-1	-1	6210	0	0	15	0	1	150	0	200	0	0	0	0	0	0	0	1	1	1	-1	-1	0	0	1	0	0	1	1	0	-1	0	1	200	0	0	0	0	0	神威项链
787	34	-1	-1	6230	0	0	15	0	1	150	0	200	0	0	0	0	0	0	0	1	1	1	-1	-1	0	0	1	0	0	1	1	0	-1	0	1	200	0	0	0	0	0	神威战带
788	34	-1	-1	6250	0	0	15	0	1	150	0	200	0	0	0	0	0	0	0	1	1	1	-1	-1	0	0	1	0	0	1	1	0	-1	0	1	200	0	0	0	0	0	神威战盔
789	34	-1	-1	6270	0	0	15	0	1	150	0	200	0	0	0	0	0	0	0	1	1	1	-1	-1	0	0	1	0	0	1	1	0	-1	0	1	200	0	0	0	0	0	神威护臂
790	34	-1	-1	6290	0	0	15	0	1	150	0	200	0	0	0	0	0	0	0	1	1	1	-1	-1	0	0	1	0	0	1	1	0	-1	0	1	200	0	0	0	0	0	神威战靴
791	34	-1	-1	6310	0	0	9	0	1	150	0	200	0	0	0	0	0	0	0	1	1	1	-1	-1	0	0	1	0	0	1	1	0	-1	0	1	200	0	0	0	0	0	苍穹戒指
792	34	-1	-1	6320	0	0	9	0	1	150	0	200	0	0	0	0	0	0	0	1	1	1	-1	-1	0	0	1	0	0	1	1	0	-1	0	1	200	0	0	0	0	0	苍穹手套
793	34	-1	-1	6330	0	0	9	0	1	150	0	200	0	0	0	0	0	0	0	1	1	1	-1	-1	0	0	1	0	0	1	1	0	-1	0	1	200	0	0	0	0	0	苍穹项链
794	34	-1	-1	6340	0	0	9	0	1	150	0	200	0	0	0	0	0	0	0	1	1	1	-1	-1	0	0	1	0	0	1	1	0	-1	0	1	200	0	0	0	0	0	苍穹法盔
795	34	-1	-1	6350	0	0	9	0	1	150	0	200	0	0	0	0	0	0	0	1	1	1	-1	-1	0	0	1	0	0	1	1	0	-1	0	1	200	0	0	0	0	0	苍穹法带
796	34	-1	-1	6360	0	0	9	0	1	150	0	200	0	0	0	0	0	0	0	1	1	1	-1	-1	0	0	1	0	0	1	1	0	-1	0	1	200	0	0	0	0	0	苍穹法靴
797	34	-1	-1	6370	0	0	12	0	1	150	0	200	0	0	0	0	0	0	0	1	1	1	-1	-1	0	0	1	0	0	1	1	0	-1	0	1	200	0	0	0	0	0	万劫道盔
798	34	-1	-1	6390	0	0	12	0	1	150	0	200	0	0	0	0	0	0	0	1	1	1	-1	-1	0	0	1	0	0	1	1	0	-1	0	1	200	0	0	0	0	0	万劫项链
799	34	-1	-1	6410	0	0	12	0	1	150	0	200	0	0	0	0	0	0	0	1	1	1	-1	-1	0	0	1	0	0	1	1	0	-1	0	1	200	0	0	0	0	0	万劫护臂
800	34	-1	-1	6430	0	0	12	0	1	150	0	200	0	0	0	0	0	0	0	1	1	1	-1	-1	0	0	1	0	0	1	1	0	-1	0	1	200	0	0	0	0	0	万劫戒指
801	34	-1	-1	6450	0	0	12	0	1	150	0	200	0	0	0	0	0	0	0	1	1	1	-1	-1	0	0	1	0	0	1	1	0	-1	0	1	200	0	0	0	0	0	万劫道带
802	34	-1	-1	6470	0	0	12	0	1	150	0	200	0	0	0	0	0	0	0	1	1	1	-1	-1	0	0	1	0	0	1	1	0	-1	0	1	200	0	0	0	0	0	万劫道靴
803	34	-1	-1	6490	0	0	20	0	1	150	0	200	0	0	0	0	0	0	0	1	1	1	-1	-1	0	0	1	0	0	1	1	0	-1	0	1	200	0	0	0	0	0	精绝战盔
804	34	-1	-1	6510	0	0	20	0	1	150	0	200	0	0	0	0	0	0	0	1	1	1	-1	-1	0	0	1	0	0	1	1	0	-1	0	1	200	0	0	0	0	0	精绝项链
805	34	-1	-1	6530	0	0	20	0	1	150	0	200	0	0	0	0	0	0	0	1	1	1	-1	-1	0	0	1	0	0	1	1	0	-1	0	1	200	0	0	0	0	0	精绝护臂
806	34	-1	-1	6550	0	0	20	0	1	150	0	200	0	0	0	0	0	0	0	1	1	1	-1	-1	0	0	1	0	0	1	1	0	-1	0	1	200	0	0	0	0	0	精绝战带
807	34	-1	-1	6570	0	0	20	0	1	150	0	200	0	0	0	0	0	0	0	1	1	1	-1	-1	0	0	1	0	0	1	1	0	-1	0	1	200	0	0	0	0	0	精绝战靴
808	34	-1	-1	6590	0	0	20	0	1	150	0	200	0	0	0	0	0	0	0	1	1	1	-1	-1	0	0	1	0	0	1	1	0	-1	0	1	200	0	0	0	0	0	精绝戒指
809	34	-1	-1	6730	0	0	10	0	1	150	0	200	0	0	0	0	0	0	0	1	1	1	-1	-1	0	0	1	0	0	1	1	0	-1	0	1	200	0	0	0	0	0	紫精法盔
810	34	-1	-1	6740	0	0	10	0	1	150	0	200	0	0	0	0	0	0	0	1	1	1	-1	-1	0	0	1	0	0	1	1	0	-1	0	1	200	0	0	0	0	0	紫精项链
811	34	-1	-1	6750	0	0	10	0	1	150	0	200	0	0	0	0	0	0	0	1	1	1	-1	-1	0	0	1	0	0	1	1	0	-1	0	1	200	0	0	0	0	0	紫精护臂
812	34	-1	-1	6760	0	0	10	0	1	150	0	200	0	0	0	0	0	0	0	1	1	1	-1	-1	0	0	1	0	0	1	1	0	-1	0	1	200	0	0	0	0	0	紫精戒指
813	34	-1	-1	6770	0	0	10	0	1	150	0	200	0	0	0	0	0	0	0	1	1	1	-1	-1	0	0	1	0	0	1	1	0	-1	0	1	200	0	0	0	0	0	紫精法带
814	34	-1	-1	6780	0	0	10	0	1	150	0	200	0	0	0	0	0	0	0	1	1	1	-1	-1	0	0	1	0	0	1	1	0	-1	0	1	200	0	0	0	0	0	紫精法靴
815	34	-1	-1	6610	0	0	12	0	1	150	0	200	0	0	0	0	0	0	0	1	1	1	-1	-1	0	0	1	0	0	1	1	0	-1	0	1	200	0	0	0	0	0	绝虚道盔
816	34	-1	-1	6630	0	0	12	0	1	150	0	200	0	0	0	0	0	0	0	1	1	1	-1	-1	0	0	1	0	0	1	1	0	-1	0	1	200	0	0	0	0	0	绝虚项链
817	34	-1	-1	6650	0	0	12	0	1	150	0	200	0	0	0	0	0	0	0	1	1	1	-1	-1	0	0	1	0	0	1	1	0	-1	0	1	200	0	0	0	0	0	绝虚护臂
818	34	-1	-1	6670	0	0	12	0	1	150	0	200	0	0	0	0	0	0	0	1	1	1	-1	-1	0	0	1	0	0	1	1	0	-1	0	1	200	0	0	0	0	0	绝虚戒指
819	34	-1	-1	6690	0	0	12	0	1	150	0	200	0	0	0	0	0	0	0	1	1	1	-1	-1	0	0	1	0	0	1	1	0	-1	0	1	200	0	0	0	0	0	绝虚道带
820	34	-1	-1	6710	0	0	12	0	1	150	0	200	0	0	0	0	0	0	0	1	1	1	-1	-1	0	0	1	0	0	1	1	0	-1	0	1	200	0	0	0	0	0	绝虚道靴
821	34	-1	-1	6790	0	0	12	0	1	150	0	200	0	0	0	0	0	0	0	1	1	1	-1	-1	0	0	1	0	0	1	1	0	-1	0	1	200	0	0	0	0	0	焚炎战盔
822	34	-1	-1	6810	0	0	12	0	1	150	0	200	0	0	0	0	0	0	0	1	1	1	-1	-1	0	0	1	0	0	1	1	0	-1	0	1	200	0	0	0	0	0	焚炎项链
823	34	-1	-1	6830	0	0	12	0	1	150	0	200	0	0	0	0	0	0	0	1	1	1	-1	-1	0	0	1	0	0	1	1	0	-1	0	1	200	0	0	0	0	0	焚炎护臂
824	34	-1	-1	6850	0	0	12	0	1	150	0	200	0	0	0	0	0	0	0	1	1	1	-1	-1	0	0	1	0	0	1	1	0	-1	0	1	200	0	0	0	0	0	焚炎戒指
825	34	-1	-1	6870	0	0	12	0	1	150	0	200	0	0	0	0	0	0	0	1	1	1	-1	-1	0	0	1	0	0	1	1	0	-1	0	1	200	0	0	0	0	0	焚炎战带
826	34	-1	-1	6890	0	0	12	0	1	150	0	200	0	0	0	0	0	0	0	1	1	1	-1	-1	0	0	1	0	0	1	1	0	-1	0	1	200	0	0	0	0	0	焚炎战靴
827	34	-1	-1	6910	0	0	9	0	1	150	0	200	0	0	0	0	0	0	0	1	1	1	-1	-1	0	0	1	0	0	1	1	0	-1	0	1	200	0	0	0	0	0	焚天法盔
828	34	-1	-1	6920	0	0	9	0	1	150	0	200	0	0	0	0	0	0	0	1	1	1	-1	-1	0	0	1	0	0	1	1	0	-1	0	1	200	0	0	0	0	0	焚天项链
829	34	-1	-1	6930	0	0	9	0	1	150	0	200	0	0	0	0	0	0	0	1	1	1	-1	-1	0	0	1	0	0	1	1	0	-1	0	1	200	0	0	0	0	0	焚天手环
830	34	-1	-1	6940	0	0	9	0	1	150	0	200	0	0	0	0	0	0	0	1	1	1	-1	-1	0	0	1	0	0	1	1	0	-1	0	1	200	0	0	0	0	0	焚天戒指
831	34	-1	-1	6950	0	0	9	0	1	150	0	200	0	0	0	0	0	0	0	1	1	1	-1	-1	0	0	1	0	0	1	1	0	-1	0	1	200	0	0	0	0	0	焚天法靴
832	34	-1	-1	6960	0	0	9	0	1	150	0	200	0	0	0	0	0	0	0	1	1	1	-1	-1	0	0	1	0	0	1	1	0	-1	0	1	200	0	0	0	0	0	焚天法带
833	34	-1	-1	6970	0	0	10	0	1	150	0	200	0	0	0	0	0	0	0	1	1	1	-1	-1	0	0	1	0	0	1	1	0	-1	0	1	200	0	0	0	0	0	焚龙戒指
834	34	-1	-1	6980	0	0	10	0	1	150	0	200	0	0	0	0	0	0	0	1	1	1	-1	-1	0	0	1	0	0	1	1	0	-1	0	1	200	0	0	0	0	0	焚龙护臂
835	34	-1	-1	6990	0	0	10	0	1	150	0	200	0	0	0	0	0	0	0	1	1	1	-1	-1	0	0	1	0	0	1	1	0	-1	0	1	200	0	0	0	0	0	焚龙项链
836	34	-1	-1	7000	0	0	10	0	1	150	0	200	0	0	0	0	0	0	0	1	1	1	-1	-1	0	0	1	0	0	1	1	0	-1	0	1	200	0	0	0	0	0	焚龙道带
837	34	-1	-1	7010	0	0	10	0	1	150	0	200	0	0	0	0	0	0	0	1	1	1	-1	-1	0	0	1	0	0	1	1	0	-1	0	1	200	0	0	0	0	0	焚龙道靴
838	34	-1	-1	7020	0	0	10	0	1	150	0	200	0	0	0	0	0	0	0	1	1	1	-1	-1	0	0	1	0	0	1	1	0	-1	0	1	200	0	0	0	0	0	焚龙道盔
839	34	-1	-1	7030	0	0	12	0	1	150	0	200	0	0	0	0	0	0	0	1	1	1	-1	-1	0	0	1	0	0	1	1	0	-1	0	1	200	0	0	0	0	0	炙热战盔
840	34	-1	-1	7050	0	0	12	0	1	150	0	200	0	0	0	0	0	0	0	1	1	1	-1	-1	0	0	1	0	0	1	1	0	-1	0	1	200	0	0	0	0	0	炙热手镯
841	34	-1	-1	7070	0	0	12	0	1	150	0	200	0	0	0	0	0	0	0	1	1	1	-1	-1	0	0	1	0	0	1	1	0	-1	0	1	200	0	0	0	0	0	炙热戒指
842	34	-1	-1	7090	0	0	12	0	1	150	0	200	0	0	0	0	0	0	0	1	1	1	-1	-1	0	0	1	0	0	1	1	0	-1	0	1	200	0	0	0	0	0	炙热战带
843	34	-1	-1	7110	0	0	12	0	1	150	0	200	0	0	0	0	0	0	0	1	1	1	-1	-1	0	0	1	0	0	1	1	0	-1	0	1	200	0	0	0	0	0	炙热项链
844	34	-1	-1	7130	0	0	12	0	1	150	0	200	0	0	0	0	0	0	0	1	1	1	-1	-1	0	0	1	0	0	1	1	0	-1	0	1	200	0	0	0	0	0	炙热战靴
845	34	-1	-1	7150	0	0	14	0	1	150	0	200	0	0	0	0	0	0	0	1	1	1	-1	-1	0	0	1	0	0	1	1	0	-1	0	1	200	0	0	0	0	0	青炎法靴
846	34	-1	-1	7170	0	0	14	0	1	150	0	200	0	0	0	0	0	0	0	1	1	1	-1	-1	0	0	1	0	0	1	1	0	-1	0	1	200	0	0	0	0	0	青炎法盔
847	34	-1	-1	7190	0	0	14	0	1	150	0	200	0	0	0	0	0	0	0	1	1	1	-1	-1	0	0	1	0	0	1	1	0	-1	0	1	200	0	0	0	0	0	青炎项链
848	34	-1	-1	7210	0	0	14	0	1	150	0	200	0	0	0	0	0	0	0	1	1	1	-1	-1	0	0	1	0	0	1	1	0	-1	0	1	200	0	0	0	0	0	青炎戒指
849	34	-1	-1	7230	0	0	14	0	1	150	0	200	0	0	0	0	0	0	0	1	1	1	-1	-1	0	0	1	0	0	1	1	0	-1	0	1	200	0	0	0	0	0	青炎手镯
850	34	-1	-1	7250	0	0	14	0	1	150	0	200	0	0	0	0	0	0	0	1	1	1	-1	-1	0	0	1	0	0	1	1	0	-1	0	1	200	0	0	0	0	0	青炎法核
851	34	-1	-1	7270	0	0	12	0	1	150	0	200	0	0	0	0	0	0	0	1	1	1	-1	-1	0	0	1	0	0	1	1	0	-1	0	1	200	0	0	0	0	0	绿炎道盔
852	34	-1	-1	7290	0	0	12	0	1	150	0	200	0	0	0	0	0	0	0	1	1	1	-1	-1	0	0	1	0	0	1	1	0	-1	0	1	200	0	0	0	0	0	绿炎项链
853	34	-1	-1	7310	0	0	12	0	1	150	0	200	0	0	0	0	0	0	0	1	1	1	-1	-1	0	0	1	0	0	1	1	0	-1	0	1	200	0	0	0	0	0	绿炎护臂
854	34	-1	-1	7330	0	0	12	0	1	150	0	200	0	0	0	0	0	0	0	1	1	1	-1	-1	0	0	1	0	0	1	1	0	-1	0	1	200	0	0	0	0	0	绿炎戒指
855	34	-1	-1	7350	0	0	12	0	1	150	0	200	0	0	0	0	0	0	0	1	1	1	-1	-1	0	0	1	0	0	1	1	0	-1	0	1	200	0	0	0	0	0	绿炎道带
856	34	-1	-1	7370	0	0	12	0	1	150	0	200	0	0	0	0	0	0	0	1	1	1	-1	-1	0	0	1	0	0	1	1	0	-1	0	1	200	0	0	0	0	0	绿炎道靴
857	34	-1	-1	7390	0	0	12	0	1	150	0	200	0	0	0	0	0	0	0	1	1	1	-1	-1	0	0	1	0	0	1	1	0	-1	0	1	200	0	0	0	0	0	血饮战盔
858	34	-1	-1	7410	0	0	12	0	1	150	0	200	0	0	0	0	0	0	0	1	1	1	-1	-1	0	0	1	0	0	1	1	0	-1	0	1	200	0	0	0	0	0	血饮项链
859	34	-1	-1	7430	0	0	12	0	1	150	0	200	0	0	0	0	0	0	0	1	1	1	-1	-1	0	0	1	0	0	1	1	0	-1	0	1	200	0	0	0	0	0	血饮护臂
860	34	-1	-1	7450	0	0	12	0	1	150	0	200	0	0	0	0	0	0	0	1	1	1	-1	-1	0	0	1	0	0	1	1	0	-1	0	1	200	0	0	0	0	0	血饮戒指
861	34	-1	-1	7470	0	0	12	0	1	150	0	200	0	0	0	0	0	0	0	1	1	1	-1	-1	0	0	1	0	0	1	1	0	-1	0	1	200	0	0	0	0	0	血饮战带
862	34	-1	-1	7490	0	0	12	0	1	150	0	200	0	0	0	0	0	0	0	1	1	1	-1	-1	0	0	1	0	0	1	1	0	-1	0	1	200	0	0	0	0	0	血饮战靴
863	34	-1	-1	7510	0	0	12	0	1	150	0	200	0	0	0	0	0	0	0	1	1	1	-1	-1	0	0	1	0	0	1	1	0	-1	0	1	200	0	0	0	0	0	血祭法盔
864	34	-1	-1	7530	0	0	12	0	1	150	0	200	0	0	0	0	0	0	0	1	1	1	-1	-1	0	0	1	0	0	1	1	0	-1	0	1	200	0	0	0	0	0	血祭项链
865	34	-1	-1	7550	0	0	12	0	1	150	0	200	0	0	0	0	0	0	0	1	1	1	-1	-1	0	0	1	0	0	1	1	0	-1	0	1	200	0	0	0	0	0	血祭护臂
866	34	-1	-1	7570	0	0	12	0	1	150	0	200	0	0	0	0	0	0	0	1	1	1	-1	-1	0	0	1	0	0	1	1	0	-1	0	1	200	0	0	0	0	0	血祭戒指
867	34	-1	-1	7590	0	0	12	0	1	150	0	200	0	0	0	0	0	0	0	1	1	1	-1	-1	0	0	1	0	0	1	1	0	-1	0	1	200	0	0	0	0	0	血祭法带
868	34	-1	-1	7610	0	0	12	0	1	150	0	200	0	0	0	0	0	0	0	1	1	1	-1	-1	0	0	1	0	0	1	1	0	-1	0	1	200	0	0	0	0	0	血祭法靴
869	34	-1	-1	7630	0	0	12	0	1	150	0	200	0	0	0	0	0	0	0	1	1	1	-1	-1	0	0	1	0	0	1	1	0	-1	0	1	200	0	0	0	0	0	血咒道盔
870	34	-1	-1	7650	0	0	12	0	1	150	0	200	0	0	0	0	0	0	0	1	1	1	-1	-1	0	0	1	0	0	1	1	0	-1	0	1	200	0	0	0	0	0	血咒项链
871	34	-1	-1	7670	0	0	12	0	1	150	0	200	0	0	0	0	0	0	0	1	1	1	-1	-1	0	0	1	0	0	1	1	0	-1	0	1	200	0	0	0	0	0	血咒护臂
872	34	-1	-1	7690	0	0	12	0	1	150	0	200	0	0	0	0	0	0	0	1	1	1	-1	-1	0	0	1	0	0	1	1	0	-1	0	1	200	0	0	0	0	0	血咒戒指
873	34	-1	-1	7710	0	0	12	0	1	150	0	200	0	0	0	0	0	0	0	1	1	1	-1	-1	0	0	1	0	0	1	1	0	-1	0	1	200	0	0	0	0	0	血咒道带
874	34	-1	-1	7730	0	0	12	0	1	150	0	200	0	0	0	0	0	0	0	1	1	1	-1	-1	0	0	1	0	0	1	1	0	-1	0	1	200	0	0	0	0	0	血咒道靴
875	34	-1	-1	7750	0	0	20	0	1	150	0	200	0	0	0	0	0	0	0	1	1	1	-1	-1	0	0	1	0	0	1	1	0	-1	0	1	200	0	0	0	0	0	炼狱战盔
876	34	-1	-1	7770	0	0	20	0	1	150	0	200	0	0	0	0	0	0	0	1	1	1	-1	-1	0	0	1	0	0	1	1	0	-1	0	1	200	0	0	0	0	0	炼狱戒指
877	34	-1	-1	7790	0	0	20	0	1	150	0	200	0	0	0	0	0	0	0	1	1	1	-1	-1	0	0	1	0	0	1	1	0	-1	0	1	200	0	0	0	0	0	炼狱手套
878	34	-1	-1	7810	0	0	20	0	1	150	0	200	0	0	0	0	0	0	0	1	1	1	-1	-1	0	0	1	0	0	1	1	0	-1	0	1	200	0	0	0	0	0	炼狱项链
879	34	-1	-1	7830	0	0	20	0	1	150	0	200	0	0	0	0	0	0	0	1	1	1	-1	-1	0	0	1	0	0	1	1	0	-1	0	1	200	0	0	0	0	0	炼狱战带
880	34	-1	-1	7850	0	0	20	0	1	150	0	200	0	0	0	0	0	0	0	1	1	1	-1	-1	0	0	1	0	0	1	1	0	-1	0	1	200	0	0	0	0	0	炼狱战靴
881	34	-1	-1	7870	0	0	15	0	1	150	0	200	0	0	0	0	0	0	0	1	1	1	-1	-1	0	0	1	0	0	1	1	0	-1	0	1	200	0	0	0	0	0	炼魂法靴
882	34	-1	-1	7890	0	0	15	0	1	150	0	200	0	0	0	0	0	0	0	1	1	1	-1	-1	0	0	1	0	0	1	1	0	-1	0	1	200	0	0	0	0	0	炼魂法带
883	34	-1	-1	7910	0	0	15	0	1	150	0	200	0	0	0	0	0	0	0	1	1	1	-1	-1	0	0	1	0	0	1	1	0	-1	0	1	200	0	0	0	0	0	炼魂项链
884	34	-1	-1	7930	0	0	15	0	1	150	0	200	0	0	0	0	0	0	0	1	1	1	-1	-1	0	0	1	0	0	1	1	0	-1	0	1	200	0	0	0	0	0	炼魂护臂
885	34	-1	-1	7950	0	0	15	0	1	150	0	200	0	0	0	0	0	0	0	1	1	1	-1	-1	0	0	1	0	0	1	1	0	-1	0	1	200	0	0	0	0	0	炼魂戒指
886	34	-1	-1	7970	0	0	15	0	1	150	0	200	0	0	0	0	0	0	0	1	1	1	-1	-1	0	0	1	0	0	1	1	0	-1	0	1	200	0	0	0	0	0	炼魂法盔
887	34	-1	-1	7990	0	0	15	0	1	150	0	200	0	0	0	0	0	0	0	1	1	1	-1	-1	0	0	1	0	0	1	1	0	-1	0	1	200	0	0	0	0	0	炼灵道盔
888	34	-1	-1	8010	0	0	15	0	1	150	0	200	0	0	0	0	0	0	0	1	1	1	-1	-1	0	0	1	0	0	1	1	0	-1	0	1	200	0	0	0	0	0	炼灵项链
889	34	-1	-1	8030	0	0	15	0	1	150	0	200	0	0	0	0	0	0	0	1	1	1	-1	-1	0	0	1	0	0	1	1	0	-1	0	1	200	0	0	0	0	0	炼灵护臂
890	34	-1	-1	8050	0	0	15	0	1	150	0	200	0	0	0	0	0	0	0	1	1	1	-1	-1	0	0	1	0	0	1	1	0	-1	0	1	200	0	0	0	0	0	炼灵戒指
891	34	-1	-1	8070	0	0	15	0	1	150	0	200	0	0	0	0	0	0	0	1	1	1	-1	-1	0	0	1	0	0	1	1	0	-1	0	1	200	0	0	0	0	0	炼灵腰带
892	34	-1	-1	8090	0	0	15	0	1	150	0	200	0	0	0	0	0	0	0	1	1	1	-1	-1	0	0	1	0	0	1	1	0	-1	0	1	200	0	0	0	0	0	炼灵道靴
893	34	-1	-1	8110	0	0	10	0	1	150	0	200	0	0	0	0	0	0	0	1	1	1	-1	-1	0	0	1	0	0	1	1	0	-1	0	1	200	0	0	0	0	0	冥王战盔
894	34	-1	-1	8120	0	0	10	0	1	150	0	200	0	0	0	0	0	0	0	1	1	1	-1	-1	0	0	1	0	0	1	1	0	-1	0	1	200	0	0	0	0	0	冥王腰带
895	34	-1	-1	8130	0	0	10	0	1	150	0	200	0	0	0	0	0	0	0	1	1	1	-1	-1	0	0	1	0	0	1	1	0	-1	0	1	200	0	0	0	0	0	冥王护臂
896	34	-1	-1	8140	0	0	10	0	1	150	0	200	0	0	0	0	0	0	0	1	1	1	-1	-1	0	0	1	0	0	1	1	0	-1	0	1	200	0	0	0	0	0	冥王战靴
897	34	-1	-1	8150	0	0	10	0	1	150	0	200	0	0	0	0	0	0	0	1	1	1	-1	-1	0	0	1	0	0	1	1	0	-1	0	1	200	0	0	0	0	0	冥王戒指
898	34	-1	-1	8160	0	0	10	0	1	150	0	200	0	0	0	0	0	0	0	1	1	1	-1	-1	0	0	1	0	0	1	1	0	-1	0	1	200	0	0	0	0	0	冥王项链
899	34	-1	-1	8170	0	0	10	0	1	150	0	200	0	0	0	0	0	0	0	1	1	1	-1	-1	0	0	1	0	0	1	1	0	-1	0	1	200	0	0	0	0	0	冥光法盔
900	34	-1	-1	8180	0	0	10	0	1	150	0	200	0	0	0	0	0	0	0	1	1	1	-1	-1	0	0	1	0	0	1	1	0	-1	0	1	200	0	0	0	0	0	冥光法带
901	34	-1	-1	8190	0	0	10	0	1	150	0	200	0	0	0	0	0	0	0	1	1	1	-1	-1	0	0	1	0	0	1	1	0	-1	0	1	200	0	0	0	0	0	冥光护臂
902	34	-1	-1	8200	0	0	10	0	1	150	0	200	0	0	0	0	0	0	0	1	1	1	-1	-1	0	0	1	0	0	1	1	0	-1	0	1	200	0	0	0	0	0	冥光法靴
903	34	-1	-1	8210	0	0	10	0	1	150	0	200	0	0	0	0	0	0	0	1	1	1	-1	-1	0	0	1	0	0	1	1	0	-1	0	1	200	0	0	0	0	0	冥光戒指
904	34	-1	-1	8220	0	0	10	0	1	150	0	200	0	0	0	0	0	0	0	1	1	1	-1	-1	0	0	1	0	0	1	1	0	-1	0	1	200	0	0	0	0	0	冥光项链
905	34	-1	-1	8230	0	0	12	0	1	150	0	200	0	0	0	0	0	0	0	1	1	1	-1	-1	0	0	1	0	0	1	1	0	-1	0	1	200	0	0	0	0	0	冥影道盔
906	34	-1	-1	8250	0	0	12	0	1	150	0	200	0	0	0	0	0	0	0	1	1	1	-1	-1	0	0	1	0	0	1	1	0	-1	0	1	200	0	0	0	0	0	冥影项链
907	34	-1	-1	8270	0	0	12	0	1	150	0	200	0	0	0	0	0	0	0	1	1	1	-1	-1	0	0	1	0	0	1	1	0	-1	0	1	200	0	0	0	0	0	冥影护臂
908	34	-1	-1	8290	0	0	12	0	1	150	0	200	0	0	0	0	0	0	0	1	1	1	-1	-1	0	0	1	0	0	1	1	0	-1	0	1	200	0	0	0	0	0	冥影戒指
909	34	-1	-1	8310	0	0	12	0	1	150	0	200	0	0	0	0	0	0	0	1	1	1	-1	-1	0	0	1	0	0	1	1	0	-1	0	1	200	0	0	0	0	0	冥影道带
910	34	-1	-1	8330	0	0	12	0	1	150	0	200	0	0	0	0	0	0	0	1	1	1	-1	-1	0	0	1	0	0	1	1	0	-1	0	1	200	0	0	0	0	0	冥影道靴
911	34	-1	-1	8350	0	0	8	0	1	150	0	200	0	0	0	0	0	0	0	1	1	1	-1	-1	0	0	1	0	0	1	1	0	-1	0	1	200	0	0	0	0	0	火疫战盔
912	34	-1	-1	8360	0	0	8	0	1	150	0	200	0	0	0	0	0	0	0	1	1	1	-1	-1	0	0	1	0	0	1	1	0	-1	0	1	200	0	0	0	0	0	火疫护臂
913	34	-1	-1	8370	0	0	8	0	1	150	0	200	0	0	0	0	0	0	0	1	1	1	-1	-1	0	0	1	0	0	1	1	0	-1	0	1	200	0	0	0	0	0	火疫战带
914	34	-1	-1	8380	0	0	8	0	1	150	0	200	0	0	0	0	0	0	0	1	1	1	-1	-1	0	0	1	0	0	1	1	0	-1	0	1	200	0	0	0	0	0	火疫战靴
915	34	-1	-1	8390	0	0	8	0	1	150	0	200	0	0	0	0	0	0	0	1	1	1	-1	-1	0	0	1	0	0	1	1	0	-1	0	1	200	0	0	0	0	0	火疫项链
916	34	-1	-1	8400	0	0	8	0	1	150	0	200	0	0	0	0	0	0	0	1	1	1	-1	-1	0	0	1	0	0	1	1	0	-1	0	1	200	0	0	0	0	0	火疫戒指
917	34	-1	-1	8410	0	0	10	0	1	150	0	200	0	0	0	0	0	0	0	1	1	1	-1	-1	0	0	1	0	0	1	1	0	-1	0	1	200	0	0	0	0	0	红瘟护臂
918	34	-1	-1	8420	0	0	10	0	1	150	0	200	0	0	0	0	0	0	0	1	1	1	-1	-1	0	0	1	0	0	1	1	0	-1	0	1	200	0	0	0	0	0	红瘟项链
919	34	-1	-1	8430	0	0	10	0	1	150	0	200	0	0	0	0	0	0	0	1	1	1	-1	-1	0	0	1	0	0	1	1	0	-1	0	1	200	0	0	0	0	0	红瘟法盔
920	34	-1	-1	8440	0	0	10	0	1	150	0	200	0	0	0	0	0	0	0	1	1	1	-1	-1	0	0	1	0	0	1	1	0	-1	0	1	200	0	0	0	0	0	红瘟法靴
921	34	-1	-1	8450	0	0	10	0	1	150	0	200	0	0	0	0	0	0	0	1	1	1	-1	-1	0	0	1	0	0	1	1	0	-1	0	1	200	0	0	0	0	0	红瘟法带
922	34	-1	-1	8460	0	0	10	0	1	150	0	200	0	0	0	0	0	0	0	1	1	1	-1	-1	0	0	1	0	0	1	1	0	-1	0	1	200	0	0	0	0	0	红瘟戒指
923	34	-1	-1	8470	0	0	16	0	1	150	0	200	0	0	0	0	0	0	0	1	1	1	-1	-1	0	0	1	0	0	1	1	0	-1	0	1	200	0	0	0	0	0	绿毒道盔
924	34	-1	-1	8490	0	0	16	0	1	150	0	200	0	0	0	0	0	0	0	1	1	1	-1	-1	0	0	1	0	0	1	1	0	-1	0	1	200	0	0	0	0	0	绿毒项链
925	34	-1	-1	8510	0	0	16	0	1	150	0	200	0	0	0	0	0	0	0	1	1	1	-1	-1	0	0	1	0	0	1	1	0	-1	0	1	200	0	0	0	0	0	绿毒手镯
926	34	-1	-1	8530	0	0	16	0	1	150	0	200	0	0	0	0	0	0	0	1	1	1	-1	-1	0	0	1	0	0	1	1	0	-1	0	1	200	0	0	0	0	0	绿毒戒指
927	34	-1	-1	8550	0	0	16	0	1	150	0	200	0	0	0	0	0	0	0	1	1	1	-1	-1	0	0	1	0	0	1	1	0	-1	0	1	200	0	0	0	0	0	绿毒腰带
928	34	-1	-1	8570	0	0	16	0	1	150	0	200	0	0	0	0	0	0	0	1	1	1	-1	-1	0	0	1	0	0	1	1	0	-1	0	1	200	0	0	0	0	0	绿毒道靴
929	34	-1	-1	8590	0	0	15	0	1	150	0	200	0	0	0	0	0	0	0	1	1	1	-1	-1	0	0	1	0	0	1	1	0	-1	0	1	200	0	0	0	0	0	暗凰戒指
930	34	-1	-1	8610	0	0	15	0	1	150	0	200	0	0	0	0	0	0	0	1	1	1	-1	-1	0	0	1	0	0	1	1	0	-1	0	1	200	0	0	0	0	0	暗凰项链
931	34	-1	-1	8630	0	0	15	0	1	150	0	200	0	0	0	0	0	0	0	1	1	1	-1	-1	0	0	1	0	0	1	1	0	-1	0	1	200	0	0	0	0	0	暗凰战带
932	34	-1	-1	8650	0	0	15	0	1	150	0	200	0	0	0	0	0	0	0	1	1	1	-1	-1	0	0	1	0	0	1	1	0	-1	0	1	200	0	0	0	0	0	暗凰战盔
933	34	-1	-1	8670	0	0	15	0	1	150	0	200	0	0	0	0	0	0	0	1	1	1	-1	-1	0	0	1	0	0	1	1	0	-1	0	1	200	0	0	0	0	0	暗凰护臂
934	34	-1	-1	8690	0	0	15	0	1	150	0	200	0	0	0	0	0	0	0	1	1	1	-1	-1	0	0	1	0	0	1	1	0	-1	0	1	200	0	0	0	0	0	暗凰战靴
935	34	-1	-1	8710	0	0	15	0	1	150	0	200	0	0	0	0	0	0	0	1	1	1	-1	-1	0	0	1	0	0	1	1	0	-1	0	1	200	0	0	0	0	0	蓝灵戒指
936	34	-1	-1	8730	0	0	15	0	1	150	0	200	0	0	0	0	0	0	0	1	1	1	-1	-1	0	0	1	0	0	1	1	0	-1	0	1	200	0	0	0	0	0	蓝灵项链
937	34	-1	-1	8750	0	0	15	0	1	150	0	200	0	0	0	0	0	0	0	1	1	1	-1	-1	0	0	1	0	0	1	1	0	-1	0	1	200	0	0	0	0	0	蓝灵法靴
938	34	-1	-1	8770	0	0	15	0	1	150	0	200	0	0	0	0	0	0	0	1	1	1	-1	-1	0	0	1	0	0	1	1	0	-1	0	1	200	0	0	0	0	0	蓝灵护臂
939	34	-1	-1	8790	0	0	15	0	1	150	0	200	0	0	0	0	0	0	0	1	1	1	-1	-1	0	0	1	0	0	1	1	0	-1	0	1	200	0	0	0	0	0	蓝灵法盔
940	34	-1	-1	8810	0	0	15	0	1	150	0	200	0	0	0	0	0	0	0	1	1	1	-1	-1	0	0	1	0	0	1	1	0	-1	0	1	200	0	0	0	0	0	蓝灵法带
941	34	-1	-1	8830	0	0	15	0	1	150	0	200	0	0	0	0	0	0	0	1	1	1	-1	-1	0	0	1	0	0	1	1	0	-1	0	1	200	0	0	0	0	0	绿棕道盔
942	34	-1	-1	8850	0	0	15	0	1	150	0	200	0	0	0	0	0	0	0	1	1	1	-1	-1	0	0	1	0	0	1	1	0	-1	0	1	200	0	0	0	0	0	绿棕项链
943	34	-1	-1	8870	0	0	15	0	1	150	0	200	0	0	0	0	0	0	0	1	1	1	-1	-1	0	0	1	0	0	1	1	0	-1	0	1	200	0	0	0	0	0	绿棕护臂
944	34	-1	-1	8890	0	0	15	0	1	150	0	200	0	0	0	0	0	0	0	1	1	1	-1	-1	0	0	1	0	0	1	1	0	-1	0	1	200	0	0	0	0	0	绿棕戒指
945	34	-1	-1	8910	0	0	15	0	1	150	0	200	0	0	0	0	0	0	0	1	1	1	-1	-1	0	0	1	0	0	1	1	0	-1	0	1	200	0	0	0	0	0	绿棕腰带
946	34	-1	-1	8930	0	0	15	0	1	150	0	200	0	0	0	0	0	0	0	1	1	1	-1	-1	0	0	1	0	0	1	1	0	-1	0	1	200	0	0	0	0	0	绿棕道靴
947	34	-1	-1	8950	0	0	9	0	1	150	0	200	0	0	0	0	0	0	0	1	1	1	-1	-1	0	0	1	0	0	1	1	0	-1	0	1	200	0	0	0	0	0	杀戮项链
948	34	-1	-1	8960	0	0	9	0	1	150	0	200	0	0	0	0	0	0	0	1	1	1	-1	-1	0	0	1	0	0	1	1	0	-1	0	1	200	0	0	0	0	0	杀戮手镯
949	34	-1	-1	8970	0	0	9	0	1	150	0	200	0	0	0	0	0	0	0	1	1	1	-1	-1	0	0	1	0	0	1	1	0	-1	0	1	200	0	0	0	0	0	杀戮战盔
950	34	-1	-1	8980	0	0	9	0	1	150	0	200	0	0	0	0	0	0	0	1	1	1	-1	-1	0	0	1	0	0	1	1	0	-1	0	1	200	0	0	0	0	0	杀戮战带
951	34	-1	-1	8990	0	0	9	0	1	150	0	200	0	0	0	0	0	0	0	1	1	1	-1	-1	0	0	1	0	0	1	1	0	-1	0	1	200	0	0	0	0	0	杀戮战靴
952	34	-1	-1	9000	0	0	9	0	1	150	0	200	0	0	0	0	0	0	0	1	1	1	-1	-1	0	0	1	0	0	1	1	0	-1	0	1	200	0	0	0	0	0	杀戮戒指
953	34	-1	-1	9010	0	0	10	0	1	150	0	200	0	0	0	0	0	0	0	1	1	1	-1	-1	0	0	1	0	0	1	1	0	-1	0	1	200	0	0	0	0	0	红鹰法靴
954	34	-1	-1	9020	0	0	10	0	1	150	0	200	0	0	0	0	0	0	0	1	1	1	-1	-1	0	0	1	0	0	1	1	0	-1	0	1	200	0	0	0	0	0	红鹰法带
955	34	-1	-1	9030	0	0	10	0	1	150	0	200	0	0	0	0	0	0	0	1	1	1	-1	-1	0	0	1	0	0	1	1	0	-1	0	1	200	0	0	0	0	0	红鹰戒指
956	34	-1	-1	9040	0	0	10	0	1	150	0	200	0	0	0	0	0	0	0	1	1	1	-1	-1	0	0	1	0	0	1	1	0	-1	0	1	200	0	0	0	0	0	红鹰护臂
957	34	-1	-1	9050	0	0	10	0	1	150	0	200	0	0	0	0	0	0	0	1	1	1	-1	-1	0	0	1	0	0	1	1	0	-1	0	1	200	0	0	0	0	0	红鹰项链
958	34	-1	-1	9060	0	0	10	0	1	150	0	200	0	0	0	0	0	0	0	1	1	1	-1	-1	0	0	1	0	0	1	1	0	-1	0	1	200	0	0	0	0	0	红鹰法盔
959	34	-1	-1	9070	0	0	20	0	1	150	0	200	0	0	0	0	0	0	0	1	1	1	-1	-1	0	0	1	0	0	1	1	0	-1	0	1	200	0	0	0	0	0	蓝星道盔
960	34	-1	-1	9090	0	0	20	0	1	150	0	200	0	0	0	0	0	0	0	1	1	1	-1	-1	0	0	1	0	0	1	1	0	-1	0	1	200	0	0	0	0	0	蓝星项链
961	34	-1	-1	9110	0	0	20	0	1	150	0	200	0	0	0	0	0	0	0	1	1	1	-1	-1	0	0	1	0	0	1	1	0	-1	0	1	200	0	0	0	0	0	蓝星护臂
962	34	-1	-1	9130	0	0	20	0	1	150	0	200	0	0	0	0	0	0	0	1	1	1	-1	-1	0	0	1	0	0	1	1	0	-1	0	1	200	0	0	0	0	0	蓝星戒指
963	34	-1	-1	9150	0	0	20	0	1	150	0	200	0	0	0	0	0	0	0	1	1	1	-1	-1	0	0	1	0	0	1	1	0	-1	0	1	200	0	0	0	0	0	蓝星道带
964	34	-1	-1	9170	0	0	20	0	1	150	0	200	0	0	0	0	0	0	0	1	1	1	-1	-1	0	0	1	0	0	1	1	0	-1	0	1	200	0	0	0	0	0	蓝星道靴
965	34	-1	-1	9190	0	0	15	0	1	150	0	200	0	0	0	0	0	0	0	1	1	1	-1	-1	0	0	1	0	0	1	1	0	-1	0	1	200	0	0	0	0	0	暴风戒指
966	34	-1	-1	9210	0	0	15	0	1	150	0	200	0	0	0	0	0	0	0	1	1	1	-1	-1	0	0	1	0	0	1	1	0	-1	0	1	200	0	0	0	0	0	暴风护臂
967	34	-1	-1	9230	0	0	15	0	1	150	0	200	0	0	0	0	0	0	0	1	1	1	-1	-1	0	0	1	0	0	1	1	0	-1	0	1	200	0	0	0	0	0	暴风战盔
968	34	-1	-1	9250	0	0	15	0	1	150	0	200	0	0	0	0	0	0	0	1	1	1	-1	-1	0	0	1	0	0	1	1	0	-1	0	1	200	0	0	0	0	0	暴风项链
969	34	-1	-1	9270	0	0	15	0	1	150	0	200	0	0	0	0	0	0	0	1	1	1	-1	-1	0	0	1	0	0	1	1	0	-1	0	1	200	0	0	0	0	0	暴风战靴
970	34	-1	-1	9290	0	0	15	0	1	150	0	200	0	0	0	0	0	0	0	1	1	1	-1	-1	0	0	1	0	0	1	1	0	-1	0	1	200	0	0	0	0	0	暴风战带
971	34	-1	-1	9310	0	0	12	0	1	150	0	200	0	0	0	0	0	0	0	1	1	1	-1	-1	0	0	1	0	0	1	1	0	-1	0	1	200	0	0	0	0	0	霓霞法盔
972	34	-1	-1	9330	0	0	12	0	1	150	0	200	0	0	0	0	0	0	0	1	1	1	-1	-1	0	0	1	0	0	1	1	0	-1	0	1	200	0	0	0	0	0	霓霞项链
973	34	-1	-1	9350	0	0	12	0	1	150	0	200	0	0	0	0	0	0	0	1	1	1	-1	-1	0	0	1	0	0	1	1	0	-1	0	1	200	0	0	0	0	0	霓霞护臂
974	34	-1	-1	9370	0	0	12	0	1	150	0	200	0	0	0	0	0	0	0	1	1	1	-1	-1	0	0	1	0	0	1	1	0	-1	0	1	200	0	0	0	0	0	霓霞戒指
975	34	-1	-1	9390	0	0	12	0	1	150	0	200	0	0	0	0	0	0	0	1	1	1	-1	-1	0	0	1	0	0	1	1	0	-1	0	1	200	0	0	0	0	0	霓霞法带
976	34	-1	-1	9410	0	0	12	0	1	150	0	200	0	0	0	0	0	0	0	1	1	1	-1	-1	0	0	1	0	0	1	1	0	-1	0	1	200	0	0	0	0	0	霓霞法靴
977	34	-1	-1	9430	0	0	10	0	1	150	0	200	0	0	0	0	0	0	0	1	1	1	-1	-1	0	0	1	0	0	1	1	0	-1	0	1	200	0	0	0	0	0	墨羽道带
978	34	-1	-1	9440	0	0	10	0	1	150	0	200	0	0	0	0	0	0	0	1	1	1	-1	-1	0	0	1	0	0	1	1	0	-1	0	1	200	0	0	0	0	0	墨羽道盔
979	34	-1	-1	9450	0	0	10	0	1	150	0	200	0	0	0	0	0	0	0	1	1	1	-1	-1	0	0	1	0	0	1	1	0	-1	0	1	200	0	0	0	0	0	墨羽项链
980	34	-1	-1	9460	0	0	10	0	1	150	0	200	0	0	0	0	0	0	0	1	1	1	-1	-1	0	0	1	0	0	1	1	0	-1	0	1	200	0	0	0	0	0	墨羽手镯
981	34	-1	-1	9470	0	0	10	0	1	150	0	200	0	0	0	0	0	0	0	1	1	1	-1	-1	0	0	1	0	0	1	1	0	-1	0	1	200	0	0	0	0	0	墨羽道靴
982	34	-1	-1	9480	0	0	9	0	1	150	0	200	0	0	0	0	0	0	0	1	1	1	-1	-1	0	0	1	0	0	1	1	0	-1	0	1	200	0	0	0	0	0	墨羽戒指
983	34	-1	-1	9490	0	0	15	0	1	150	0	200	0	0	0	0	0	0	0	1	1	1	-1	-1	0	0	1	0	0	1	1	0	-1	0	1	200	0	0	0	0	0	修罗手镯
984	34	-1	-1	9510	0	0	15	0	1	150	0	200	0	0	0	0	0	0	0	1	1	1	-1	-1	0	0	1	0	0	1	1	0	-1	0	1	200	0	0	0	0	0	修罗战盔
985	34	-1	-1	9530	0	0	15	0	1	150	0	200	0	0	0	0	0	0	0	1	1	1	-1	-1	0	0	1	0	0	1	1	0	-1	0	1	200	0	0	0	0	0	修罗戒指
986	34	-1	-1	9550	0	0	15	0	1	150	0	200	0	0	0	0	0	0	0	1	1	1	-1	-1	0	0	1	0	0	1	1	0	-1	0	1	200	0	0	0	0	0	修罗项链
987	34	-1	-1	9570	0	0	15	0	1	150	0	200	0	0	0	0	0	0	0	1	1	1	-1	-1	0	0	1	0	0	1	1	0	-1	0	1	200	0	0	0	0	0	修罗战靴
988	34	-1	-1	9590	0	0	15	0	1	150	0	200	0	0	0	0	0	0	0	1	1	1	-1	-1	0	0	1	0	0	1	1	0	-1	0	1	200	0	0	0	0	0	修罗腰带
989	34	-1	-1	9610	0	0	12	0	1	150	0	200	0	0	0	0	0	0	0	1	1	1	-1	-1	0	0	1	0	0	1	1	0	-1	0	1	200	0	0	0	0	0	湮灭护臂
990	34	-1	-1	9630	0	0	12	0	1	150	0	200	0	0	0	0	0	0	0	1	1	1	-1	-1	0	0	1	0	0	1	1	0	-1	0	1	200	0	0	0	0	0	湮灭法盔
991	34	-1	-1	9650	0	0	12	0	1	150	0	200	0	0	0	0	0	0	0	1	1	1	-1	-1	0	0	1	0	0	1	1	0	-1	0	1	200	0	0	0	0	0	湮灭戒指
992	34	-1	-1	9670	0	0	12	0	1	150	0	200	0	0	0	0	0	0	0	1	1	1	-1	-1	0	0	1	0	0	1	1	0	-1	0	1	200	0	0	0	0	0	湮灭法靴
993	34	-1	-1	9690	0	0	12	0	1	150	0	200	0	0	0	0	0	0	0	1	1	1	-1	-1	0	0	1	0	0	1	1	0	-1	0	1	200	0	0	0	0	0	湮灭腰带
994	34	-1	-1	9710	0	0	12	0	1	150	0	200	0	0	0	0	0	0	0	1	1	1	-1	-1	0	0	1	0	0	1	1	0	-1	0	1	200	0	0	0	0	0	湮灭项链
995	34	-1	-1	9730	0	0	9	0	1	150	0	200	0	0	0	0	0	0	0	1	1	1	-1	-1	0	0	1	0	0	1	1	0	-1	0	1	200	0	0	0	0	0	天罡项链
996	34	-1	-1	9740	0	0	9	0	1	150	0	200	0	0	0	0	0	0	0	1	1	1	-1	-1	0	0	1	0	0	1	1	0	-1	0	1	200	0	0	0	0	0	天罡戒指
997	34	-1	-1	9750	0	0	9	0	1	150	0	200	0	0	0	0	0	0	0	1	1	1	-1	-1	0	0	1	0	0	1	1	0	-1	0	1	200	0	0	0	0	0	天罡道靴
998	34	-1	-1	9760	0	0	9	0	1	150	0	200	0	0	0	0	0	0	0	1	1	1	-1	-1	0	0	1	0	0	1	1	0	-1	0	1	200	0	0	0	0	0	天罡腰带
999	34	-1	-1	9770	0	0	9	0	1	150	0	200	0	0	0	0	0	0	0	1	1	1	-1	-1	0	0	1	0	0	1	1	0	-1	0	1	200	0	0	0	0	0	天罡道盔
1000	34	-1	-1	9780	0	0	9	0	1	150	0	200	0	0	0	0	0	0	0	1	1	1	-1	-1	0	0	1	0	0	1	1	0	-1	0	1	200	0	0	0	0	0	天罡手镯
1001	34	-1	-1	9790	0	0	12	0	1	150	0	200	0	0	0	0	0	0	0	1	1	1	-1	-1	0	0	1	0	0	1	1	0	-1	0	1	200	0	0	0	0	0	上古战盔
1002	34	-1	-1	9810	0	0	12	0	1	150	0	200	0	0	0	0	0	0	0	1	1	1	-1	-1	0	0	1	0	0	1	1	0	-1	0	1	200	0	0	0	0	0	上古项链
1003	34	-1	-1	9830	0	0	12	0	1	150	0	200	0	0	0	0	0	0	0	1	1	1	-1	-1	0	0	1	0	0	1	1	0	-1	0	1	200	0	0	0	0	0	上古护臂
1004	34	-1	-1	9850	0	0	12	0	1	150	0	200	0	0	0	0	0	0	0	1	1	1	-1	-1	0	0	1	0	0	1	1	0	-1	0	1	200	0	0	0	0	0	上古戒指
1005	34	-1	-1	9870	0	0	12	0	1	150	0	200	0	0	0	0	0	0	0	1	1	1	-1	-1	0	0	1	0	0	1	1	0	-1	0	1	200	0	0	0	0	0	上古战带
1006	34	-1	-1	9890	0	0	12	0	1	150	0	200	0	0	0	0	0	0	0	1	1	1	-1	-1	0	0	1	0	0	1	1	0	-1	0	1	200	0	0	0	0	0	上古战靴
1007	34	-1	-1	9910	0	0	12	0	1	150	0	200	0	0	0	0	0	0	0	1	1	1	-1	-1	0	0	1	0	0	1	1	0	-1	0	1	200	0	0	0	0	0	天启戒指
1008	34	-1	-1	9930	0	0	12	0	1	150	0	200	0	0	0	0	0	0	0	1	1	1	-1	-1	0	0	1	0	0	1	1	0	-1	0	1	200	0	0	0	0	0	天启护臂
1009	34	-1	-1	9950	0	0	12	0	1	150	0	200	0	0	0	0	0	0	0	1	1	1	-1	-1	0	0	1	0	0	1	1	0	-1	0	1	200	0	0	0	0	0	天启法盔
1010	34	-1	-1	9970	0	0	12	0	1	150	0	200	0	0	0	0	0	0	0	1	1	1	-1	-1	0	0	1	0	0	1	1	0	-1	0	1	200	0	0	0	0	0	天启项链
1011	34	-1	-1	9990	0	0	12	0	1	150	0	200	0	0	0	0	0	0	0	1	1	1	-1	-1	0	0	1	0	0	1	1	0	-1	0	1	200	0	0	0	0	0	天启法靴
1012	34	-1	-1	10010	0	0	12	0	1	150	0	200	0	0	0	0	0	0	0	1	1	1	-1	-1	0	0	1	0	0	1	1	0	-1	0	1	200	0	0	0	0	0	天启法带
1013	34	-1	-1	13030	0	0	15	0	1	150	0	200	0	0	0	0	0	0	0	1	1	1	-1	-1	0	0	1	0	0	1	1	0	-1	0	1	200	0	0	0	0	0	天命戒指
1014	34	-1	-1	13050	0	0	15	0	1	150	0	200	0	0	0	0	0	0	0	1	1	1	-1	-1	0	0	1	0	0	1	1	0	-1	0	1	200	0	0	0	0	0	天命道盔
1015	34	-1	-1	13070	0	0	15	0	1	150	0	200	0	0	0	0	0	0	0	1	1	1	-1	-1	0	0	1	0	0	1	1	0	-1	0	1	200	0	0	0	0	0	天命道带
1016	34	-1	-1	13090	0	0	15	0	1	150	0	200	0	0	0	0	0	0	0	1	1	1	-1	-1	0	0	1	0	0	1	1	0	-1	0	1	200	0	0	0	0	0	天命道靴
1017	34	-1	-1	13110	0	0	15	0	1	150	0	200	0	0	0	0	0	0	0	1	1	1	-1	-1	0	0	1	0	0	1	1	0	-1	0	1	200	0	0	0	0	0	天命护臂
1018	34	-1	-1	13130	0	0	15	0	1	150	0	200	0	0	0	0	0	0	0	1	1	1	-1	-1	0	0	1	0	0	1	1	0	-1	0	1	200	0	0	0	0	0	天命项链
1019	34	-1	-1	10030	0	0	10	0	1	150	0	200	0	0	0	0	0	0	0	1	1	1	-1	-1	0	0	1	0	0	1	1	0	-1	0	1	200	0	0	0	0	0	紫曜护臂
1020	34	-1	-1	10040	0	0	10	0	1	150	0	200	0	0	0	0	0	0	0	1	1	1	-1	-1	0	0	1	0	0	1	1	0	-1	0	1	200	0	0	0	0	0	紫曜项链
1021	34	-1	-1	10050	0	0	10	0	1	150	0	200	0	0	0	0	0	0	0	1	1	1	-1	-1	0	0	1	0	0	1	1	0	-1	0	1	200	0	0	0	0	0	紫曜战盔
1022	34	-1	-1	10060	0	0	10	0	1	150	0	200	0	0	0	0	0	0	0	1	1	1	-1	-1	0	0	1	0	0	1	1	0	-1	0	1	200	0	0	0	0	0	紫曜战靴
1023	34	-1	-1	10070	0	0	10	0	1	150	0	200	0	0	0	0	0	0	0	1	1	1	-1	-1	0	0	1	0	0	1	1	0	-1	0	1	200	0	0	0	0	0	紫曜战带
1024	34	-1	-1	10080	0	0	10	0	1	150	0	200	0	0	0	0	0	0	0	1	1	1	-1	-1	0	0	1	0	0	1	1	0	-1	0	1	200	0	0	0	0	0	紫曜戒指
1025	34	-1	-1	10090	0	0	20	0	1	150	0	200	0	0	0	0	0	0	0	1	1	1	-1	-1	0	0	1	0	0	1	1	0	-1	0	1	200	0	0	0	0	0	辉耀戒指
1026	34	-1	-1	10110	0	0	20	0	1	150	0	200	0	0	0	0	0	0	0	1	1	1	-1	-1	0	0	1	0	0	1	1	0	-1	0	1	200	0	0	0	0	0	辉耀护臂
1027	34	-1	-1	10130	0	0	20	0	1	150	0	200	0	0	0	0	0	0	0	1	1	1	-1	-1	0	0	1	0	0	1	1	0	-1	0	1	200	0	0	0	0	0	辉耀法盔
1028	34	-1	-1	10150	0	0	20	0	1	150	0	200	0	0	0	0	0	0	0	1	1	1	-1	-1	0	0	1	0	0	1	1	0	-1	0	1	200	0	0	0	0	0	辉耀项链
1029	34	-1	-1	10170	0	0	20	0	1	150	0	200	0	0	0	0	0	0	0	1	1	1	-1	-1	0	0	1	0	0	1	1	0	-1	0	1	200	0	0	0	0	0	辉耀法靴
1030	34	-1	-1	10190	0	0	20	0	1	150	0	200	0	0	0	0	0	0	0	1	1	1	-1	-1	0	0	1	0	0	1	1	0	-1	0	1	200	0	0	0	0	0	辉耀法带
1031	34	-1	-1	10210	0	0	16	0	1	150	0	200	0	0	0	0	0	0	0	1	1	1	-1	-1	0	0	1	0	0	1	1	0	-1	0	1	200	0	0	0	0	0	阴阳道盔
1032	34	-1	-1	10230	0	0	16	0	1	150	0	200	0	0	0	0	0	0	0	1	1	1	-1	-1	0	0	1	0	0	1	1	0	-1	0	1	200	0	0	0	0	0	阴阳腰带
1033	34	-1	-1	10250	0	0	16	0	1	150	0	200	0	0	0	0	0	0	0	1	1	1	-1	-1	0	0	1	0	0	1	1	0	-1	0	1	200	0	0	0	0	0	阴阳道靴
1034	34	-1	-1	10270	0	0	16	0	1	150	0	200	0	0	0	0	0	0	0	1	1	1	-1	-1	0	0	1	0	0	1	1	0	-1	0	1	200	0	0	0	0	0	阴阳项链
1035	34	-1	-1	10290	0	0	16	0	1	150	0	200	0	0	0	0	0	0	0	1	1	1	-1	-1	0	0	1	0	0	1	1	0	-1	0	1	200	0	0	0	0	0	阴阳护臂
1036	34	-1	-1	10310	0	0	16	0	1	150	0	200	0	0	0	0	0	0	0	1	1	1	-1	-1	0	0	1	0	0	1	1	0	-1	0	1	200	0	0	0	0	0	阴阳戒指
1037	34	-1	-1	10330	0	0	20	0	1	150	0	200	0	0	0	0	0	0	0	1	1	1	-1	-1	0	0	1	0	0	1	1	0	-1	0	1	200	0	0	0	0	0	金刚战盔
1038	34	-1	-1	10350	0	0	20	0	1	150	0	200	0	0	0	0	0	0	0	1	1	1	-1	-1	0	0	1	0	0	1	1	0	-1	0	1	200	0	0	0	0	0	金刚手套
1039	34	-1	-1	10370	0	0	20	0	1	150	0	200	0	0	0	0	0	0	0	1	1	1	-1	-1	0	0	1	0	0	1	1	0	-1	0	1	200	0	0	0	0	0	金刚战带
1040	34	-1	-1	10390	0	0	20	0	1	150	0	200	0	0	0	0	0	0	0	1	1	1	-1	-1	0	0	1	0	0	1	1	0	-1	0	1	200	0	0	0	0	0	金刚战靴
1041	34	-1	-1	10410	0	0	20	0	1	150	0	200	0	0	0	0	0	0	0	1	1	1	-1	-1	0	0	1	0	0	1	1	0	-1	0	1	200	0	0	0	0	0	金刚项链
1042	34	-1	-1	10430	0	0	20	0	1	150	0	200	0	0	0	0	0	0	0	1	1	1	-1	-1	0	0	1	0	0	1	1	0	-1	0	1	200	0	0	0	0	0	金刚戒指
1043	34	-1	-1	10450	0	0	10	0	1	150	0	200	0	0	0	0	0	0	0	1	1	1	-1	-1	0	0	1	0	0	1	1	0	-1	0	1	200	0	0	0	0	0	银影法盔
1044	34	-1	-1	10460	0	0	10	0	1	150	0	200	0	0	0	0	0	0	0	1	1	1	-1	-1	0	0	1	0	0	1	1	0	-1	0	1	200	0	0	0	0	0	银影法带
1045	34	-1	-1	10470	0	0	10	0	1	150	0	200	0	0	0	0	0	0	0	1	1	1	-1	-1	0	0	1	0	0	1	1	0	-1	0	1	200	0	0	0	0	0	银影护臂
1046	34	-1	-1	10480	0	0	10	0	1	150	0	200	0	0	0	0	0	0	0	1	1	1	-1	-1	0	0	1	0	0	1	1	0	-1	0	1	200	0	0	0	0	0	银影法靴
1047	34	-1	-1	10490	0	0	10	0	1	150	0	200	0	0	0	0	0	0	0	1	1	1	-1	-1	0	0	1	0	0	1	1	0	-1	0	1	200	0	0	0	0	0	银影戒指
1048	34	-1	-1	10500	0	0	10	0	1	150	0	200	0	0	0	0	0	0	0	1	1	1	-1	-1	0	0	1	0	0	1	1	0	-1	0	1	200	0	0	0	0	0	银影项链
1049	34	-1	-1	10510	0	0	12	0	1	150	0	200	0	0	0	0	0	0	0	1	1	1	-1	-1	0	0	1	0	0	1	1	0	-1	0	1	200	0	0	0	0	0	真龙道盔
1050	34	-1	-1	10530	0	0	12	0	1	150	0	200	0	0	0	0	0	0	0	1	1	1	-1	-1	0	0	1	0	0	1	1	0	-1	0	1	200	0	0	0	0	0	真龙项链
1051	34	-1	-1	10550	0	0	12	0	1	150	0	200	0	0	0	0	0	0	0	1	1	1	-1	-1	0	0	1	0	0	1	1	0	-1	0	1	200	0	0	0	0	0	真龙护臂
1052	34	-1	-1	10570	0	0	12	0	1	150	0	200	0	0	0	0	0	0	0	1	1	1	-1	-1	0	0	1	0	0	1	1	0	-1	0	1	200	0	0	0	0	0	真龙戒指
1053	34	-1	-1	10590	0	0	12	0	1	150	0	200	0	0	0	0	0	0	0	1	1	1	-1	-1	0	0	1	0	0	1	1	0	-1	0	1	200	0	0	0	0	0	真龙道靴
1054	34	-1	-1	10610	0	0	12	0	1	150	0	200	0	0	0	0	0	0	0	1	1	1	-1	-1	0	0	1	0	0	1	1	0	-1	0	1	200	0	0	0	0	0	真龙道带
1055	34	-1	-1	10630	0	0	12	0	1	150	0	200	0	0	0	0	0	0	0	1	1	1	-1	-1	0	0	1	0	0	1	1	0	-1	0	1	200	0	0	0	0	0	无畏战盔
1056	34	-1	-1	10650	0	0	12	0	1	150	0	200	0	0	0	0	0	0	0	1	1	1	-1	-1	0	0	1	0	0	1	1	0	-1	0	1	200	0	0	0	0	0	无畏项链
1057	34	-1	-1	10670	0	0	12	0	1	150	0	200	0	0	0	0	0	0	0	1	1	1	-1	-1	0	0	1	0	0	1	1	0	-1	0	1	200	0	0	0	0	0	无畏护臂
1058	34	-1	-1	10690	0	0	12	0	1	150	0	200	0	0	0	0	0	0	0	1	1	1	-1	-1	0	0	1	0	0	1	1	0	-1	0	1	200	0	0	0	0	0	无畏戒指
1059	34	-1	-1	10710	0	0	12	0	1	150	0	200	0	0	0	0	0	0	0	1	1	1	-1	-1	0	0	1	0	0	1	1	0	-1	0	1	200	0	0	0	0	0	无畏战靴
1060	34	-1	-1	10730	0	0	12	0	1	150	0	200	0	0	0	0	0	0	0	1	1	1	-1	-1	0	0	1	0	0	1	1	0	-1	0	1	200	0	0	0	0	0	无畏战带
1061	34	-1	-1	10750	0	0	12	0	1	150	0	200	0	0	0	0	0	0	0	1	1	1	-1	-1	0	0	1	0	0	1	1	0	-1	0	1	200	0	0	0	0	0	破星法盔
1062	34	-1	-1	10770	0	0	12	0	1	150	0	200	0	0	0	0	0	0	0	1	1	1	-1	-1	0	0	1	0	0	1	1	0	-1	0	1	200	0	0	0	0	0	破星项链
1063	34	-1	-1	10790	0	0	12	0	1	150	0	200	0	0	0	0	0	0	0	1	1	1	-1	-1	0	0	1	0	0	1	1	0	-1	0	1	200	0	0	0	0	0	破星护臂
1064	34	-1	-1	10810	0	0	12	0	1	150	0	200	0	0	0	0	0	0	0	1	1	1	-1	-1	0	0	1	0	0	1	1	0	-1	0	1	200	0	0	0	0	0	破星戒指
1065	34	-1	-1	10830	0	0	12	0	1	150	0	200	0	0	0	0	0	0	0	1	1	1	-1	-1	0	0	1	0	0	1	1	0	-1	0	1	200	0	0	0	0	0	破星法靴
1066	34	-1	-1	10850	0	0	12	0	1	150	0	200	0	0	0	0	0	0	0	1	1	1	-1	-1	0	0	1	0	0	1	1	0	-1	0	1	200	0	0	0	0	0	破星法带
1067	34	-1	-1	10870	0	0	12	0	1	150	0	200	0	0	0	0	0	0	0	1	1	1	-1	-1	0	0	1	0	0	1	1	0	-1	0	1	200	0	0	0	0	0	逍遥道盔
1068	34	-1	-1	10890	0	0	12	0	1	150	0	200	0	0	0	0	0	0	0	1	1	1	-1	-1	0	0	1	0	0	1	1	0	-1	0	1	200	0	0	0	0	0	逍遥项链
1069	34	-1	-1	10910	0	0	12	0	1	150	0	200	0	0	0	0	0	0	0	1	1	1	-1	-1	0	0	1	0	0	1	1	0	-1	0	1	200	0	0	0	0	0	逍遥护臂
1070	34	-1	-1	10930	0	0	12	0	1	150	0	200	0	0	0	0	0	0	0	1	1	1	-1	-1	0	0	1	0	0	1	1	0	-1	0	1	200	0	0	0	0	0	逍遥戒指
1071	34	-1	-1	10950	0	0	12	0	1	150	0	200	0	0	0	0	0	0	0	1	1	1	-1	-1	0	0	1	0	0	1	1	0	-1	0	1	200	0	0	0	0	0	逍遥道带
1072	34	-1	-1	10970	0	0	12	0	1	150	0	200	0	0	0	0	0	0	0	1	1	1	-1	-1	0	0	1	0	0	1	1	0	-1	0	1	200	0	0	0	0	0	逍遥道靴
1073	34	-1	-1	10990	0	0	10	0	1	150	0	200	0	0	0	0	0	0	0	1	1	1	-1	-1	0	0	1	0	0	1	1	0	-1	0	1	200	0	0	0	0	0	究极战盔
1074	34	-1	-1	11000	0	0	10	0	1	150	0	200	0	0	0	0	0	0	0	1	1	1	-1	-1	0	0	1	0	0	1	1	0	-1	0	1	200	0	0	0	0	0	究极腰带
1075	34	-1	-1	11010	0	0	10	0	1	150	0	200	0	0	0	0	0	0	0	1	1	1	-1	-1	0	0	1	0	0	1	1	0	-1	0	1	200	0	0	0	0	0	究极护臂
1076	34	-1	-1	11020	0	0	10	0	1	150	0	200	0	0	0	0	0	0	0	1	1	1	-1	-1	0	0	1	0	0	1	1	0	-1	0	1	200	0	0	0	0	0	究极战靴
1077	34	-1	-1	11030	0	0	10	0	1	150	0	200	0	0	0	0	0	0	0	1	1	1	-1	-1	0	0	1	0	0	1	1	0	-1	0	1	200	0	0	0	0	0	究极戒指
1078	34	-1	-1	11040	0	0	10	0	1	150	0	200	0	0	0	0	0	0	0	1	1	1	-1	-1	0	0	1	0	0	1	1	0	-1	0	1	200	0	0	0	0	0	究极项链
1079	34	-1	-1	11050	0	0	12	0	1	150	0	200	0	0	0	0	0	0	0	1	1	1	-1	-1	0	0	1	0	0	1	1	0	-1	0	1	200	0	0	0	0	0	至高法盔
1080	34	-1	-1	11070	0	0	12	0	1	150	0	200	0	0	0	0	0	0	0	1	1	1	-1	-1	0	0	1	0	0	1	1	0	-1	0	1	200	0	0	0	0	0	至高项链
1081	34	-1	-1	11090	0	0	12	0	1	150	0	200	0	0	0	0	0	0	0	1	1	1	-1	-1	0	0	1	0	0	1	1	0	-1	0	1	200	0	0	0	0	0	至高护臂
1082	34	-1	-1	11110	0	0	12	0	1	150	0	200	0	0	0	0	0	0	0	1	1	1	-1	-1	0	0	1	0	0	1	1	0	-1	0	1	200	0	0	0	0	0	至高戒指
1083	34	-1	-1	11130	0	0	12	0	1	150	0	200	0	0	0	0	0	0	0	1	1	1	-1	-1	0	0	1	0	0	1	1	0	-1	0	1	200	0	0	0	0	0	至高腰带
1084	34	-1	-1	11150	0	0	12	0	1	150	0	200	0	0	0	0	0	0	0	1	1	1	-1	-1	0	0	1	0	0	1	1	0	-1	0	1	200	0	0	0	0	0	至高法靴
1085	34	-1	-1	11170	0	0	15	0	1	150	0	200	0	0	0	0	0	0	0	1	1	1	-1	-1	0	0	1	0	0	1	1	0	-1	0	1	200	0	0	0	0	0	永恒项链
1086	34	-1	-1	11190	0	0	15	0	1	150	0	200	0	0	0	0	0	0	0	1	1	1	-1	-1	0	0	1	0	0	1	1	0	-1	0	1	200	0	0	0	0	0	永恒道盔
1087	34	-1	-1	11210	0	0	15	0	1	150	0	200	0	0	0	0	0	0	0	1	1	1	-1	-1	0	0	1	0	0	1	1	0	-1	0	1	200	0	0	0	0	0	永恒护臂
1088	34	-1	-1	11230	0	0	15	0	1	150	0	200	0	0	0	0	0	0	0	1	1	1	-1	-1	0	0	1	0	0	1	1	0	-1	0	1	200	0	0	0	0	0	永恒戒指
1089	34	-1	-1	11250	0	0	15	0	1	150	0	200	0	0	0	0	0	0	0	1	1	1	-1	-1	0	0	1	0	0	1	1	0	-1	0	1	200	0	0	0	0	0	永恒腰带
1090	34	-1	-1	11270	0	0	15	0	1	150	0	200	0	0	0	0	0	0	0	1	1	1	-1	-1	0	0	1	0	0	1	1	0	-1	0	1	200	0	0	0	0	0	永恒道靴
2003	26	-1	26	3868	0	3868	20	0	20	100	0	100	2	-3	0	0	2	-3	0	0	1	1	-1	-1	0	0	1	0	0	0	0	0	26	1216	10	120	-10	-280	1	1	1	神品光柱
2004	-1	-1	26	89	0	1314	8	0	10	150	0	150	0	0	0	0	2	-3	0	0	1	1	-1	-1	0	0	1	0	0	1	0	0	26	1384	10	120	-3	-130	1	1	1	残破法宝特效
2005	-1	-1	26	89	0	280	8	0	10	150	0	150	0	0	0	0	2	-3	0	0	1	1	-1	-1	0	0	1	0	0	1	1	0	26	1864	20	120	-1	-240	1	1	1	法宝特效
2006	-1	-1	26	89	0	3689	8	0	10	150	0	150	0	0	0	0	2	-3	0	0	1	1	-1	-1	0	0	1	0	0	1	0	0	26	1534	10	120	-1	0	1	0	1	灵魂板石特效
2007	-1	-1	26	89	0	2550	8	0	10	150	0	150	0	0	0	0	2	-3	0	0	1	1	-1	-1	0	0	1	0	0	1	0	0	26	1554	10	120	-1	0	1	0	1	盾牌特效
2008	-1	-1	26	89	0	2580	8	0	10	150	0	100	0	0	0	0	2	0	0	0	1	1	-1	-1	0	0	1	0	0	1	0	0	26	1768	10	120	-1	-200	1	0	1	城主神器材料特效
1091	34	-1	34	13270	0	13270	20	0	20	150	0	200	0	0	0	0	0	0	0	1	1	1	-1	-1	0	0	1	0	0	1	1	0	-1	0	1	200	0	0	0	0	0	修罗头罩
1092	34	-1	34	13290	0	13290	20	0	20	150	0	200	0	0	0	0	0	0	0	1	1	1	-1	-1	0	0	1	0	0	1	1	0	-1	0	1	200	0	0	0	0	0	修罗腰带
1093	34	-1	34	13310	0	13310	20	0	20	150	0	200	0	0	0	0	0	0	0	1	1	1	-1	-1	0	0	1	0	0	1	1	0	-1	0	1	200	0	0	0	0	0	修罗鞋子
1094	34	-1	34	13330	0	13330	20	0	20	150	0	200	0	0	0	0	0	0	0	1	1	1	-1	-1	0	0	1	0	0	1	1	0	-1	0	1	200	0	0	0	0	0	修罗戒指
1095	34	-1	34	13350	0	13350	20	0	20	150	0	200	0	0	0	0	0	0	0	1	1	1	-1	-1	0	0	1	0	0	1	1	0	-1	0	1	200	0	0	0	0	0	修罗手套
1096	34	-1	34	13370	0	13370	20	0	20	150	0	200	0	0	0	0	0	0	0	1	1	1	-1	-1	0	0	1	0	0	1	1	0	-1	0	1	200	0	0	0	0	0	修罗项链
1097	46	-1	46	0	0	0	15	0	15	150	0	200	0	0	0	0	0	0	0	1	1	1	-1	-1	0	0	1	0	0	1	1	0	-1	0	1	200	0	0	0	0	0	旋转水晶待用
1098	46	-1	46	15	0	15	15	0	15	150	0	200	0	0	0	0	0	0	0	1	1	1	-1	-1	0	0	1	0	0	1	1	0	-1	0	1	200	0	0	0	0	0	装备晶核
1099	46	-1	46	30	0	30	20	0	20	150	0	200	0	0	0	0	0	0	0	1	1	1	-1	-1	0	0	1	0	0	1	1	0	-1	0	1	200	0	0	0	0	0	回城石
1100	46	-1	46	50	0	50	20	0	20	150	0	200	0	0	0	0	0	0	0	1	1	1	-1	-1	0	0	1	0	0	1	1	0	-1	0	1	200	0	0	0	0	0	随机石
1101	46	-1	46	70	0	70	20	0	20	150	0	200	0	0	0	0	0	0	0	1	1	1	-1	-1	0	0	1	0	0	1	1	0	-1	0	1	200	0	0	0	0	0	5元宝
1102	46	-1	46	90	0	90	20	0	20	150	0	200	0	0	0	0	0	0	0	1	1	1	-1	-1	0	0	1	0	0	1	1	0	-1	0	1	200	0	0	0	0	0	10元宝
1103	46	-1	46	110	0	110	20	0	20	150	0	200	0	0	0	0	0	0	0	1	1	1	-1	-1	0	0	1	0	0	1	1	0	-1	0	1	200	0	0	0	0	0	20元宝
1104	46	-1	46	130	0	130	20	0	20	150	0	200	0	0	0	0	0	0	0	1	1	1	-1	-1	0	0	1	0	0	1	1	0	-1	0	1	200	0	0	0	0	0	30元宝
1105	46	-1	46	150	0	150	20	0	20	150	0	200	0	0	0	0	0	0	0	1	1	1	-1	-1	0	0	1	0	0	1	1	0	-1	0	1	200	0	0	0	0	0	50元宝
1106	26	-1	26	4034	0	4034	13	0	13	150	0	200	0	0	0	0	0	0	0	1	1	1	-1	-1	0	0	1	0	0	0	0	0	-1	0	1	200	0	0	0	0	0	元核特效
1107	46	-1	46	170	0	170	5	0	5	150	0	200	0	0	0	0	0	0	0	1	1	1	-1	-1	0	0	1	0	0	1	1	0	-1	0	1	200	0	0	0	0	0	金喇叭
1108	46	-1	46	180	0	180	15	0	15	150	0	200	0	0	0	0	0	0	0	1	1	1	-1	-1	0	0	1	0	0	1	1	0	-1	0	1	200	0	0	0	0	0	黑洞之心
1109	46	-1	46	195	0	195	14	0	14	150	0	200	0	0	0	0	0	0	0	1	1	1	-1	-1	0	0	1	0	0	1	1	0	-1	0	1	200	0	0	0	0	0	僵尸的怨念
1110	46	-1	46	890	0	890	10	0	10	150	0	200	0	0	0	0	0	0	0	1	1	1	-1	-1	0	0	1	0	0	1	1	0	-1	0	1	200	0	0	0	0	0	超级修为魂晶
1111	46	-1	46	233	0	233	15	0	15	150	0	200	0	0	0	0	0	0	0	1	1	1	-1	-1	0	0	1	0	0	1	1	0	-1	0	1	200	0	0	0	0	0	洗炼神石
1112	46	-1	46	860	0	860	10	0	10	150	0	200	0	0	0	0	0	0	0	1	1	1	-1	-1	0	0	1	0	0	1	1	0	-1	0	1	200	0	0	0	0	0	初级修为魂晶
1113	46	-1	46	870	0	870	10	0	10	150	0	200	0	0	0	0	0	0	0	1	1	1	-1	-1	0	0	1	0	0	1	1	0	-1	0	1	200	0	0	0	0	0	中级修为魂晶
1114	46	-1	46	880	0	880	10	0	10	150	0	200	0	0	0	0	0	0	0	1	1	1	-1	-1	0	0	1	0	0	1	1	0	-1	0	1	200	0	0	0	0	0	高级修为魂晶
1115	46	-1	46	440	0	440	16	0	16	150	0	200	0	0	0	0	0	0	0	1	1	1	-1	-1	0	0	1	0	0	1	1	0	-1	0	1	200	0	0	0	0	0	牛灵图碎片特效
1116	46	-1	46	420	0	420	16	0	16	150	0	200	0	0	0	0	0	0	0	1	1	1	-1	-1	0	0	1	0	0	1	1	0	-1	0	1	200	0	0	0	0	0	鼠灵图碎片特效
1117	46	-1	46	460	0	460	16	0	16	150	0	200	0	0	0	0	0	0	0	1	1	1	-1	-1	0	0	1	0	0	1	1	0	-1	0	1	200	0	0	0	0	0	虎灵图碎片特效
1118	46	-1	46	480	0	480	16	0	16	150	0	200	0	0	0	0	0	0	0	1	1	1	-1	-1	0	0	1	0	0	1	1	0	-1	0	1	200	0	0	0	0	0	兔灵图碎片特效
1119	46	-1	46	500	0	500	16	0	16	150	0	200	0	0	0	0	0	0	0	1	1	1	-1	-1	0	0	1	0	0	1	1	0	-1	0	1	200	0	0	0	0	0	龙灵图碎片特效
1120	46	-1	46	520	0	520	16	0	16	150	0	200	0	0	0	0	0	0	0	1	1	1	-1	-1	0	0	1	0	0	1	1	0	-1	0	1	200	0	0	0	0	0	蛇灵图碎片特效
1121	46	-1	46	540	0	540	16	0	16	150	0	200	0	0	0	0	0	0	0	1	1	1	-1	-1	0	0	1	0	0	1	1	0	-1	0	1	200	0	0	0	0	0	马灵图碎片特效
1122	46	-1	46	560	0	560	16	0	16	150	0	200	0	0	0	0	0	0	0	1	1	1	-1	-1	0	0	1	0	0	1	1	0	-1	0	1	200	0	0	0	0	0	羊灵图碎片特效
1123	46	-1	46	580	0	580	16	0	16	150	0	200	0	0	0	0	0	0	0	1	1	1	-1	-1	0	0	1	0	0	1	1	0	-1	0	1	200	0	0	0	0	0	猴灵图碎片特效
1124	46	-1	46	600	0	600	16	0	16	150	0	200	0	0	0	0	0	0	0	1	1	1	-1	-1	0	0	1	0	0	1	1	0	-1	0	1	200	0	0	0	0	0	鸡灵图碎片特效
1125	46	-1	46	620	0	620	16	0	16	150	0	200	0	0	0	0	0	0	0	1	1	1	-1	-1	0	0	1	0	0	1	1	0	-1	0	1	200	0	0	0	0	0	狗灵图碎片特效
1126	46	-1	46	640	0	640	16	0	16	150	0	200	0	0	0	0	0	0	0	1	1	1	-1	-1	0	0	1	0	0	1	1	0	-1	0	1	200	0	0	0	0	0	猪灵图碎片特效
1127	46	-1	46	262	0	262	12	0	12	150	0	200	0	0	0	0	0	0	0	1	1	1	-1	-1	0	0	1	0	0	1	1	0	-1	0	1	200	0	0	0	0	0	1传仙币
1128	46	-1	46	274	0	274	12	0	12	150	0	200	0	0	0	0	0	0	0	1	1	1	-1	-1	0	0	1	0	0	1	1	0	-1	0	1	200	0	0	0	0	0	5传仙币
1129	46	-1	46	286	0	286	12	0	12	150	0	200	0	0	0	0	0	0	0	1	1	1	-1	-1	0	0	1	0	0	1	1	0	-1	0	1	200	0	0	0	0	0	10传仙币
1130	46	-1	46	248	0	248	10	0	10	150	0	200	0	0	0	0	0	0	0	1	1	1	-1	-1	0	0	1	0	0	1	1	0	-1	0	1	200	0	0	0	0	0	传仙盲盒
1131	46	-1	46	258	0	258	4	0	4	150	0	200	0	0	0	0	0	0	0	1	1	1	-1	-1	0	0	1	0	0	1	1	0	-1	0	1	200	0	0	0	0	0	争夺战宝箱
1132	46	-1	46	298	0	298	10	0	10	150	0	200	0	0	0	0	0	0	0	1	1	1	-1	-1	0	0	1	0	0	1	1	0	-1	0	1	200	0	0	0	0	0	火珠
1133	46	-1	46	308	0	308	10	0	10	150	0	200	0	0	0	0	0	0	0	1	1	1	-1	-1	0	0	1	0	0	1	1	0	-1	0	1	200	0	0	0	0	0	土珠
1134	46	-1	46	318	0	318	10	0	10	150	0	200	0	0	0	0	0	0	0	1	1	1	-1	-1	0	0	1	0	0	1	1	0	-1	0	1	200	0	0	0	0	0	金珠
1135	46	-1	46	328	0	328	10	0	10	150	0	200	0	0	0	0	0	0	0	1	1	1	-1	-1	0	0	1	0	0	1	1	0	-1	0	1	200	0	0	0	0	0	水珠
1136	46	-1	46	338	0	338	10	0	10	150	0	200	0	0	0	0	0	0	0	1	1	1	-1	-1	0	0	1	0	0	1	1	0	-1	0	1	200	0	0	0	0	0	木珠
1137	46	-1	46	348	0	348	10	0	10	150	0	200	0	0	0	0	0	0	0	1	1	1	-1	-1	0	0	1	0	0	1	1	0	-1	0	1	200	0	0	0	0	0	风珠
1138	46	-1	46	358	0	358	10	0	10	150	0	200	0	0	0	0	0	0	0	1	1	1	-1	-1	0	0	1	0	0	1	1	0	-1	0	1	200	0	0	0	0	0	冰珠
1139	46	-1	46	368	0	368	10	0	10	150	0	200	0	0	0	0	0	0	0	1	1	1	-1	-1	0	0	1	0	0	1	1	0	-1	0	1	200	0	0	0	0	0	雷珠
1140	46	-1	46	378	0	378	10	0	10	150	0	200	0	0	0	0	0	0	0	1	1	1	-1	-1	0	0	1	0	0	1	1	0	-1	0	1	200	0	0	0	0	0	暗珠
1141	46	-1	46	388	0	388	10	0	10	150	0	200	0	0	0	0	0	0	0	1	1	1	-1	-1	0	0	1	0	0	1	1	0	-1	0	1	200	0	0	0	0	0	光珠
1142	46	-1	46	398	0	398	10	0	10	150	0	200	0	0	0	0	0	0	0	1	1	1	-1	-1	0	0	1	0	0	1	1	0	-1	0	1	200	0	0	0	0	0	时珠
1143	46	-1	46	408	0	408	10	0	10	150	0	200	0	0	0	0	0	0	0	1	1	1	-1	-1	0	0	1	0	0	1	1	0	-1	0	1	200	0	0	0	0	0	宇珠
1144	46	-1	46	660	0	660	20	0	20	150	0	200	0	0	0	0	0	0	0	1	1	1	-1	-1	0	0	1	0	0	1	1	0	-1	0	1	200	0	0	0	0	0	一大陆转生石
1145	46	-1	46	680	0	680	20	0	20	150	0	200	0	0	0	0	0	0	0	1	1	1	-1	-1	0	0	1	0	0	1	1	0	-1	0	1	200	0	0	0	0	0	二大陆转生石
1146	46	-1	46	700	0	700	20	0	20	150	0	200	0	0	0	0	0	0	0	1	1	1	-1	-1	0	0	1	0	0	1	1	0	-1	0	1	200	0	0	0	0	0	三大陆转生石
1147	46	-1	46	720	0	720	20	0	20	150	0	200	0	0	0	0	0	0	0	1	1	1	-1	-1	0	0	1	0	0	1	1	0	-1	0	1	200	0	0	0	0	0	四大陆转生石
1148	46	-1	46	740	0	740	20	0	20	150	0	200	0	0	0	0	0	0	0	1	1	1	-1	-1	0	0	1	0	0	1	1	0	-1	0	1	200	0	0	0	0	0	五大陆转生石
1149	46	-1	46	760	0	760	20	0	20	150	0	200	0	0	0	0	0	0	0	1	1	1	-1	-1	0	0	1	0	0	1	1	0	-1	0	1	200	0	0	0	0	0	六大陆转生石
1150	46	-1	46	780	0	780	20	0	20	150	0	200	0	0	0	0	0	0	0	1	1	1	-1	-1	0	0	1	0	0	1	1	0	-1	0	1	200	0	0	0	0	0	七大陆转生石
1151	46	-1	46	800	0	800	20	0	20	150	0	200	0	0	0	0	0	0	0	1	1	1	-1	-1	0	0	1	0	0	1	1	0	-1	0	1	200	0	0	0	0	0	八大陆转生石
1152	46	-1	46	820	0	820	20	0	20	150	0	200	0	0	0	0	0	0	0	1	1	1	-1	-1	0	0	1	0	0	1	1	0	-1	0	1	200	0	0	0	0	0	九大陆转生石
1153	46	-1	46	840	0	840	20	0	20	150	0	200	0	0	0	0	0	0	0	1	1	1	-1	-1	0	0	1	0	0	1	1	0	-1	0	1	200	0	0	0	0	0	十大陆转生石
1154	46	-1	46	900	0	900	20	0	20	150	0	200	0	0	0	0	0	0	0	1	1	1	-1	-1	0	0	1	0	0	1	1	0	-1	0	1	200	0	0	0	0	0	仙之灵图-鼠
1155	46	-1	46	920	0	920	20	0	20	150	0	200	0	0	0	0	0	0	0	1	1	1	-1	-1	0	0	1	0	0	1	1	0	-1	0	1	200	0	0	0	0	0	仙之灵图-牛
1156	46	-1	46	940	0	940	20	0	20	150	0	200	0	0	0	0	0	0	0	1	1	1	-1	-1	0	0	1	0	0	1	1	0	-1	0	1	200	0	0	0	0	0	仙之灵图-虎
1157	46	-1	46	960	0	960	20	0	20	150	0	200	0	0	0	0	0	0	0	1	1	1	-1	-1	0	0	1	0	0	1	1	0	-1	0	1	200	0	0	0	0	0	仙之灵图-兔
1158	46	-1	46	980	0	980	20	0	20	150	0	200	0	0	0	0	0	0	0	1	1	1	-1	-1	0	0	1	0	0	1	1	0	-1	0	1	200	0	0	0	0	0	仙之灵图-龙
1159	46	-1	46	1000	0	1000	20	0	20	150	0	200	0	0	0	0	0	0	0	1	1	1	-1	-1	0	0	1	0	0	1	1	0	-1	0	1	200	0	0	0	0	0	仙之灵图-蛇
1160	46	-1	46	1020	0	1020	20	0	20	150	0	200	0	0	0	0	0	0	0	1	1	1	-1	-1	0	0	1	0	0	1	1	0	-1	0	1	200	0	0	0	0	0	仙之灵图-马
1161	46	-1	46	1040	0	1040	20	0	20	150	0	200	0	0	0	0	0	0	0	1	1	1	-1	-1	0	0	1	0	0	1	1	0	-1	0	1	200	0	0	0	0	0	仙之灵图-羊
1162	46	-1	46	1060	0	1060	20	0	20	150	0	200	0	0	0	0	0	0	0	1	1	1	-1	-1	0	0	1	0	0	1	1	0	-1	0	1	200	0	0	0	0	0	仙之灵图-猴
1163	46	-1	46	1080	0	1080	20	0	20	150	0	200	0	0	0	0	0	0	0	1	1	1	-1	-1	0	0	1	0	0	1	1	0	-1	0	1	200	0	0	0	0	0	仙之灵图-鸡
1164	46	-1	46	1100	0	1100	20	0	20	150	0	200	0	0	0	0	0	0	0	1	1	1	-1	-1	0	0	1	0	0	1	1	0	-1	0	1	200	0	0	0	0	0	仙之灵图-狗
1165	46	-1	46	1120	0	1120	20	0	20	150	0	200	0	0	0	0	0	0	0	1	1	1	-1	-1	0	0	1	0	0	1	1	0	-1	0	1	200	0	0	0	0	0	仙之灵图-猪
1166	46	-1	46	1140	0	1140	12	0	12	150	0	200	0	0	0	0	0	0	0	1	1	1	-1	-1	0	0	1	0	0	1	1	0	-1	0	1	200	0	0	0	0	0	幸运之果
1167	46	-1	46	1152	0	1152	12	0	12	150	0	200	0	0	0	0	0	0	0	1	1	1	-1	-1	0	0	1	0	0	1	1	0	-1	0	1	200	0	0	0	0	0	贪婪之果
1168	46	-1	46	1164	0	1164	12	0	12	150	0	200	0	0	0	0	0	0	0	1	1	1	-1	-1	0	0	1	0	0	1	1	0	-1	0	1	200	0	0	0	0	0	真视之果
1169	46	-1	46	1176	0	1176	12	0	12	150	0	200	0	0	0	0	0	0	0	1	1	1	-1	-1	0	0	1	0	0	1	1	0	-1	0	1	200	0	0	0	0	0	命运之果
1170	46	-1	46	1188	0	1188	12	0	12	150	0	200	0	0	0	0	0	0	0	1	1	1	-1	-1	0	0	1	0	0	1	1	0	-1	0	1	200	0	0	0	0	0	聚财之果
1171	46	-1	46	1200	0	1200	12	0	12	150	0	200	0	0	0	0	0	0	0	1	1	1	-1	-1	0	0	1	0	0	1	1	0	-1	0	1	200	0	0	0	0	0	信仰之果
1172	46	-1	46	1212	0	1212	12	0	12	150	0	200	0	0	0	0	0	0	0	1	1	1	-1	-1	0	0	1	0	0	1	1	0	-1	0	1	200	0	0	0	0	0	魔力之果
1173	46	-1	46	1224	0	1224	12	0	12	150	0	200	0	0	0	0	0	0	0	1	1	1	-1	-1	0	0	1	0	0	1	1	0	-1	0	1	200	0	0	0	0	0	生命之果
1174	46	-1	46	1236	0	1236	12	0	12	150	0	200	0	0	0	0	0	0	0	1	1	1	-1	-1	0	0	1	0	0	1	1	0	-1	0	1	200	0	0	0	0	0	复仇之果
1175	46	-1	46	1248	0	1248	12	0	12	150	0	200	0	0	0	0	0	0	0	1	1	1	-1	-1	0	0	1	0	0	1	1	0	-1	0	1	200	0	0	0	0	0	100传仙币
1176	46	-1	46	1260	0	1260	12	0	12	150	0	200	0	0	0	0	0	0	0	1	1	1	-1	-1	0	0	1	0	0	1	1	0	-1	0	1	200	0	0	0	0	0	188传仙币
1177	46	-1	46	1272	0	1272	12	0	12	150	0	200	0	0	0	0	0	0	0	1	1	1	-1	-1	0	0	1	0	0	1	1	0	-1	0	1	200	0	0	0	0	0	500传仙币
1178	46	-1	46	1284	0	1284	12	0	12	150	0	200	0	0	0	0	0	0	0	1	1	1	-1	-1	0	0	1	0	0	1	1	0	-1	0	1	200	0	0	0	0	0	1888传仙币
1179	33	-1	-1	1490	0	0	20	0	1	150	0	200	0	0	0	0	0	0	0	1	1	1	-1	-1	0	0	1	0	0	1	1	0	-1	0	1	200	0	0	0	0	0	紫煞天魔甲
1180	31	-1	-1	2210	0	0	20	0	1	150	0	200	0	0	0	0	0	0	0	1	1	1	-1	-1	0	0	1	0	0	1	1	0	-1	0	1	200	0	0	0	0	0	紫煞天魔杖
2009	26	-1	26	3559	0	3559	10	0	10	100	0	100	0	0	0	0	2	0	0	0	1	1	-1	-1	0	0	1	0	0	0	0	0	26	1864	20	120	-1	-200	1	1	1	天道特效
2010	26	-1	26	3559	0	3559	10	0	10	100	0	100	0	0	0	0	2	0	0	0	1	1	-1	-1	0	0	1	0	0	0	0	0	26	1864	20	120	-1	-200	1	1	1	传送特效
2011	26	-1	26	30	0	90	10	0	10	100	0	100	0	0	0	0	2	0	0	0	1	1	-1	-1	0	0	1	0	0	0	0	0	26	1364	6	120	0	-100	1	0	1	触龙神皇精血特效
2012	26	-1	26	1344	0	1344	10	0	10	100	0	100	0	0	0	0	2	0	0	0	1	1	-1	-1	0	0	1	0	0	0	0	0	26	1752	16	120	0	-200	1	0	1	时装特效
2013	-1	-1	26	0	0	60	10	0	10	100	0	100	0	0	0	0	2	0	0	0	1	1	-1	-1	0	0	1	0	0	0	0	0	26	1418	24	120	-3	-135	1	0	1	数字特效
2014	-1	-1	26	0	0	321	10	0	10	100	0	150	0	0	0	0	2	0	0	0	1	1	-1	-1	0	0	1	0	0	0	0	0	26	1574	10	120	-3	0	1	0	0	数字特效
2015	-1	-1	26	0	0	229	10	0	13	100	0	150	0	0	0	0	2	0	0	0	1	1	-1	-1	0	0	1	0	0	0	0	0	26	1078	10	120	0	0	1	1	1	仙器套特效
