

; ;地图 坐标X 坐标Y 怪物名字 范围 数量 间隔 集中刷新坐标机率 名字颜色(0~255) 内功怪物(0,1) 国家ID 怪物能否攻击同国家的人(0,1) 不同国家的怪物能否相互攻击(0,1) 怪物能否被同国家的人来攻击(0,1) 
FSBB  63 79  火爆猴   500 50 30 0 222 0 0 0 1
; FSBB  63 79  战损猫熊 255 30 30 100 222 0 0 0 1
FSBB 66 77  双刀小妖 500 50 30 0 222 0 0 0 1
; ;=================第一大陆===================
; ;--------------> 主城刷怪

01 110 134  雷炎骨王【暗夜城主】 0 1 5 0 249 0 0 0 1

01 170 141  尸王之王【BOSS】 0 1 5 25 249 0 0 0 1
01 165 138 僵尸王【领主】 0 1 5 25 253 0 0 0 1
01 158 129  尸王【统领】 0 1 5 25 146 0 0 0 1


01 94 83  猪皇【BOSS】 0 1 5 25 249 0 0 0 1
01 104 85  白野猪【领主】 0 1 5 25 253 0 0 0 1
01 112 91  绿野猪【统领】 0 1 5 25 146 0 0 0 


01 108 132  邪恶钳虫【统领】 0 1 5 0 146 0 0 0 1
01 91 144  爬行触龙神【领主】 0 1 5 0 253 0 0 0 1
01 74 157  触龙神【BOSS】 0 1 5 0 249 0 0 0 1


01 174 85  骷髅战将【统领】 0 1 5 0 146 0 0 0 1
01 186 75  骷髅刀客【领主】 0 1 5 0 253 0 0 0 1
01 202 64  红灵骷髅王【BOSS】 0 1 5 0 249 0 0 0 1



;------------> 僵尸洞穴
;------------------>01层




;------------> 骷髅洞穴
;------------> 01层
2101 56 45  野山蝠 500 50 1 0 255 0 0 0 1
2101 56 45  毒蠕虫 500 50 1 0 255 0 0 0 1
2101 56 45  骷髅兵 500 50 1 0 255 0 0 0 1
2101 56 45  骷髅弓箭手 500 50 1 0 255 0 0 0 1
2101 56 45  骷髅长矛兵 500 50 1 0 255 0 0 0 1
2101 56 45  骷髅刀斧手 500 50 1 0 255 0 0 0 1
2101 56 45  骷髅精灵 500 50 1 0 255 0 0 0 1
2101 56 45  掷斧骷髅 500 50 1 0 255 0 0 0 1

;---------->精英
2101 56 45  骷髅兵【精英】 500 50 1 0 251 0 0 0 1
2101 56 45  骷髅长矛兵【精英】 500 50 1 0 251 0 0 0 1
2101 56 45  骷髅刀斧手【精英】 500 50 1 0 251 0 0 0 1
2101 56 45  掷斧骷髅【精英】 500 50 1 0 251 0 0 0 1
2101 56 45  骷髅斧手【精英】 500 50 1 0 251 0 0 0 1
2101 56 45  骷髅精灵【精英】 500 50 1 0 251 0 0 0 1

;------------> 02层
2102 56 45  野山蝠 500 50 1 0 255 0 0 0 1
2102 56 45  毒蠕虫 500 50 1 0 255 0 0 0 1
2102 56 45  骷髅兵 500 50 1 0 255 0 0 0 1
2102 56 45  骷髅弓箭手 500 50 1 0 255 0 0 0 1
2102 56 45  骷髅长矛兵 500 50 1 0 255 0 0 0 1
2102 56 45  骷髅刀斧手 500 50 1 0 255 0 0 0 1
2102 56 45  骷髅精灵 500 50 1 0 255 0 0 0 1
2102 56 45  掷斧骷髅 500 50 1 0 255 0 0 0 1
;---------->精英
2102 56 45  骷髅兵【精英】 500 50 1 0 251 0 0 0 1
2102 56 45  骷髅长矛兵【精英】 500 50 1 0 251 0 0 0 1
2102 56 45  骷髅刀斧手【精英】 500 50 1 0 251 0 0 0 1
2102 56 45  掷斧骷髅【精英】 500 50 1 0 251 0 0 0 1
2102 56 45  骷髅斧手【精英】 500 50 1 0 251 0 0 0 1
2102 56 45  骷髅精灵【精英】 500 50 1 0 251 0 0 0 1


;------------> 03层
2103 56 45  野山蝠 500 50 1 0 255 0 0 0 1
2103 56 45  毒蠕虫 500 50 1 0 255 0 0 0 1
2103 56 45  骷髅兵 500 50 1 0 255 0 0 0 1
2103 56 45  骷髅弓箭手 500 50 1 0 255 0 0 0 1
2103 56 45  骷髅长矛兵 500 50 1 0 255 0 0 0 1
2103 56 45  骷髅刀斧手 500 50 1 0 255 0 0 0 1
2103 56 45  骷髅精灵 500 50 1 0 255 0 0 0 1
2103 56 45  掷斧骷髅 500 50 1 0 255 0 0 0 1
;---------->精英
2103 56 45  骷髅兵【精英】 500 50 1 0 251 0 0 0 1
2103 56 45  骷髅长矛兵【精英】 500 50 1 0 251 0 0 0 1
2103 56 45  骷髅刀斧手【精英】 500 50 1 0 251 0 0 0 1
2103 56 45  掷斧骷髅【精英】 500 50 1 0 251 0 0 0 1
2103 56 45  骷髅斧手【精英】 500 50 1 0 251 0 0 0 1
2103 56 45  骷髅精灵【精英】 500 50 1 0 251 0 0 0 1



2103 71 62  骷髅战将【统领】 0 1 5 0 146 0 0 0 1
2103 88 27  骷髅刀客【领主】 0 1 5 0 253 0 0 0 1
2103 55 31  红灵骷髅王【BOSS】 0 1 5 0 249 0 0 0 1


1101 69 64 僵尸 500 200 2 0 255 0 0 0 1
1101 69 64 疾速僵尸 500 200 2 0 255 0 0 0 1
1101 69 64 僵尸矿工 500 100 2 0 255 0 0 0 1
1101 69 64 爬尸 500 200 1 0 255 0 0 0 1
1101 69 64 法僵 500 200 1 0 255 0 0 0 1
1101 69 64 僵尸【精英】 500 200 1 0 251 0 0 0 1
1101 69 64 爬尸【精英】 500 200 1 0 251 0 0 0 1

;------------------>02层
1102 69 64 僵尸 500 100 2 0 255 0 0 0 1
1102 69 64 疾速僵尸 500 100 2 0 255 0 0 0 1
1102 69 64 僵尸矿工 500 100 2 0 255 0 0 0 1
1102 69 64 爬尸 500 100 1 0 255 0 0 0 1
1102 69 64 法僵 500 100 1 0 255 0 0 0 1
1102 69 64 僵尸【精英】 500 100 1 0 251 0 0 0 1
1102 69 64 爬尸【精英】 500 100 1 0 251 0 0 0 1 

;------------------>03层
1103 69 64 僵尸 255 100 2 0 255 0 0 0 1
1103 69 64 疾速僵尸 255 100 2 0 255 0 0 0 1
1103 69 64 僵尸矿工 255 100 2 0 255 0 0 0 1
1103 69 64 爬尸 255 100 1 0 255 0 0 0 1
1103 69 64 法僵 255 100 1 0 255 0 0 0 1
1103 69 64 僵尸【精英】 255 100 2 0 250 0 0 0 1
1103 69 64 爬尸【精英】 255 100 2 0 250 0 0 0 1


1103 69 64  尸王之王【BOSS】 0 1 5 25 249 0 0 0 1
1103 41 49 僵尸王【领主】 0 1 5 25 253 0 0 0 1
1103 63 35  尸王【统领】 0 1 5 25 146 0 0 0 1


;------------------------>蜈蚣洞
;------------------>01层
;---------->普通
2201 130 118  蜈蚣 500 250 1 0 255 0 0 0 1
2201 130 118  钳虫 500 250 1 0 255 0 0 0 1
2201 130 118  黑色恶蛆 500 250 1 0 255 0 0 0 1
2201 90 104  跳跳蛾 500 250 1 0 255 0 0 0 1
2201 90 104  跳跳蜂 500 250 1 0 255 0 0 0 1
2201 130 118  巨型蠕虫 500 250 1 0 255 0 0 0 1
2201 130 118  邪恶钳虫 500 250 1 0 255 0 0 0 1
2201 130 118  变异钳虫 500 250 1 0 255 0 0 0 1

;---------->精英
2201 130 118  蜈蚣蛇【精英】 500 250 1 0 251 0 0 0 1
2201 130 118  钳虫【精英】 500 250 1 0 251 0 0 0 1
2201 130 118  跳跳蜂【精英】 500 250 1 0 251 0 0 0 1
2201 130 118  巨型蠕虫【精英】 500 250 1 0 251 0 0 0 1
2201 130 118  邪恶钳虫【精英】 500 250 1 0 251 0 0 0 1
2201 130 118  蜈蚣【精英】 500 250 2 0 251 0 0 0 1
2201 130 118  邪恶变异钳虫【精英】 500 250 1 0 251 0 0 0 1

;------------------>02层
;---------->普通
2202 90 104  蜈蚣 500 200 1 0 255 0 0 0 1
2202 90 104  钳虫 500 200 1 0 255 0 0 0 1
2202 90 104  黑色恶蛆 500 200 1 0 255 0 0 0 1
2202 90 104  跳跳蛾 500 200 1 0 255 0 0 0 1
2202 90 104  跳跳蜂 500 200 1 0 255 0 0 0 1
2202 90 104  巨型蠕虫 500 200 1 0 255 0 0 0 1
2202 90 104  邪恶钳虫 500 200 1 0 255 0 0 0 1
2202 90 104  变异钳虫 500 200 1 0 255 0 0 0 1

;---------->精英
2202 90 104  蜈蚣蛇【精英】 500 200 1 0 251 0 0 0 1
2202 90 104  钳虫【精英】 500 200 1 0 251 0 0 0 1
2202 90 104  跳跳蜂【精英】 500 200 1 0 251 0 0 0 1
2202 90 104  巨型蠕虫【精英】 500 200 1 0 251 0 0 0 1
2202 90 104  邪恶钳虫【精英】 500 200 1 0 251 0 0 0 1
2202 90 104  蜈蚣【精英】 500 200 1 0 251 0 0 0 1
2202 90 104  邪恶变异钳虫【精英】 500 200 1 0 251 0 0 0 1

2202 34 107  邪恶钳虫【统领】 0 1 5 10 146 0 0 0 1
2202 138 91  爬行触龙神【领主】 0 1 5 10 253 0 0 0 1
2202 165 153  触龙神【BOSS】 0 1 5 10 249 0 0 0 1


; ;------------------------>猪洞
; ;------------------>01层
; ;---------->普通
1201 78 68 红野猪 500 100 1 0 255 0 0 0 1
1201 78 68 黑野猪 500 100 1 0 255 0 0 0 1
1201 78 68 野猪仔 500 100 1 0 255 0 0 0 1
1201 31 46 绿野猪 500 100 1 0 255 0 0 0 1
;1201 60 68 蝎蛇 110 60 1 0 255 0 0 0 1
1201 84 134 蜜蜂 500 100 1 0 255 0 0 0 1
1201 84 134 恶蟑 500 100 1 0 255 0 0 0 1
1201 84 134 蝙蝠 500 100 1 0 255 0 0 0 1
;1201 84 134 蛾子 80 60 1 0 255 0 0 0 1
;---------->精英
1201 60 68 红野猪【精英】 500 100 1 0 251 0 0 0 1
1201 60 68 黑野猪【精英】 500 100 1 0 251 0 0 0 1
;1201 36 30 白野猪【精英】 110 10 1 0 251 0 0 0 1
1201 36 30 巨型蝙蝠【精英】 500 100 1 0 251 0 0 0 1
1201 36 30 巨蜜蜂【精英】 500 100 1 0 251 0 0 0 1
1201 36 30 锲蛾【精英】 500 100 1 0 251 0 0 0 1
;1201 36 30 蛾子【精英】 80 30 1 0 251 0 0 0 1
;1201 36 30 邪恶蝎蛇【精英】 80 30 1 0 251 0 0 0 1

;------------------>02层
;---------->普通
1202 36 34 红野猪 500 50 1 0 255 0 0 0 1
1202 36 34 黑野猪 500 50 1 0 255 0 0 0 1
1202 36 34 野猪仔 500 50 1 0 255 0 0 0 1
1202 36 34 绿野猪 500 50 1 0 255 0 0 0 1
1202 36 34 蝎蛇 500 50 1 0 255 0 0 0 1
;1202 60 68 蜜蜂 110 30 1 0 255 0 0 0 1
;1202 60 68 恶蟑 110 30 1 0 255 0 0 0 1
;1202 60 68 蝙蝠 110 30 1 0 255 0 0 0 1
1202 36 34 蛾子 500 50 1 0 255 0 0 0 1
;---------->精英
1202 36 34 红野猪【精英】 500 50 2 0 250 0 0 0 1
1202 36 34 黑野猪【精英】 500 50 2 0 250 0 0 0 1
1202 36 34 白野猪【精英】 500 50 2 0 250 0 0 0 1
1202 36 34 巨型蝙蝠【精英】 500 50 2 0 250 0 0 0 1
1202 36 34 巨蜜蜂【精英】 500 50 2 0 250 0 0 0 1
1202 36 34 锲蛾【精英】 500 50 2 0 250 0 0 0 1
1202 36 34 蛾子【精英】 500 50 2 0 250 0 0 0 1
1202 36 34 邪恶蝎蛇【精英】 500 50 2 0 250 0 0 0 1

;------------------>03层
;---------->普通
1203 30 47 红野猪 500 80 1 0 255 0 0 0 1
1203 30 47 黑野猪 500 80 1 0 255 0 0 0 1
1203 30 47 野猪仔 500 80 1 0 255 0 0 0 1
1203 30 47 绿野猪 500 80 1 0 255 0 0 0 1
1203 30 47 蝎蛇 500 80 1 0 255 0 0 0 1
1203 30 47 蜜蜂 500 80 1 0 255 0 0 0 1
1203 30 47 恶蟑 500 80 1 0 255 0 0 0 1
1203 30 47 蝙蝠 500 80 1 0 255 0 0 0 1
1203 30 47 蛾子 500 80 1 0 255 0 0 0 1
;---------->精英
1203 30 47 红野猪【精英】 500 80 2 0 251 0 0 0 1
1203 30 47 黑野猪【精英】 500 80 2 0 251 0 0 0 1
1203 30 47 白野猪【精英】 500 80 2 0 251 0 0 0 1
1203 30 47 巨型蝙蝠【精英】 500 80 2 0 251 0 0 0 1
1203 30 47 巨蜜蜂【精英】 500 80 2 0 251 0 0 0 1
;1203 30 47 锲蛾【精英】 80 10 2 0 250 0 0 0 1
;1203 30 47 蛾子【精英】 80 30 2 0 250 0 0 0 1
1203 30 47 邪恶蝎蛇【精英】 500 80 2 0 251 0 0 0 1
1203 24 35  猪皇【BOSS】   0 1 5 25 249 0 0 0 1
1203 89 71  白野猪【领主】 0 1 5 25 253 0 0 0 1
1203 53 106  绿野猪【统领】 0 1 5 25 146 0 0 0 


;------------------------>香石古墓
;------------------>01层
;---------->普通
1204 82 80 红野猪 110 30 1 0 255 0 0 0 1
1204 82 80 黑野猪 110 30 1 0 255 0 0 0 1
1204 82 80 野猪仔 110 30 1 0 255 0 0 0 1
1204 82 80 绿野猪 110 30 1 0 255 0 0 0 1
1204 82 80 蝎蛇 110 30 1 0 255 0 0 0 1
1204 82 80 蜜蜂 110 30 1 0 255 0 0 0 1
1204 82 80 恶蟑 110 30 1 0 255 0 0 0 1
1204 82 80 蝙蝠 110 30 1 0 255 0 0 0 1
1204 82 80 蛾子 110 30 1 0 255 0 0 0 1
1204 82 80 红野猪 110 30 1 0 255 0 0 0 1
;1204 82 80 黑野猪 110 60 1 0 255 0 0 0 1

;---------->精英
1204 82 80 红野猪【精英】 110 40 1 0 251 0 0 0 1
1204 82 80 黑野猪【精英】 110 40 1 0 251 0 0 0 1
1204 82 80 疾速僵尸【精英】 110 40 1 0 251 0 0 0 1
1204 82 80 白野猪【精英】 80 40 1 0 251 0 0 0 1
1204 82 80 邪恶蝎蛇【精英】 80 40 1 0 251 0 0 0 1

;------------------>02层
;---------->普通
1205 24 37 红野猪 60 30 1 0 255 0 0 0 1
1205 24 37 黑野猪 60 30 1 0 255 0 0 0 1
;---------->精英
1205 24 37 红野猪【精英】 60 20 1 0 251 0 0 0 1
1205 24 37 黑野猪【精英】 60 20 1 0 251 0 0 0 1







; ;=================第二大陆===================
;--------------> 主城刷怪
02 81 160  触龙神皇【天威城主】 0  1 15 0 249 0 0 0 1

;---------->沃玛

02 209 216 暗之沃玛教主【统领】 0 1 5 10 146 0 0 0 1
02 208 235  暗之沃玛【领主】 0 1 5 10 253 0 0 0 1
02 203 249  沃玛教主【BOSS】 0 1 5 10 249 0 0 0 1

;---------->祖玛
02 196 56 祖玛卫士【统领】 0 1 5 10 146 0 0 0 1
02 204 39 祖玛教主【领主】 0 1 5 10 253 0 0 0 1
02 206 24  祖玛教主【BOSS】 0 1 5 10 249 0 0 0 1

;---------->骨魔

02 18 219  恶灵教主【统领】 0 1 5 10 146 0 0 0 1
02 18 230  黄泉恶魔【领主】 0 1 5 10 255 0 0 0 1
02 13 244  黄泉教主【BOSS】 0 1 5 10 249 0 0 0 1


;---------->恶魔营地
02 37 52  淫乱女魔头【统领】 0 1 5 10 146 0 0 0 1
02 35 46  铁锤【领主】 0 1 5 10 255 0 0 0 1
02 43 26  恶魔之主【BOSS】 0 1 5 10 249 0 0 0 1




;------------------------>沃玛
;------------------>01层
;---------->普通
1301 116 110 粪虫 255 250 1 0 255 0 0 0 1
1301 116 110 暗黑战士 255 250 1 0 255 0 0 0 1
1301 116 110 沃玛战士 255 250 1 0 255 0 0 0 1
1301 116 110 沃玛勇士 255 250 1 0 255 0 0 0 1
1301 116 110 火焰沃玛 255 250 1 0 255 0 0 0 1
1301 116 110 沃玛卫士 255 250 1 0 255 0 0 0 1+45
;---------->精英
1301 116 110 沃玛勇士【精英】 255 800 1 0 251 0 0 0 1
1301 116 110 沃玛卫士【精英】 255 800 1 0 251 0 0 0 1
;1301 116 110 火焰沃玛【精英】 255 30 1 0 251 0 0 0 1


;------------------>02层
;---------->普通
1302 95 98 粪虫 255 150 1 0 255 0 0 0 1
1302 95 98 暗黑战士 255 150 1 0 255 0 0 0 1
1302 95 98 沃玛战士 255 150 1 0 255 0 0 0 1
1302 95 98 沃玛勇士 255 150 1 0 255 0 0 0 1
1302 95 98 火焰沃玛 255 150 1 0 255 0 0 0 1
1302 95 98 沃玛卫士 255 150 1 0 255 0 0 0 1
1302 95 98 大老鼠 255 150 1 0 255 0 0 0 1
;---------->精英
1302 95 98 沃玛勇士【精英】 255 150 1 0 251 0 0 0 1
1302 95 98 沃玛卫士【精英】 255 150 1 0 251 0 0 0 1
1302 95 98 火焰沃玛【精英】 255 150 1 0 251 0 0 0 1


;------------------>03层
;---------->普通
;1303 95 98 粪虫 255 30 1 0 255 0 0 0 1
;1303 95 98 暗黑战士 255 60 1 0 255 0 0 0 1
;1303 143 134 沃玛战士 255 60 1 0 255 0 0 0 1
1303 143 134 沃玛勇士 255 150 1 0 255 0 0 0 1
1303 143 134 火焰沃玛 255 150 1 0 255 0 0 0 1
1303 143 134 沃玛卫士 255 150 1 0 255 0 0 0 1
1303 95 98 大老鼠 255 150 1 0 255 0 0 0 1
;---------->精英
1303 143 134 沃玛勇士【精英】 255 150 1 0 251 0 0 0 1
1303 143 134 沃玛卫士【精英】 255 150 1 0 251 0 0 0 1
1303 143 134 火焰沃玛【精英】 255 150 1 0 251 0 0 0 1


1303 247 148  暗之沃玛教主【统领】 0 1 5 10 146 0 0 0 1
1303 131 30  暗之沃玛【领主】 0 1 5 10 253 0 0 0 1
1303 152 126  沃玛教主【BOSS】 0 1 5 10 249 0 0 0 1




;------------------------>祖玛
;------------------>01层
;---------->普通
1401 50 54 小老鼠 255 150 1 0 255 0 0 0 1
1401 50 54 飞蛾 255 150 1 0 255 0 0 0 1
1401 50 54 角蝇 255 150 1 0 255 0 0 0 1
1401 50 54 跳跳蜂 255 150 1 0 255 0 0 0 1
1401 50 54 初级祖玛雕像 255 150 1 0 255 0 0 0 1
1401 50 54 初级祖玛卫士 255 150 1 0 255 0 0 0 1
1401 50 54 初级祖玛弓箭手 255 150 1 0 255 0 0 0 1
;1401 50 54 祖玛雕像 255 40 1 0 255 0 0 0 1
;1401 50 54 祖玛卫士 255 30 1 0 255 0 0 0 1
;1401 50 54 祖玛弓箭手 255 30 1 0 255 0 0 0 1
;---------->精英
;1401 50 54 祖玛雕像【精英】 255 40 1 0 251 0 0 0 1
;1401 50 54 祖玛弓箭手【精英】 255 40 1 0 251 0 0 0 1
1401 50 54 祖玛卫士【精英】 255 150 1 0 251 0 0 0 1
1401 50 54 毒蛾【精英】 255 150 1 0 251 0 0 0 1
1401 50 54 大老鼠【精英】 255 150 1 0 251 0 0 0 1
;1401 50 54 祖玛女巫【精英】 255 40 1 0 251 0 0 0 1


;------------------>02层
;---------->普通
1402 50 59 小老鼠 255 150 1 0 255 0 0 0 1
1402 50 59 飞蛾 255 150 1 0 255 0 0 0 1
1402 50 59 角蝇 255 150 1 0 255 0 0 0 1
1402 50 59 跳跳蜂 255 150 1 0 255 0 0 0 1
1402 50 59 初级祖玛雕像 255 150 1 0 255 0 0 0 1
1402 50 59 初级祖玛卫士 255 150 1 0 255 0 0 0 1
1402 50 59 初级祖玛弓箭手 255 150 1 0 255 0 0 0 1
1402 50 59 祖玛雕像 255 150 1 0 255 0 0 0 1
1402 50 59 祖玛卫士 255 150 1 0 255 0 0 0 1
1402 50 59 祖玛弓箭手 255 150 1 0 255 0 0 0 1
;---------->精英
1402 50 59 祖玛雕像【精英】 255 150 1 0 251 0 0 0 1
1402 50 59 祖玛弓箭手【精英】 255 150 1 0 251 0 0 0 1
1402 50 59 祖玛卫士【精英】 255 150 1 0 251 0 0 0 1
;1402 50 59 毒蛾【精英】 255 40 1 0 251 0 0 0 1
;1402 50 59 大老鼠【精英】 255 40 1 0 251 0 0 0 1
1402 50 59 祖玛女巫【精英】 255 150 1 0 251 0 0 0 1


;------------------>03层
;---------->普通
;1403 69 70 小老鼠 255 30 1 0 255 0 0 0 1
;1403 69 69 飞蛾 255 30 1 0 255 0 0 0 1
;1403 69 69 角蝇 255 30 1 0 255 0 0 0 1
1403 69 69 跳跳蜂 255 150 1 0 255 0 0 0 1
1403 69 69 初级祖玛雕像 255 150 1 0 255 0 0 0 1
1403 69 69 初级祖玛卫士 255 150 1 0 255 0 0 0 1
1403 69 69 初级祖玛弓箭手 255 150 1 0 255 0 0 0 1
1403 69 69 祖玛雕像 255 150 1 0 255 0 0 0 1
1403 69 69 祖玛卫士 255 150 1 0 255 0 0 0 1
1403 69 69 祖玛弓箭手 255 150 1 0 255 0 0 0 1
;---------->精英
1403 69 69 祖玛雕像【精英】 255 150 1 0 251 0 0 0 1
1403 69 69 祖玛弓箭手【精英】 255 150 1 0 251 0 0 0 1
1403 69 69 祖玛卫士【精英】 255 150 1 0 251 0 0 0 1
;1402 50 59 毒蛾【精英】 255 40 1 0 251 0 0 0 1
;1402 50 59 大老鼠【精英】 255 40 1 0 251 0 0 0 1
1403 69 69 祖玛女巫【精英】 255 150 1 0 251 0 0 0 1


;------------------>04层
;---------->普通
1404 40 41 小老鼠 255 50 1 0 255 0 0 0 1
1404 40 41 飞蛾 255 50 1 0 255 0 0 0 1
1404 40 41 角蝇 255 50 1 0 255 0 0 0 1
1404 40 41 跳跳蜂 255 50 1 0 255 0 0 0 1
1404 40 41 初级祖玛雕像 255 50 1 0 255 0 0 0 1
1404 40 41 初级祖玛卫士 255 50 1 0 255 0 0 0 1
1404 40 41 初级祖玛弓箭手 255 50 1 0 255 0 0 0 1
1404 40 41 祖玛雕像 255 50 1 0 255 0 0 0 1
1404 40 41 祖玛卫士 255 50 1 0 255 0 0 0 1
1404 40 41 祖玛弓箭手 255 50 1 0 255 0 0 0 1
;---------->精英
1404 40 41 祖玛雕像【精英】 255 50 1 0 251 0 0 0 1
1404 40 41 祖玛弓箭手【精英】 255 50 1 0 251 0 0 0 1
1404 40 41 祖玛卫士【精英】 255 50 1 0 251 0 0 0 1
1404 40 41 毒蛾【精英】 255 50 1 0 251 0 0 0 1
1404 40 41 大老鼠【精英】 255 50 1 0 251 0 0 0 1
1404 40 41 祖玛女巫【精英】 255 50 1 0 251 0 0 0 1


1404 26 53 祖玛卫士【统领】 0 1 5 10 146 0 0 0 1
1404 49 31 祖玛教主【领主】 0 1 5 10 253 0 0 0 1
1404 40 41  祖玛教主【BOSS】 0 1 5 10 249 0 0 0 1



;------------------>骨魔洞
;------------------>01
;---------->普通
2104 50 45  恶灵僵尸 255 100 1 0 255 0 0 0 1
2104 50 45  恶灵尸王 255 100 1 0 255 0 0 0 1
2104 50 45  恶灵锤兵 255 100 1 0 255 0 0 0 1
2104 50 45  恶灵长枪兵 255 100 1 0 255 0 0 0 1
2104 50 45  恶灵刀斧手 255 100 1 0 255 0 0 0 1
2104 50 45  恶灵弓箭手 255 100 1 0 255 0 0 0 1
2104 50 45  恶灵魔猪卫 255 100 1 0 255 0 0 0 1
2104 50 45  恶灵蝎卫 255 100 1 0 255 0 0 0 1

;---------->精英
2104 50 45  恶灵僵尸【精英】 255 100 1 0 251 0 0 0 1
2104 50 45  恶灵尸王【精英】 255 100 1 0 251 0 0 0 1
2104 50 45  恶灵锤兵【精英】 255 100 1 0 251 0 0 0 1
;2104 50 45  恶灵长枪兵【精英】 255 20 1 0 251 0 0 0 1
;2104 50 45  恶灵刀斧手【精英】 255 20 1 0 251 0 0 0 1
;2104 50 45  恶灵弓箭手【精英】 255 20 1 0 251 0 0 0 1
;2104 50 45  恶灵刀客【精英】 255 20 1 0 251 0 0 0 1




;------------------>02
;---------->普通
;2105 50 45  恶灵僵尸 255 60 1 0 255 0 0 0 1
;2105 50 45  恶灵尸王 255 60 1 0 255 0 0 0 1
;2105 50 45  恶灵锤兵 255 60 1 0 255 0 0 0 1
;2105 50 45  恶灵长枪兵 255 60 1 0 255 0 0 0 1
;2105 50 45  恶灵刀斧手 255 60 1 0 255 0 0 0 1
2105 50 45  恶灵弓箭手 255 200 1 0 255 0 0 0 1
2105 50 45  恶灵魔猪卫 255 200 1 0 255 0 0 0 1
2105 50 45  恶灵蝎卫 255 200 1 0 255 0 0 0 1

;---------->精英
2105 50 45  恶灵僵尸【精英】 255 200 1 0 251 0 0 0 1
2105 50 45  恶灵尸王【精英】 255 200 1 0 251 0 0 0 1
2105 50 45  恶灵锤兵【精英】 255 200 1 0 251 0 0 0 1
2105 50 45  恶灵长枪兵【精英】 255 200 1 0 251 0 0 0 1
2105 50 45  恶灵刀斧手【精英】 255 200 1 0 251 0 0 0 1
2105 50 45  恶灵弓箭手【精英】 255 200 1 0 251 0 0 0 1
2105 50 45  恶灵刀客【精英】 255 200 1 0 251 0 0 0 1


;------------------>03
;---------->普通
2106 34 43  恶灵僵尸 255 50 1 0 255 0 0 0 1
2106 34 43  恶灵尸王 255 50 1 0 255 0 0 0 1
2106 34 43  恶灵锤兵 255 50 1 0 255 0 0 0 1
2106 34 43  恶灵长枪兵 255 50 1 0 255 0 0 0 1
2106 34 43  恶灵刀斧手 255 50 1 0 255 0 0 0 1
2106 34 43  恶灵弓箭手 255 50 1 0 255 0 0 0 1
2106 34 43  恶灵魔猪卫 255 50 1 0 255 0 0 0 1
2106 34 43  恶灵蝎卫 255 50 1 0 255 0 0 0 1

;---------->精英
2106 34 43  恶灵僵尸【精英】 255 50 1 0 251 0 0 0 1
2106 34 43  恶灵尸王【精英】 255 50 1 0 251 0 0 0 1
2106 34 43  恶灵锤兵【精英】 255 50 1 0 251 0 0 0 1
2106 34 43  恶灵长枪兵【精英】 255 50 1 0 251 0 0 0 1
2106 34 43  恶灵刀斧手【精英】 255 50 1 0 251 0 0 0 1
2106 34 43  恶灵弓箭手【精英】 255 50 1 0 251 0 0 0 1
2106 34 43  恶灵刀客【精英】 255 50 1 0 251 0 0 0 1


2106 34 43  恶灵教主【统领】 20 1 5 10 146 0 0 0 1

2106 34 43  黄泉恶魔【领主】 20 1 5  10 255 0 0 0 1

2106 34 43  黄泉教主【BOSS】 20 1 5  10 249 0 0 0 1




;------------------>恶魔营地
;------------------>01
;---------->普通
2501 60 70  蓝魔弩手  255 150 1 0 255 0 0 0 1
2501 60 70  营地枪卫  255 150 1 0 255 0 0 0 1
2501 60 70  营地刀卫  255 150 1 0 255 0 0 0 1
2501 60 70  暗黑巫师  255 150 1 0 255 0 0 0 1
2501 60 70  冰之红巫  255 150 1 0 255 0 0 0 1
2501 60 70  倭猩国王  255 150 1 0 255 0 0 0 1
2501 60 70  毒牙恶犬  255 150 1 0 255 0 0 0 1
2501 71 65  承运黑巫  255 150 1 0 255 0 0 0 1
2501 71 65  胖锤  255 150 2 10 255 0 0 0 
2501 71 65  炸弹狂魔  255 150 1 0 255 0 0 0 1
2501 71 65  控火恶魔  255 150 1 0 255 0 0 0 1

; ;---------->精英
2501 60 70  附骨恶魔【精英】 255 150 1 0 251 0 0 0 1
2501 60 70  魅惑花妖【精英】 255 150 1 0 251 0 0 0 1
2501 60 70  冰刺魔头【精英】 255 150 1 0 251 0 0 0 1
2501 60 70  魔刹女妖【精英】 255 150 1 0 251 0 0 0 1
2501 60 70  投石怪【精英】 255 150 1 0 251 0 0 0 1
2501 71 65  恶魔火巫【精英】 255 150 1 0 251 0 0 0 1
2501 71 65  铁镰狂魔【精英】 255 150 1 0 251 0 0 0 1
2501 71 65  双刀恶魔【精英】 255 150 1 0 251 0 0 0 1
2501 60 70  魔刹女妖【精英】 255 150 1 0 251 0 0 0 1
2501 60 70  投石怪【精英】 255 150 1 0 251 0 0 0 1
; ;------------------>02
; ;---------->普通
2502 60 70  蓝魔弩手  255 150 1 0 255 0 0 0 1
2502 60 70  营地枪卫  255 150 1 0 255 0 0 0 1
2502 60 70  营地刀卫  255 150 1 0 255 0 0 0 1
2502 60 70  暗黑巫师  255 150 1 0 255 0 0 0 1
2502 60 70  冰之红巫  255 150 1 0 255 0 0 0 1
2502 60 70  倭猩国王  255 150 1 0 255 0 0 0 1
2502 60 70  毒牙恶犬  255 150 1 0 255 0 0 0 1
2502 71 65  承运黑巫  255 150 1 0 255 0 0 0 1
2502 71 65  胖锤  255 150 2 10 255 0 0 0 
2502 71 65  炸弹狂魔  255 150 1 0 255 0 0 0 1
2502 71 65  控火恶魔  255 150 1 0 255 0 0 0 1

;--------->精英
2502 60 70  附骨恶魔【精英】 255 150 1 0 251 0 0 0 1
2502 60 70  魅惑花妖【精英】 255 150 1 0 251 0 0 0 1
2502 60 70  冰刺魔头【精英】 255 150 1 0 251 0 0 0 1
2502 60 70  魔刹女妖【精英】 255 150 1 0 251 0 0 0 1
2502 60 70  投石怪【精英】 255 150 1 0 251 0 0 0 1
2502 71 65  恶魔火巫【精英】 255 150 1 0 251 0 0 0 1
2502 71 65  铁镰狂魔【精英】 255 150 1 0 251 0 0 0 1
2502 71 65  双刀恶魔【精英】 255 150 1 0 251 0 0 0 1
2502 60 70  魔刹女妖【精英】 255 150 1 0 251 0 0 0 1
2502 60 70  投石怪【精英】 255 150 1 0 251 0 0 0 1



; ;------------------>03
; ;---------->
2503 60 70  蓝魔弩手  255 150 1 0 255 0 0 0 1
2503 60 70  营地枪卫  255 150 1 0 255 0 0 0 1
2503 60 70  营地刀卫  255 150 1 0 255 0 0 0 1
2503 60 70  暗黑巫师  255 150 1 0 255 0 0 0 1
2503 60 70  冰之红巫  255 150 1 0 255 0 0 0 1
2503 60 70  倭猩国王  255 150 1 0 255 0 0 0 1
2503 60 70  毒牙恶犬  255 150 1 0 255 0 0 0 1
2503 71 65  承运黑巫  255 150 1 0 255 0 0 0 1
2503 71 65  胖锤  255 150 2 10 255 0 0 0 
2503 71 65  炸弹狂魔  255 150 1 0 255 0 0 0 1
2503 71 65  控火恶魔  255 150 1 0 255 0 0 0 1

;2503------>精英
2503 60 70  附骨恶魔【精英】 255 150 1 0 251 0 0 0 1
2503 60 70  魅惑花妖【精英】 255 150 1 0 251 0 0 0 1
2503 60 70  冰刺魔头【精英】 255 150 1 0 251 0 0 0 1
2503 60 70  魔刹女妖【精英】 255 150 1 0 251 0 0 0 1
2503 60 70  投石怪【精英】 255 150 1 0 251 0 0 0 1
2503 71 65  恶魔火巫【精英】 255 150 1 0 251 0 0 0 1
2503 71 65  铁镰狂魔【精英】 255 150 1 0 251 0 0 0 1
2503 71 65  双刀恶魔【精英】 255 150 1 0 251 0 0 0 1
2503 60 70  魔刹女妖【精英】 255 150 1 0 251 0 0 0 1
2503 60 70  投石怪【精英】 255 150 1 0 251 0 0 0 1



2503 95 91  淫乱女魔头【统领】 0 1 5 10 146 0 0 0 1

2503 88 28  铁锤【领主】 0 1 5 10 255 0 0 0 1

2503 71 65  恶魔之主【BOSS】 0 1 5 10 249 0 0 0 1




;=================第三大陆===================
;--------------> 主城刷怪
03 112 203  巨翼魔王【曙光城主】 0 1 15 0 249 0 0 0 1

;---------->1
03 250 51  喷射蚁【统领】 0 1 5 10 146 0 0 0 
03 234 37  火蚁【领主】 0 1 5 10 253 0 0 0 1
03 245 41  铁甲蚁【BOSS】 0 1 5 10 249 0 0 0 1

;---------->2
03 246 317  熊猫侠【统领】 0 1 5 10 146 0 0 0 1
03 252 305  蜓龙【领主】 0 1 5 10 253 0 0 0 1
03 242 304  灵地守护者【BOSS】 0 1 5 10 249 0 0 0 1

;---------->3
03 17 48  赤月恶魔【统领】 0 1 5 10 146 0 0 0 1
03 37 34  赤月恶魔【领主】 0 1 5 10 253 0 0 0 1
03 27 42  赤月邪魔【BOSS】 0 1 5 10 249 0 0 0 1

;---------->4
03 31 312  鬼王魔刹【统领】 0 1 5 10 146 0 0 0 1
03 32 321  幽魂女王【领主】 0 1 5 10 253 0 0 0 1
03 23 318  血腥魔神【BOSS】 0 1 5 10 249 0 0 0 1


;------------------>蚂蚁洞
;------------------>01
;---------->普通
2203 68 116  黑蚁 255 150 1 0 255 0 0 0 1
2203 68 116  铁甲蚁 255 150 1 0 255 0 0 0 1
2203 68 116  剧毒蚁 255 150 1 0 255 0 0 0 1
2203 68 116  巨腹蚁 255 150 1 0 255 0 0 0 1
2203 68 116  鄂蚁 255 150 1 0 255 0 0 0 1
2203 68 116  红眼蚁 255 150 1 0 255 0 0 0 1
;---------->精英
2203 68 116  喷射蚁【精英】 255 150 1 0 251 0 0 0 1
2203 68 116  巨腹蚁【精英】 255 150 1 0 251 0 0 0 1
2203 68 116  白腹巨蚁【精英】 255 150 1 0 251 0 0 0 1
2203 68 116  喷射蚁【精英】 255 150 1 0 251 0 0 0 1
2203 68 116  巨腹蚁【精英】 255 150 1 0 251 0 0 0 1
2203 68 116  白腹巨蚁【精英】 255 150 1 0 251 0 0 0 1

;------------------>02
;---------->普通
2204 62 85  黑蚁 255 150 1 0 255 0 0 0 1
2204 62 85  铁甲蚁 255 150 1 0 255 0 0 0 1
2204 62 85  剧毒蚁 255 150 1 0 255 0 0 0 1
2204 62 85  巨腹蚁 255 150 1 0 255 0 0 0 1
2204 62 85  鄂蚁 255 150 1 0 255 0 0 0 1
2204 62 85  红眼蚁 255 150 1 0 255 0 0 0 1

;---------->精英
2204 62 85  喷射蚁【精英】 255 150 1 0 251 0 0 0 1
2204 62 85  巨腹蚁【精英】 255 150 1 0 251 0 0 0 1
2204 62 85  白腹巨蚁【精英】 255 150 1 0 251 0 0 0 1



;------------------>03
;---------->普通
2205 37 50  黑蚁 255 50 1 0 255 0 0 0 1
2205 37 50  铁甲蚁 255 50 1 0 255 0 0 0 1 
2205 37 50  剧毒蚁 255 50 1 0 255 0 0 0 1
2205 37 50  巨腹蚁 255 50 1 0 255 0 0 0 1
2205 37 50  鄂蚁 255 50 1 0 255 0 0 0 1
2205 37 50  红眼蚁 255 50 1 0 255 0 0 0 1

;---------->精英
2205 37 50  喷射蚁【精英】 255 50 1 0 251 0 0 0 1
2205 37 50  巨腹蚁【精英】 255 50 1 0 251 0 0 0 1
2205 37 50  白腹巨蚁【精英】 255 50 1 0 251 0 0 0 1

2205 41 18  喷射蚁【统领】 0 1 5 10 255 0 0 0 1
2205 13 44  火蚁【领主】 0 1 5 10 253 0 0 0 1
2205 48 79  铁甲蚁【BOSS】 0 1 5 10 249 0 0 0 1




;------------------------>精灵山谷
;------------------>01层
;---------->普通
2301 104 94  食人花 255 50 1 0 255 0 0 0 1
2301 104 94  荧光蟑 255 50 1 0 255 0 0 0 1
2301 104 94  毒蝎 255 50 1 0 255 0 0 0 1
2301 104 94  绿熊猫战士 255 50 1 0 255 0 0 0 1
2301 104 94  红熊猫战士 255 50 1 0 255 0 0 0 1
2301 104 94  蚩尤灵兽 255 50 1 0 255 0 0 0 1
2301 104 94  功夫灵猫 255 50 1 0 255 0 0 0 1
2301 104 94  黄蛇 255 50 1 0 255 0 0 0 1
2301 104 94  红蛇 255 50 1 0 255 0 0 0 1
2301 104 94  夜行鬼灵 255 50 1 0 255 0 0 0 1
2301 104 94  毒灵龟 255 50 1 0 255 0 0 0 1
2301 104 94  灵棕熊 255 50 1 0 255 0 0 0 1
2301 104 94  白灵犀 255 50 1 0 255 0 0 0 1
2301 104 94  金灵龙 255 50 1 0 255 0 0 0 1
2301 104 94  蜓龙 255 50 1 0 255 0 0 0 1
2301 104 94  翼龙 255 50 1 0 255 0 0 0 1
2301 104 94  森林女妖 255 50 1 0 255 0 0 0 1
2301 104 94  奶妖 255 50 1 0 255 0 0 0 1
2301 104 94  黑蛛 255 50 1 0 255 0 0 0 1
2301 104 94  灵齿妖 255 50 1 0 255 0 0 0 1
2301 104 94  七彩灵妖 255 50 1 0 255 0 0 0 1
2301 104 94  灵鼠妖 255 50 1 0 255 0 0 0 1
2301 104 94  灵神 255 50 1 0 255 0 0 0 1
2301 104 94  灵怒神 255 50 1 0 255 0 0 0 1
2301 104 94  绿灵蜥 255 50 1 0 255 0 0 0 1
2301 104 94  小灵妖 255 50 1 0 255 0 0 0 1
2301 104 94  精灵小火龙 255 50 1 0 255 0 0 0 1
2301 104 94  小精灵 255 50 1 0 255 0 0 0 1
2301 104 94  食人花【精英】 255 120 1 0 251 0 0 0 1
2301 104 94  灵蜥妖【精英】 255 120 1 0 251 0 0 0 1
2301 104 94  金钱灵豹【精英】 255 120 1 0 251 0 0 0 1
2301 104 94  灵象【精英】 255 120 1 0 251 0 0 0 1
2301 104 94  火灵犀【精英】 255 120 1 0 251 0 0 0 1
2301 104 94  神鹿【精英】 255 120 1 0 251 0 0 0 1
2301 104 94  女妖【精英】 255 120 1 0 251 0 0 0 1
2301 104 94  灵鼠妖【精英】 255 120 1 0 251 0 0 0 1
2301 104 94  金环灵神【精英】 255 120 1 0 251 0 0 0 1
2301 104 94  灵虎【精英】 255 120 120 0 251 0 0 0 1
2301 104 94  金翅灵【精英】 255 20 120 0 251 0 0 0 1



;------------------>02层
;---------->普通
2302 104 94  食人花 255 50 1 0 255 0 0 0 1
2302 104 94  荧光蟑 255 50 1 0 255 0 0 0 1
2302 104 94  毒蝎 255 50 1 0 255 0 0 0 1
2302 104 94  绿熊猫战士 255 50 1 0 255 0 0 0 1
2302 104 94  红熊猫战士 255 50 1 0 255 0 0 0 1
2302 104 94  蚩尤灵兽 255 50 1 0 255 0 0 0 1
2302 104 94  功夫灵猫 255 50 1 0 255 0 0 0 1
2302 104 94  黄蛇 255 50 1 0 255 0 0 0 1
2302 104 94  红蛇 255 50 1 0 255 0 0 0 1
2302 104 94  夜行鬼灵 255 50 1 0 255 0 0 0 1
2302 104 94  毒灵龟 255 50 1 0 255 0 0 0 1
2302 104 94  灵棕熊 255 50 1 0 255 0 0 0 1
2302 104 94  白灵犀 255 50 1 0 255 0 0 0 1
2302 104 94  金灵龙 255 50 1 0 255 0 0 0 1
2302 104 94  蜓龙 255 50 1 0 255 0 0 0 1
2302 104 94  翼龙 255 50 1 0 255 0 0 0 1
2302 104 94  森林女妖 255 50 1 0 255 0 0 0 1
2302 104 94  奶妖 255 50 1 0 255 0 0 0 1
2302 104 94  黑蛛 255 50 1 0 255 0 0 0 1
2302 104 94  灵齿妖 255 50 1 0 255 0 0 0 1
2302 104 94  七彩灵妖 255 50 1 0 255 0 0 0 1
2302 104 94  灵鼠妖 255 50 1 0 255 0 0 0 1
2302 104 94  灵神 255 50 1 0 255 0 0 0 1
2302 104 94  灵怒神 255 50 1 0 255 0 0 0 1
2302 104 94  绿灵蜥 255 50 1 0 255 0 0 0 1
2302 104 94  小灵妖 255 50 1 0 255 0 0 0 1
2302 104 94  精灵小火龙 255 50 1 0 255 0 0 0 1
2302 104 94  小精灵 255 50 1 0 255 0 0 0 1
2302 104 94  食人花【精英】 255 120 1 0 251 0 0 0 1
2302 104 94  灵蜥妖【精英】 255 120 1 0 251 0 0 0 1
2302 104 94  金钱灵豹【精英】 255 120 1 0 251 0 0 0 1
2302 104 94  灵象【精英】 255 120 1 0 251 0 0 0 1
2302 104 94  火灵犀【精英】 255 120 1 0 251 0 0 0 1
2302 104 94  神鹿【精英】 255 120 1 0 251 0 0 0 1
2302 104 94  女妖【精英】 255 120 1 0 251 0 0 0 1
2302 104 94  灵鼠妖【精英】 255 120 1 0 251 0 0 0 1
2302 104 94  金环灵神【精英】 255 120 1 0 251 0 0 0 1
2302 104 94  灵虎【精英】 255 120 120 0 251 0 0 0 1
2302 104 94  金翅灵【精英】 255 20 120 0 251 0 0 0 1





;------------------>03层
;---------->普通
2303 104 94  食人花 255 50 1 0 255 0 0 0 1
2303 104 94  荧光蟑 255 50 1 0 255 0 0 0 1
2303 104 94  毒蝎 255 50 1 0 255 0 0 0 1
2303 104 94  绿熊猫战士 255 50 1 0 255 0 0 0 1
2303 104 94  红熊猫战士 255 50 1 0 255 0 0 0 1
2303 104 94  蚩尤灵兽 255 50 1 0 255 0 0 0 1
2303 104 94  功夫灵猫 255 50 1 0 255 0 0 0 1
2303 104 94  黄蛇 255 50 1 0 255 0 0 0 1
2303 104 94  红蛇 255 50 1 0 255 0 0 0 1
2303 104 94  夜行鬼灵 255 50 1 0 255 0 0 0 1
2303 104 94  毒灵龟 255 50 1 0 255 0 0 0 1
2303 104 94  灵棕熊 255 50 1 0 255 0 0 0 1
2303 104 94  白灵犀 255 50 1 0 255 0 0 0 1
2303 104 94  金灵龙 255 50 1 0 255 0 0 0 1
2303 104 94  蜓龙 255 50 1 0 255 0 0 0 1
2303 104 94  翼龙 255 50 1 0 255 0 0 0 1
2303 104 94  森林女妖 255 50 1 0 255 0 0 0 1
2303 104 94  奶妖 255 50 1 0 255 0 0 0 1
2303 104 94  黑蛛 255 50 1 0 255 0 0 0 1
2303 104 94  灵齿妖 255 50 1 0 255 0 0 0 1
2303 104 94  七彩灵妖 255 50 1 0 255 0 0 0 1
2303 104 94  灵鼠妖 255 50 1 0 255 0 0 0 1
2303 104 94  灵神 255 50 1 0 255 0 0 0 1
2303 104 94  灵怒神 255 50 1 0 255 0 0 0 1
2303 104 94  绿灵蜥 255 50 1 0 255 0 0 0 1
2303 104 94  小灵妖 255 50 1 0 255 0 0 0 1
2303 104 94  精灵小火龙 255 50 1 0 255 0 0 0 1
2303 104 94  小精灵 255 50 1 0 255 0 0 0 1
2303 104 94  食人花【精英】 255 120 1 0 251 0 0 0 1
2303 104 94  灵蜥妖【精英】 255 120 1 0 251 0 0 0 1
2303 104 94  金钱灵豹【精英】 255 120 1 0 251 0 0 0 1
2303 104 94  灵象【精英】 255 120 1 0 251 0 0 0 1
2303 104 94  火灵犀【精英】 255 120 1 0 251 0 0 0 1
2303 104 94  神鹿【精英】 255 120 1 0 251 0 0 0 1
2303 104 94  女妖【精英】 255 120 1 0 251 0 0 0 1
2303 104 94  灵鼠妖【精英】 255 120 1 0 251 0 0 0 1
2303 104 94  金环灵神【精英】 255 120 1 0 251 0 0 0 1
2303 104 94  灵虎【精英】 255 120 120 0 251 0 0 0 1
2303 104 94  金翅灵【精英】 255 20 120 0 251 0 0 0 1


;------------------>04层
;---------->普通
2304 104 94  食人花 255 50 1 0 255 0 0 0 1
2304 104 94  荧光蟑 255 50 1 0 255 0 0 0 1
2304 104 94  毒蝎 255 50 1 0 255 0 0 0 1
2304 104 94  绿熊猫战士 255 50 1 0 255 0 0 0 1
2304 104 94  红熊猫战士 255 50 1 0 255 0 0 0 1
2304 104 94  蚩尤灵兽 255 50 1 0 255 0 0 0 1
2304 104 94  功夫灵猫 255 50 1 0 255 0 0 0 1
2304 104 94  黄蛇 255 50 1 0 255 0 0 0 1
2304 104 94  红蛇 255 50 1 0 255 0 0 0 1
2304 104 94  夜行鬼灵 255 50 1 0 255 0 0 0 1
2304 104 94  毒灵龟 255 50 1 0 255 0 0 0 1
2304 104 94  灵棕熊 255 50 1 0 255 0 0 0 1
2304 104 94  白灵犀 255 50 1 0 255 0 0 0 1
2304 104 94  金灵龙 255 50 1 0 255 0 0 0 1
2304 104 94  蜓龙 255 50 1 0 255 0 0 0 1
2304 104 94  翼龙 255 50 1 0 255 0 0 0 1
2304 104 94  森林女妖 255 50 1 0 255 0 0 0 1
2304 104 94  奶妖 255 50 1 0 255 0 0 0 1
2304 104 94  黑蛛 255 50 1 0 255 0 0 0 1
2304 104 94  灵齿妖 255 50 1 0 255 0 0 0 1
2304 104 94  七彩灵妖 255 50 1 0 255 0 0 0 1
2304 104 94  灵鼠妖 255 50 1 0 255 0 0 0 1
2304 104 94  灵神 255 50 1 0 255 0 0 0 1
2304 104 94  灵怒神 255 50 1 0 255 0 0 0 1
2304 104 94  绿灵蜥 255 50 1 0 255 0 0 0 1
2304 104 94  小灵妖 255 50 1 0 255 0 0 0 1
2304 104 94  精灵小火龙 255 50 1 0 255 0 0 0 1
2304 104 94  小精灵 255 50 1 0 255 0 0 0 1
2304 104 94  食人花【精英】 255 120 1 0 251 0 0 0 1
2304 104 94  灵蜥妖【精英】 255 120 1 0 251 0 0 0 1
2304 104 94  金钱灵豹【精英】 255 120 1 0 251 0 0 0 1
2304 104 94  灵象【精英】 255 120 1 0 251 0 0 0 1
2304 104 94  火灵犀【精英】 255 120 1 0 251 0 0 0 1
2304 104 94  神鹿【精英】 255 120 1 0 251 0 0 0 1
2304 104 94  女妖【精英】 255 120 1 0 251 0 0 0 1
2304 104 94  灵鼠妖【精英】 255 120 1 0 251 0 0 0 1
2304 104 94  金环灵神【精英】 255 120 1 0 251 0 0 0 1
2304 104 94  灵虎【精英】 255 120 120 0 251 0 0 0 1
2304 104 94  金翅灵【精英】 255 20 120 0 251 0 0 0 1


;------------------>05层
;---------->普通
2305 104 94  食人花 255 50 1 0 255 0 0 0 1
2305 104 94  荧光蟑 255 50 1 0 255 0 0 0 1
2305 104 94  毒蝎 255 50 1 0 255 0 0 0 1
2305 104 94  绿熊猫战士 255 50 1 0 255 0 0 0 1
2305 104 94  红熊猫战士 255 50 1 0 255 0 0 0 1
2305 104 94  蚩尤灵兽 255 50 1 0 255 0 0 0 1
2305 104 94  功夫灵猫 255 50 1 0 255 0 0 0 1
2305 104 94  黄蛇 255 50 1 0 255 0 0 0 1
2305 104 94  红蛇 255 50 1 0 255 0 0 0 1
2305 104 94  夜行鬼灵 255 50 1 0 255 0 0 0 1
2305 104 94  毒灵龟 255 50 1 0 255 0 0 0 1
2305 104 94  灵棕熊 255 50 1 0 255 0 0 0 1
2305 104 94  白灵犀 255 50 1 0 255 0 0 0 1
2305 104 94  金灵龙 255 50 1 0 255 0 0 0 1
2305 104 94  蜓龙 255 50 1 0 255 0 0 0 1
2305 104 94  翼龙 255 50 1 0 255 0 0 0 1
2305 104 94  森林女妖 255 50 1 0 255 0 0 0 1
2305 104 94  奶妖 255 50 1 0 255 0 0 0 1
2305 104 94  黑蛛 255 50 1 0 255 0 0 0 1
2305 104 94  灵齿妖 255 50 1 0 255 0 0 0 1
2305 104 94  七彩灵妖 255 50 1 0 255 0 0 0 1
2305 104 94  灵鼠妖 255 50 1 0 255 0 0 0 1
2305 104 94  灵神 255 50 1 0 255 0 0 0 1
2305 104 94  灵怒神 255 50 1 0 255 0 0 0 1
2305 104 94  绿灵蜥 255 50 1 0 255 0 0 0 1
2305 104 94  小灵妖 255 50 1 0 255 0 0 0 1
2305 104 94  精灵小火龙 255 50 1 0 255 0 0 0 1
2305 104 94  小精灵 255 50 1 0 255 0 0 0 1
2305 104 94  食人花【精英】 255 120 1 0 251 0 0 0 1
2305 104 94  灵蜥妖【精英】 255 120 1 0 251 0 0 0 1
2305 104 94  金钱灵豹【精英】 255 120 1 0 251 0 0 0 1
2305 104 94  灵象【精英】 255 120 1 0 251 0 0 0 1
2305 104 94  火灵犀【精英】 255 120 1 0 251 0 0 0 1
2305 104 94  神鹿【精英】 255 120 1 0 251 0 0 0 1
2305 104 94  女妖【精英】 255 120 1 0 251 0 0 0 1
2305 104 94  灵鼠妖【精英】 255 120 1 0 251 0 0 0 1
2305 104 94  金环灵神【精英】 255 120 1 0 251 0 0 0 1
2305 104 94  灵虎【精英】 255 120 120 0 251 0 0 0 1
2305 104 94  金翅灵【精英】 255 20 120 0 251 0 0 0 1



;------------------>06层
;---------->普通
2306 104 94  食人花 255 50 1 0 255 0 0 0 1
2306 104 94  荧光蟑 255 50 1 0 255 0 0 0 1
2306 104 94  毒蝎 255 50 1 0 255 0 0 0 1
2306 104 94  绿熊猫战士 255 50 1 0 255 0 0 0 1
2306 104 94  红熊猫战士 255 50 1 0 255 0 0 0 1
2306 104 94  蚩尤灵兽 255 50 1 0 255 0 0 0 1
2306 104 94  功夫灵猫 255 50 1 0 255 0 0 0 1
2306 104 94  黄蛇 255 50 1 0 255 0 0 0 1
2306 104 94  红蛇 255 50 1 0 255 0 0 0 1
2306 104 94  夜行鬼灵 255 50 1 0 255 0 0 0 1
2306 104 94  毒灵龟 255 50 1 0 255 0 0 0 1
2306 104 94  灵棕熊 255 50 1 0 255 0 0 0 1
2306 104 94  白灵犀 255 50 1 0 255 0 0 0 1
2306 104 94  金灵龙 255 50 1 0 255 0 0 0 1
2306 104 94  蜓龙 255 50 1 0 255 0 0 0 1
2306 104 94  翼龙 255 50 1 0 255 0 0 0 1
2306 104 94  森林女妖 255 50 1 0 255 0 0 0 1
2306 104 94  奶妖 255 50 1 0 255 0 0 0 1
2306 104 94  黑蛛 255 50 1 0 255 0 0 0 1
2306 104 94  灵齿妖 255 50 1 0 255 0 0 0 1
2306 104 94  七彩灵妖 255 50 1 0 255 0 0 0 1
2306 104 94  灵鼠妖 255 50 1 0 255 0 0 0 1
2306 104 94  灵神 255 50 1 0 255 0 0 0 1
2306 104 94  灵怒神 255 50 1 0 255 0 0 0 1
2306 104 94  绿灵蜥 255 50 1 0 255 0 0 0 1
2306 104 94  小灵妖 255 50 1 0 255 0 0 0 1
2306 104 94  精灵小火龙 255 50 1 0 255 0 0 0 1
2306 104 94  小精灵 255 50 1 0 255 0 0 0 1
2306 104 94  食人花【精英】 255 120 1 0 251 0 0 0 1
2306 104 94  灵蜥妖【精英】 255 120 1 0 251 0 0 0 1
2306 104 94  金钱灵豹【精英】 255 120 1 0 251 0 0 0 1
2306 104 94  灵象【精英】 255 120 1 0 251 0 0 0 1
2306 104 94  火灵犀【精英】 255 120 1 0 251 0 0 0 1
2306 104 94  神鹿【精英】 255 120 1 0 251 0 0 0 1
2306 104 94  女妖【精英】 255 120 1 0 251 0 0 0 1
2306 104 94  灵鼠妖【精英】 255 120 1 0 251 0 0 0 1
2306 104 94  金环灵神【精英】 255 120 1 0 251 0 0 0 1
2306 104 94  灵虎【精英】 255 120 120 0 251 0 0 0 1
2306 104 94  金翅灵【精英】 255 20 120 0 251 0 0 0 1




;------------------>07层
;---------->普通
2307 104 94  食人花 255 50 1 0 255 0 0 0 1
2307 104 94  荧光蟑 255 50 1 0 255 0 0 0 1
2307 104 94  毒蝎 255 50 1 0 255 0 0 0 1
2307 104 94  绿熊猫战士 255 50 1 0 255 0 0 0 1
2307 104 94  红熊猫战士 255 50 1 0 255 0 0 0 1
2307 104 94  蚩尤灵兽 255 50 1 0 255 0 0 0 1
2307 104 94  功夫灵猫 255 50 1 0 255 0 0 0 1
2307 104 94  黄蛇 255 50 1 0 255 0 0 0 1
2307 104 94  红蛇 255 50 1 0 255 0 0 0 1
2307 104 94  夜行鬼灵 255 50 1 0 255 0 0 0 1
2307 104 94  毒灵龟 255 50 1 0 255 0 0 0 1
2307 104 94  灵棕熊 255 50 1 0 255 0 0 0 1
2307 104 94  白灵犀 255 50 1 0 255 0 0 0 1
2307 104 94  金灵龙 255 50 1 0 255 0 0 0 1
2307 104 94  蜓龙 255 50 1 0 255 0 0 0 1
2307 104 94  翼龙 255 50 1 0 255 0 0 0 1
2307 104 94  森林女妖 255 50 1 0 255 0 0 0 1
2307 104 94  奶妖 255 50 1 0 255 0 0 0 1
2307 104 94  黑蛛 255 50 1 0 255 0 0 0 1
2307 104 94  灵齿妖 255 50 1 0 255 0 0 0 1
2307 104 94  七彩灵妖 255 50 1 0 255 0 0 0 1
2307 104 94  灵鼠妖 255 50 1 0 255 0 0 0 1
2307 104 94  灵神 255 50 1 0 255 0 0 0 1
2307 104 94  灵怒神 255 50 1 0 255 0 0 0 1
2307 104 94  绿灵蜥 255 50 1 0 255 0 0 0 1
2307 104 94  小灵妖 255 50 1 0 255 0 0 0 1
2307 104 94  精灵小火龙 255 50 1 0 255 0 0 0 1
2307 104 94  小精灵 255 50 1 0 255 0 0 0 1
2307 104 94  食人花【精英】 255 120 1 0 251 0 0 0 1
2307 104 94  灵蜥妖【精英】 255 120 1 0 251 0 0 0 1
2307 104 94  金钱灵豹【精英】 255 120 1 0 251 0 0 0 1
2307 104 94  灵象【精英】 255 120 1 0 251 0 0 0 1
2307 104 94  火灵犀【精英】 255 120 1 0 251 0 0 0 1
2307 104 94  神鹿【精英】 255 120 1 0 251 0 0 0 1
2307 104 94  女妖【精英】 255 120 1 0 251 0 0 0 1
2307 104 94  灵鼠妖【精英】 255 120 1 0 251 0 0 0 1
2307 104 94  金环灵神【精英】 255 120 1 0 251 0 0 0 1
2307 104 94  灵虎【精英】 255 120 120 0 251 0 0 0 1
2307 104 94  金翅灵【精英】 255 20 120 0 251 0 0 0 1





;------------------>08层
;---------->普通
2308 104 94  食人花 255 50 1 0 255 0 0 0 1
2308 104 94  荧光蟑 255 50 1 0 255 0 0 0 1
2308 104 94  毒蝎 255 50 1 0 255 0 0 0 1
2308 104 94  绿熊猫战士 255 50 1 0 255 0 0 0 1
2308 104 94  红熊猫战士 255 50 1 0 255 0 0 0 1
2308 104 94  蚩尤灵兽 255 50 1 0 255 0 0 0 1
2308 104 94  功夫灵猫 255 50 1 0 255 0 0 0 1
2308 104 94  黄蛇 255 50 1 0 255 0 0 0 1
2308 104 94  红蛇 255 50 1 0 255 0 0 0 1
2308 104 94  夜行鬼灵 255 50 1 0 255 0 0 0 1
2308 104 94  毒灵龟 255 50 1 0 255 0 0 0 1
2308 104 94  灵棕熊 255 50 1 0 255 0 0 0 1
2308 104 94  白灵犀 255 50 1 0 255 0 0 0 1
2308 104 94  金灵龙 255 50 1 0 255 0 0 0 1
2308 104 94  蜓龙 255 50 1 0 255 0 0 0 1
2308 104 94  翼龙 255 50 1 0 255 0 0 0 1
2308 104 94  森林女妖 255 50 1 0 255 0 0 0 1
2308 104 94  奶妖 255 50 1 0 255 0 0 0 1
2308 104 94  黑蛛 255 50 1 0 255 0 0 0 1
2308 104 94  灵齿妖 255 50 1 0 255 0 0 0 1
2308 104 94  七彩灵妖 255 50 1 0 255 0 0 0 1
2308 104 94  灵鼠妖 255 50 1 0 255 0 0 0 1
2308 104 94  灵神 255 50 1 0 255 0 0 0 1
2308 104 94  灵怒神 255 50 1 0 255 0 0 0 1
2308 104 94  绿灵蜥 255 50 1 0 255 0 0 0 1
2308 104 94  小灵妖 255 50 1 0 255 0 0 0 1
2308 104 94  精灵小火龙 255 50 1 0 255 0 0 0 1
2308 104 94  小精灵 255 50 1 0 255 0 0 0 1
2308 104 94  食人花【精英】 255 120 1 0 251 0 0 0 1
2308 104 94  灵蜥妖【精英】 255 120 1 0 251 0 0 0 1
2308 104 94  金钱灵豹【精英】 255 120 1 0 251 0 0 0 1
2308 104 94  灵象【精英】 255 120 1 0 251 0 0 0 1
2308 104 94  火灵犀【精英】 255 120 1 0 251 0 0 0 1
2308 104 94  神鹿【精英】 255 120 1 0 251 0 0 0 1
2308 104 94  女妖【精英】 255 120 1 0 251 0 0 0 1
2308 104 94  灵鼠妖【精英】 255 120 1 0 251 0 0 0 1
2308 104 94  金环灵神【精英】 255 120 1 0 251 0 0 0 1
2308 104 94  灵虎【精英】 255 120 120 0 251 0 0 0 1
2308 104 94  金翅灵【精英】 255 20 120 0 251 0 0 0 1


2308 61 66  熊猫侠【统领】 0 1 5 10 146 0 0 0 1
2308 158 119  蜓龙【领主】 0 1 5 10 253 0 0 0 1
2308 216 78  灵地守护者【BOSS】 0 1 5 10 249 0 0 0 1




;------------------------>黑暗魔殿
;------------------>01层
;---------->普通
2401 116 105  暗黑人魔 255 150 1 0 255 0 0 0 1
2401 116 105  双刀人魔 255 150 1 0 255 0 0 0 1
2401 116 105  弯刀人魔 255 150 1 0 255 0 0 0 1
2401 116 105  黑面人魔 255 150 1 0 255 0 0 0 1
2401 116 105  金刀女刹 255 150 1 0 255 0 0 0 1
2401 116 105  倭寇杂毛 255 150 1 0 255 0 0 0 1
;---------->精英
2401 116 105  斗战圣魔【精英】 255 150 1 0 251 0 0 0 1
2401 116 105  死神刹魔【精英】 255 150 1 0 251 0 0 0 1
2401 116 105  鬼面恶魔【精英】 255 150 2 0 251 0 0 0 1
2401 116 105  魔界战神【精英】 255 150 2 0 251 0 0 0 1
2401 116 105  恶魔猎手【精英】 255 150 2 0 251 0 0 0 1
2401 116 105  暗黑骑士【精英】 255 150 2 0 251 0 0 0 1



;------------------>02层
;---------->普通
2402 92 81  暗黑人魔 255 200 1 0 255 0 0 0 1
2402 92 81  双刀人魔 255 200 1 0 255 0 0 0 1
2402 92 81  弯刀人魔 255 200 1 0 255 0 0 0 1
2402 92 81  黑面人魔 255 200 1 0 255 0 0 0 1
2402 92 81  金刀女刹 255 200 1 0 255 0 0 0 1
2402 92 81  倭寇杂毛 255 200 1 0 255 0 0 0 1

;---------->精英
2402 92 81  斗战圣魔【精英】 255 200 1 0 251 0 0 0 1
2402 92 81  死神刹魔【精英】 255 200 1 0 251 0 0 0 1
2402 92 81  鬼面恶魔【精英】 255 200 1 0 251 0 0 0 1
2402 92 81  魔界战神【精英】 255 200 1 0 251 0 0 0 1
2402 92 81  恶魔猎手【精英】 255 200 1 0 251 0 0 0 1
2402 92 81  暗黑骑士【精英】 255 200 1 0 251 0 0 0 1






;------------------>03层
;---------->普通
2403 50 45  暗黑人魔 255 50 1 0 255 0 0 0 1
2403 50 45  双刀人魔 255 50 1 0 255 0 0 0 1
2403 50 45  弯刀人魔 255 50 1 0 255 0 0 0 1
2403 50 45  黑面人魔 255 50 1 0 255 0 0 0 1
2403 50 45  金刀女刹 255 50 1 0 255 0 0 0 1
2403 50 45  倭寇杂毛 255 50 1 0 255 0 0 0 1


;---------->精英
2403 50 45  斗战圣魔【精英】 255 50 1 0 251 0 0 0 1
2403 50 45  死神刹魔【精英】 255 50 1 0 251 0 0 0 1
2403 50 45  鬼面恶魔【精英】 255 50 2 0 251 0 0 0 1
2403 50 45  魔界战神【精英】 255 50 2 0 251 0 0 0 1
2403 50 45  恶魔猎手【精英】 255 50 2 0 251 0 0 0 1
2403 50 45  暗黑骑士【精英】 255 50 2 0 251 0 0 0 1
2403 50 45  暗影战士【精英】 255 50 2 0 251 0 0 0 1
2403 50 45  绝情女神【精英】 255 50 2 0 251 0 0 0 1
2403 50 45  白发魔男【精英】 255 50 2 0 251 0 0 0 1

2403 59 35  血腥魔神【BOSS】 0 1 5 10 249 0 0 0 1
2403 62 56  鬼王魔刹【统领】 0 1 5 10 253 0 0 0 1
2403 44 30   幽魂女王【领主】 0 1 5 10 249 0 0 0 1



;------------------------>赤月峡谷
;------------------>01层
;---------->普通
3101 150 150  月魔蜘蛛 300 100 1 0 255 0 0 0 1
3101 150 150  天狼蜘蛛 300 100 1 0 255 0 0 0 1
3101 150 150  剧毒蜘蛛 300 100 1 0 255 0 0 0 1
3101 150 150  血僵尸 300 100 1 0 255 0 0 0 1
3101 150 150  双头血魔 300 100 1 0 255 0 0 0 1
3101 150 150  双头金刚 300 100 1 0 255 0 0 0 1
3101 150 150  爆裂蜘蛛 300 100 1 0 255 0 0 0 1
3101 150 150  巨猿 300 100 1 0 255 0 0 0 1
3101 150 150  花吻蜘蛛 300 100 1 0 255 0 0 0 1
3101 150 150  钢牙蜘蛛 300 100 1 0 255 0 0 0 1
3101 150 150  天狼蜘蛛【精英】 300 100 1 0 251 0 0 0 1
3101 150 150  钢牙蜘蛛【精英】 300 100 1 0 251 0 0 0 1
3101 150 150  黑锷蜘蛛【精英】 300 100 1 0 251 0 0 0 1
3101 150 150  花吻蜘蛛【精英】 300 100 1 0 251 0 0 0 1
3101 150 150  血僵尸【精英】 300 100 1 0 251 0 0 0 1
3101 150 150  双头金刚【精英】 300 100 1 0 251 0 0 0 1
3101 150 150  血魔【精英】 300 100 1 0 251 0 0 0 1
3101 150 150  双头血魔【精英】 300 100 1 0 251 0 0 0 1
3101 150 150  月魔蜘蛛【精英】 300 100 1 0 251 0 0 0 1
3101 150 150  巨猿【精英】 300 100 1 0 251 0 0 0 1
3101 150 150  巨猿【精英】 300 100 1 0 251 0 0 0 1
3101 150 150  幻影蜘蛛【精英】 300 100 1 0 251 0 0 0 1


;------------------>02层
;---------->普通
3102 150 150  月魔蜘蛛 300 240 1 0 255 0 0 0 1
3102 150 150  天狼蜘蛛 300 240 1 0 255 0 0 0 1
3102 150 150  剧毒蜘蛛 300 240 1 0 255 0 0 0 1
3102 150 150  血僵尸 300 240 1 0 255 0 0 0 1
3102 150 150  双头血魔 300 240 1 0 255 0 0 0 1
3102 150 150  双头金刚 300 240 1 0 255 0 0 0 1
3102 150 150  爆裂蜘蛛 300 240 1 0 255 0 0 0 1
3102 150 150  巨猿 300 240 1 0 255 0 0 0 1
3102 150 150  花吻蜘蛛 300 240 1 0 255 0 0 0 1
3102 150 150  钢牙蜘蛛 300 240 1 0 255 0 0 0 1
3102 150 150  天狼蜘蛛【精英】 300 240 1 0 251 0 0 0 1
3102 150 150  钢牙蜘蛛【精英】 300 240 1 0 251 0 0 0 1
3102 150 150  黑锷蜘蛛【精英】 300 240 1 0 251 0 0 0 1
3102 150 150  花吻蜘蛛【精英】 300 240 1 0 251 0 0 0 1
3102 150 150  血僵尸【精英】 300 240 1 0 251 0 0 0 1
3102 150 150  双头金刚【精英】 300 240 1 0 251 0 0 0 1
3102 150 150  血魔【精英】 300 240 1 0 251 0 0 0 1
3102 150 150  双头血魔【精英】 300 240 1 0 251 0 0 0 1
3102 150 150  月魔蜘蛛【精英】 300 240 1 0 251 0 0 0 1
3102 150 150  巨猿【精英】 300 240 1 0 251 0 0 0 1
3102 150 150  巨猿【精英】 300 240 1 0 251 0 0 0 1
3102 150 150  幻影蜘蛛【精英】 300 240 1 0 251 0 0 0 1


;------------------>03层
;---------->普通
;3103 30 30  月魔蜘蛛 300 30 1 0 255 0 0 0 1
;3103 30 30  天狼蜘蛛 300 30 1 0 255 0 0 0 1
;3103 30 30  剧毒蜘蛛 300 30 1 0 255 0 0 0 1
;3103 30 30  血僵尸 300 30 1 0 255 0 0 0 1
;3103 30 30  双头血魔 300 30 1 0 255 0 0 0 1
;3103 30 30  双头金刚 300 30 1 0 255 0 0 0 1
;3103 30 30  爆裂蜘蛛 300 30 1 0 255 0 0 0 1
;3103 30 30  巨猿 300 30 1 0 255 0 0 0 1
;3103 30 30  花吻蜘蛛 300 30 1 0 255 0 0 0 1
;3103 30 30  钢牙蜘蛛 300 30 1 0 255 0 0 0 1

;---------->精英
3103 30 30  天狼蜘蛛【精英】 300 20 1 0 251 0 0 0 1
3103 30 30  钢牙蜘蛛【精英】 300 30 1 0 251 0 0 0 1
3103 30 30  黑锷蜘蛛【精英】 300 30 1 0 251 0 0 0 1
3103 30 30  花吻蜘蛛【精英】 300 30 1 0 251 0 0 0 1
3103 30 30  血僵尸【精英】 300 30 1 0 251 0 0 0 1
3103 30 30  双头金刚【精英】 300 30 1 0 251 0 0 0 1
3103 30 30  血魔【精英】 300 30 1 0 251 0 0 0 1
3103 30 30  双头血魔【精英】 300 30 1 0 251 0 0 0 1
3103 30 30  月魔蜘蛛【精英】 300 30 1 0 251 0 0 0 1
3103 30 30  巨猿【精英】 300 30 1 0 251 0 0 0 1
3103 30 30  幻影蜘蛛【精英】 300 30 1 0 251 0 0 0 1


;------------------>04层
;---------->普通
;3104 36 45  月魔蜘蛛 300 30 1 0 255 0 0 0 1
;3104 36 45  天狼蜘蛛 300 30 1 0 255 0 0 0 1
;3104 36 45  剧毒蜘蛛 300 30 1 0 255 0 0 0 1
;3104 36 45  血僵尸 300 30 1 0 255 0 0 0 1
;3104 36 45  双头血魔 300 30 1 0 255 0 0 0 1
;3104 36 45  双头金刚 300 30 1 0 255 0 0 0 1
;3104 36 45  爆裂蜘蛛 300 30 1 0 255 0 0 0 1
;3104 36 45  巨猿 300 30 1 0 255 0 0 0 1
;3104 36 45  花吻蜘蛛 300 30 1 0 255 0 0 0 1
;3104 36 45  钢牙蜘蛛 300 30 1 0 255 0 0 0 1

;---------->精英
3104 36 45  天狼蜘蛛【精英】 300 30 1 0 251 0 0 0 1
3104 36 45  钢牙蜘蛛【精英】 300 30 1 0 251 0 0 0 1
3104 36 45  黑锷蜘蛛【精英】 300 30 1 0 251 0 0 0 1
3104 36 45  花吻蜘蛛【精英】 300 30 1 0 251 0 0 0 1
3104 36 45  血僵尸【精英】 300 30 1 0 251 0 0 0 1
3104 36 45  双头金刚【精英】 300 30 1 0 251 0 0 0 1
3104 36 45  血魔【精英】 300 30 1 0 251 0 0 0 1
3104 36 45  双头血魔【精英】 300 30 1 0 251 0 0 0 1
3104 36 45  月魔蜘蛛【精英】 300 30 1 0 251 0 0 0 1
3104 36 45  巨猿【精英】 300 30 1 0 251 0 0 0 1
3104 36 45  幻影蜘蛛【精英】 300 30 1 0 251 0 0 0 1



3104 60 39  赤月恶魔【统领】 0 1 5 10 146 0 0 0 1
3104 38 62  赤月恶魔【领主】 0 1 5 10 253 0 0 0 1
3104 14 21  赤月邪魔【BOSS】 0 1 5 10 249 0 0 0 1








;=================第四大陆===================
;--------------> 主城刷怪
04 67 137  牛魔天尊【归隐城主】 0 1 30 0 146 0 0 0 1


;---------->1
04 177 43  古刹悍妖【统领】 0 1 5  10 146 0 0 0 1
04 167 39  古刹翼魔【领主】 0 1 5 10 255 0 0 0 1
04 176 36  嗜血黄泉【BOSS】 0 1 5 10 249 0 0 0 1


;---------->2

04 175 172  红眼牛魔【统领】 0 1 5  10 146 0 0 0 1
04 161 180  牛魔王【领主】 0 1 5 10 255 0 0 0 1
04 169 176  巨斧牛魔【BOSS】 0 1 5 10 249 0 0 0 1


;---------->3
04 24 166  蚀地岩龙【统领】 0 1 5  10 146 0 0 0 1
04 34 176  蚀地绿龙【领主】 0 1 5 10 255 0 0 0 1
04 22 176  金岩魔【BOSS】 0 1 5 10 249 0 0 0 1



;---------->4
04 30 36  白毛虹魔【统领】 0 1 5 10 146 0 0 0 1
04 30 24  白毛虹魔【领主】 0 1 5 10 255 0 0 0 1
04 23 31  嗜血虹魔【BOSS】 0 1 5 10 249 0 0 0 1







;------------------------>封魔古刹
;------------------>01层
;---------->普通
3201 76 76  封印法师 255 100 1 0 255 0 0 0 1
3201 76 76  镇魔火神 255 100 1 0 255 0 0 0 1
3201 76 76  暴牙蜘蛛 255 100 1 0 255 0 0 0 1
3201 76 76  镇刹牛魔 255 100 1 0 255 0 0 0 1
3201 76 76  火幽女妖 255 100 1 0 255 0 0 0 1
3201 76 76  镇刹护法 255 100 1 0 255 0 0 0 1
3201 76 76  护刹护卫 255 100 1 0 255 0 0 0 1
3201 76 76  魔蝠 255 100 1 0 255 0 0 0 1
3201 76 76  魔化恶蟑 255 100 1 0 255 0 0 0 1
3201 76 76  封印人魔 255 100 1 0 255 0 0 0 1
3201 76 76  人魔幽魂 255 100 1 0 255 0 0 0 1
3201 76 76  红僵 255 100 1 0 255 0 0 0 1
3201 76 76  绿僵 255 100 1 0 255 0 0 0 1
3201 76 76  蓝僵 255 100 1 0 255 0 0 0 1

3201 76 76  火魔【精英】 255 100 1 0 251 0 0 0 1
3201 76 76  镇刹护法【精英】 255 100 1 0 251 0 0 0 1
3201 76 76  封印血妖【精英】 255 100 1 0 251 0 0 0 1
3201 76 76  九世恶棍【精英】 255 100 1 0 251 0 0 0 1
3201 76 76  封印人魔【精英】 255 100 1 0 251 0 0 0 1
3201 76 76  封印夜魔【精英】 255 100 1 0 251 0 0 0 1
3201 76 76  僵无常【精英】 255 100 1 0 251 0 0 0 1
3201 76 76  驱鬼人【精英】 255 100 1 0 251 0 0 0 1
3201 76 76  僵王【精英】 255 100 1 0 251 0 0 0 1
3201 76 76  镇妖法师【精英】 255 100 1 0 251 0 0 0 1



;------------------>02层
;---------->普通
3202 76 76  封印法师 255 30 1 0 255 0 0 0 1
3202 76 76  镇魔火神 255 30 1 0 255 0 0 0 1
3202 76 76  暴牙蜘蛛 255 30 1 0 255 0 0 0 1
3202 76 76  镇刹牛魔 255 30 1 0 255 0 0 0 1
3202 76 76  火幽女妖 255 30 1 0 255 0 0 0 1
3202 76 76  镇刹护法 255 30 1 0 255 0 0 0 1
3202 76 76  护刹护卫 255 30 1 0 255 0 0 0 1
3202 76 76  魔蝠 255 30 1 0 255 0 0 0 1
3202 76 76  魔化恶蟑 255 30 1 0 255 0 0 0 1
3202 76 76  封印人魔 255 30 1 0 255 0 0 0 1
3202 76 76  人魔幽魂 255 30 1 0 255 0 0 0 1
3202 76 76  红僵 255 30 1 0 255 0 0 0 1
3202 76 76  绿僵 255 30 1 0 255 0 0 0 1
3202 76 76  蓝僵 255 30 1 0 255 0 0 0 1

3202 76 76  火魔【精英】 255 30 1 0 251 0 0 0 1
3202 76 76  镇刹护法【精英】 255 30 1 0 251 0 0 0 1
3202 76 76  封印血妖【精英】 255 30 1 0 251 0 0 0 1
3202 76 76  九世恶棍【精英】 255 30 1 0 251 0 0 0 1
3202 76 76  封印人魔【精英】 255 30 1 0 251 0 0 0 1
3202 76 76  封印夜魔【精英】 255 30 1 0 251 0 0 0 1
3202 76 76  僵无常【精英】 255 30 1 0 251 0 0 0 1
3202 76 76  驱鬼人【精英】 255 30 1 0 251 0 0 0 1
3202 76 76  僵王【精英】 255 30 1 0 251 0 0 0 1
3202 76 76  镇妖法师【精英】 255 30 1 0 251 0 0 0 1


;------------------>03层
;---------->普通
3203 76 76  封印法师 255 60 1 0 255 0 0 0 1
3203 76 76  镇魔火神 255 60 1 0 255 0 0 0 1
3203 76 76  暴牙蜘蛛 255 60 1 0 255 0 0 0 1
3203 76 76  镇刹牛魔 255 60 1 0 255 0 0 0 1
3203 76 76  火幽女妖 255 60 1 0 255 0 0 0 1
3203 76 76  镇刹护法 255 60 1 0 255 0 0 0 1
3203 76 76  护刹护卫 255 30 1 0 255 0 0 0 1
3203 76 76  魔蝠 255 60 1 0 255 0 0 0 1
3203 76 76  魔化恶蟑 255 60 1 0 255 0 0 0 1
3203 76 76  封印人魔 255 60 1 0 255 0 0 0 1
3203 76 76  人魔幽魂 255 60 1 0 255 0 0 0 1
3203 76 76  红僵 255 60 1 0 255 0 0 0 1
3203 76 76  绿僵 255 60 1 0 255 0 0 0 1
3203 76 76  蓝僵 255 60 1 0 255 0 0 0 1

3203 76 76  火魔【精英】 255 50 1 0 251 0 0 0 1
3203 76 76  镇刹护法【精英】 255 50 1 0 251 0 0 0 1
3203 76 76  封印血妖【精英】 255 50 1 0 251 0 0 0 1
3203 76 76  九世恶棍【精英】 255 50 1 0 251 0 0 0 1
3203 76 76  封印人魔【精英】 255 50 1 0 251 0 0 0 1
3203 76 76  封印夜魔【精英】 255 50 1 0 251 0 0 0 1
3203 76 76  僵无常【精英】 255 50 1 0 251 0 0 0 1
3203 76 76  驱鬼人【精英】 255 50 1 0 251 0 0 0 1
3203 76 76  僵王【精英】 255 50 1 0 251 0 0 0 1
3203 76 76  镇妖法师【精英】 255 50 1 0 251 0 0 0 1


;------------------>04层
;---------->普通
3204 76 76  封印法师 255 60 1 0 255 0 0 0 1
3204 76 76  镇魔火神 255 60 1 0 255 0 0 0 1
3204 76 76  暴牙蜘蛛 255 60 1 0 255 0 0 0 1
3204 76 76  镇刹牛魔 255 60 1 0 255 0 0 0 1
3204 76 76  火幽女妖 255 60 1 0 255 0 0 0 1
3204 76 76  镇刹护法 255 60 1 0 255 0 0 0 1
3204 76 76  护刹护卫 255 30 1 0 255 0 0 0 1
3204 76 76  魔蝠 255 60 1 0 255 0 0 0 1
3204 76 76  魔化恶蟑 255 60 1 0 255 0 0 0 1
3204 76 76  封印人魔 255 60 1 0 255 0 0 0 1
3204 76 76  人魔幽魂 255 60 1 0 255 0 0 0 1
3204 76 76  红僵 255 60 1 0 255 0 0 0 1
3204 76 76  绿僵 255 60 1 0 255 0 0 0 1
3204 76 76  蓝僵 255 60 1 0 255 0 0 0 1
3204 76 76  火魔【精英】 255 50 1 0 251 0 0 0 1
3204 76 76  镇刹护法【精英】 255 50 1 0 251 0 0 0 1
3204 76 76  封印血妖【精英】 255 50 1 0 251 0 0 0 1
3204 76 76  九世恶棍【精英】 255 50 1 0 251 0 0 0 1
3204 76 76  封印人魔【精英】 255 50 1 0 251 0 0 0 1
3204 76 76  封印夜魔【精英】 255 50 1 0 251 0 0 0 1
3204 76 76  僵无常【精英】 255 50 1 0 251 0 0 0 1
3204 76 76  驱鬼人【精英】 255 50 1 0 251 0 0 0 1
3204 76 76  僵王【精英】 255 50 1 0 251 0 0 0 1
3204 76 76  镇妖法师【精英】 255 50 1 0 251 0 0 0 1


3204 80 78  古刹悍妖【统领】 0 1 5 10 146 0 0 0 1
3204 53 41  古刹翼魔【领主】 0 1 5 10 255 0 0 0 1
3204 16 22  嗜血黄泉【BOSS】 0 1 5 10 249 0 0 0 1




;------------------------>牛魔寺庙
;------------------>01层
;---------->普通
3301 74 80  牛魔战士 255 60 1 0 255 0 0 0 1
3301 74 80  牛魔斗士 255 60 1 0 255 0 0 0 1
3301 74 80  牛魔侍卫 255 60 1 0 255 0 0 0 1
3301 74 80  牛魔将军 255 60 1 0 255 0 0 0 1
3301 74 80  牛魔法师 255 60 1 0 255 0 0 0 1
3301 74 80  牛魔祭司 255 60 1 0 255 0 0 0 1
3301 74 80  牛魔 255 60 1 0 255 0 0 0 1
3301 74 80  秘之牛魔 255 60 1 0 255 0 0 0 1
3301 74 80  秘之牛魔战士 255 60 1 0 255 0 0 0 1
3301 74 80  牛魔神骑 255 60 1 0 255 0 0 0 1

;---------->精英
3301 74 80  牛魔【精英】 255 60 1 0 251 0 0 0 1
3301 74 80  牛魔斗士【精英】 255 60 1 0 251 0 0 0 1
3301 74 80  牛魔侍卫【精英】 255 60 1 0 251 0 0 0 1
3301 74 80  牛魔战士【精英】 255 60 1 0 251 0 0 0 1
3301 74 80  牛魔法师【精英】 255 60 1 0 251 0 0 0 1
3301 74 80  牛魔祭司【精英】 255 60 1 0 251 0 0 0 1
3301 74 80  牛魔将军【精英】 255 60 1 0 251 0 0 0 1
3301 74 80  秘之牛魔斗士【精英】 255 60 1 0 251 0 0 0 1
3301 74 80  秘之牛魔侍卫【精英】 255 60 1 0 251 0 0 0 1
3301 74 80  秘之牛魔法师【精英】 255 60 1 0 251 0 0 0 1
3301 74 80  秘之牛魔祭司【精英】 255 60 1 0 251 0 0 0 1
3301 74 80  秘之牛魔将军【精英】 255 60 1 0 251 0 0 0 1
3301 74 80  牛魔王【精英】 255 60 1 0 251 0 0 0 1
3301 74 80  牛魔神将【精英】 255 60 1 0 251 0 0 0 1
3301 74 80  秘之牛魔王【精英】 255 60 1 0 251 0 0 0 1






;------------------>02层
;---------->普通
3302 60 60  牛魔战士 255 60 1 0 255 0 0 0 1
3302 60 60  牛魔斗士 255 60 1 0 255 0 0 0 1
3302 60 60  牛魔侍卫 255 60 1 0 255 0 0 0 1
3302 60 60  牛魔将军 255 60 1 0 255 0 0 0 1
3302 60 60  牛魔法师 255 60 1 0 255 0 0 0 1
3302 60 60  牛魔祭司 255 60 1 0 255 0 0 0 1
3302 60 60  牛魔 255 60 1 0 255 0 0 0 1
3302 60 60  秘之牛魔 255 60 1 0 255 0 0 0 1
3302 60 60  秘之牛魔战士 255 60 1 0 255 0 0 0 1
3302 60 60  牛魔神骑 255 60 1 0 255 0 0 0 1

;---------->精英
;3302 60 60  牛魔【精英】 255 20 1 0 251 0 0 0 1
;3302 60 60  牛魔斗士【精英】 255 20 1 0 251 0 0 0 1
;3302 60 60  牛魔侍卫【精英】 255 20 1 0 251 0 0 0 1
;3302 60 60  牛魔战士【精英】 255 20 1 0 251 0 0 0 1
3302 60 60  牛魔法师【精英】 255 60 1 0 251 0 0 0 1
3302 60 60  牛魔祭司【精英】 255 60 1 0 251 0 0 0 1
3302 60 60  牛魔将军【精英】 255 60 1 0 251 0 0 0 1
3302 60 60  秘之牛魔斗士【精英】 255 60 1 0 251 0 0 0 1
3302 60 60  秘之牛魔侍卫【精英】 255 60 1 0 251 0 0 0 1
3302 60 60  秘之牛魔法师【精英】 255 60 1 0 251 0 0 0 1
3302 60 60  秘之牛魔祭司【精英】 255 60 1 0 251 0 0 0 1
3302 60 60  秘之牛魔将军【精英】 255 60 1 0 251 0 0 0 1

3302 60 60  牛魔王【精英】 255 60 1 0 251 0 0 0 1
3302 60 60  牛魔神将【精英】 255 60 1 0 251 0 0 0 1
3302 60 60  秘之牛魔王【精英】 255 60 1 0 251 0 0 0 1




;------------------>03层
;---------->普通
;3303 30 30  牛魔战士 255 30 1 0 255 0 0 0 1
;3303 30 30  牛魔斗士 255 30 1 0 255 0 0 0 1
;3303 30 30  牛魔侍卫 255 30 1 0 255 0 0 0 1
;3303 30 30  牛魔将军 255 30 1 0 255 0 0 0 1
;3303 30 30  牛魔法师 255 30 1 0 255 0 0 0 1
;3303 30 30  牛魔祭司 255 30 1 0 255 0 0 0 1
;3303 30 30  牛魔 255 30 1 0 255 0 0 0 1
; 3303 30 30  秘之牛魔 255 30 1 0 255 0 0 0 1
; 3303 30 30  秘之牛魔战士 255 30 1 0 255 0 0 0 1
; 3303 30 30  牛魔神骑 255 30 1 0 255 0 0 0 1

;---------->精英
3302 60 60  牛魔战士 255 50 1 0 255 0 0 0 1
3302 60 60  牛魔斗士 255 50 1 0 255 0 0 0 1
3302 60 60  牛魔侍卫 255 50 1 0 255 0 0 0 1
3302 60 60  牛魔将军 255 50 1 0 255 0 0 0 1
3302 60 60  牛魔法师 255 50 1 0 255 0 0 0 1
3302 60 60  牛魔祭司 255 50 1 0 255 0 0 0 1
3302 60 60  牛魔 255 50 1 0 255 0 0 0 1
3302 60 60  秘之牛魔 255 50 1 0 255 0 0 0 1
3302 60 60  秘之牛魔战士 255 50 1 0 255 0 0 0 1
3302 60 60  牛魔神骑 255 50 1 0 255 0 0 0 1
3303 30 30  牛魔【精英】 255 50 1 0 251 0 0 0 1
3303 30 30  牛魔斗士【精英】 255 50 1 0 251 0 0 0 1
3303 30 30  牛魔侍卫【精英】 255 50 1 0 251 0 0 0 1
3303 30 30  牛魔战士【精英】 255 50 1 0 251 0 0 0 1
3303 30 30  牛魔法师【精英】 255 50 1 0 251 0 0 0 1
3303 30 30  牛魔祭司【精英】 255 50 1 0 251 0 0 0 1
3303 30 30  牛魔将军【精英】 255 50 1 0 251 0 0 0 1
3303 30 30  秘之牛魔斗士【精英】 255 50 1 0 251 0 0 0 1
3303 30 30  秘之牛魔侍卫【精英】 255 50 1 0 251 0 0 0 1
3303 30 30  秘之牛魔法师【精英】 255 50 1 0 251 0 0 0 1
3303 30 30  秘之牛魔祭司【精英】 255 50 1 0 251 0 0 0 1
3303 30 30  秘之牛魔将军【精英】 255 50 1 0 251 0 0 0 1

3303 30 30  牛魔王【精英】 255 50 1 0 251 0 0 0 1
3303 30 30  牛魔神将【精英】 255 50 1 0 251 0 0 0 1
3303 30 30  秘之牛魔王【精英】 255 50 1 0 251 0 0 0 1



3303 18 30  红眼牛魔【统领】 0 1 5 2 10 146 0 0 0 1
3303 30 17  牛魔王【领主】 0 1 5 10 255 0 0 0 1
3303 40 33  巨斧牛魔【BOSS】 0 1 5 10 249 0 0 0 1



;------------------------>魔毒蚀地
;------------------>01层QF
;---------->普通
3401 85 75  毒石人 255 300 1 0 255 0 0 0 1
3401 85 75  毒石蛙 255 300 1 0 255 0 0 0 1
3401 85 75  绿毒蛙 255 300 1 0 255 0 0 0 1
3401 85 75  封地祭司 255 300 1 0 255 0 0 0 1
3401 85 75  封地猎人 255 300 1 0 255 0 0 0 1
3401 85 75  剧毒蹩 255 300 1 0 255 0 0 0 1
3401 85 75  封地战士 255 300 1 0 255 0 0 0 1
3401 85 75  变异巨人【精英】 255 300 1 0 251 0 0 0 1
3401 85 75  封地护法【精英】 255 300 1 0 251 0 0 0 1


;------------------>02层
;---------->普通
3402 85 75  毒石人 255 300 1 0 255 0 0 0 1
3402 85 75  毒石蛙 255 300 1 0 255 0 0 0 1
3402 85 75  绿毒蛙 255 300 1 0 255 0 0 0 1
3402 85 75  封地祭司 255 300 1 0 255 0 0 0 1
3402 85 75  封地猎人 255 300 1 0 255 0 0 0 1
3402 85 75  剧毒蹩 255 300 1 0 255 0 0 0 1
3402 85 75  封地战士 255 300 1 0 255 0 0 0 1
3402 85 75  变异巨人【精英】 255 300 1 0 251 0 0 0 1
3402 85 75  封地护法【精英】 255 300 1 0 251 0 0 0 1


;------------------>03层
;---------->普通
3403 85 75  毒石人 255 150 1 0 255 0 0 0 1
3403 85 75  毒石蛙 255 150 1 0 255 0 0 0 1
3403 85 75  绿毒蛙 255 150 1 0 255 0 0 0 1
3403 85 75  封地祭司 255 150 1 0 255 0 0 0 1
3403 85 75  封地猎人 255 150 1 0 255 0 0 0 1
3403 85 75  剧毒蹩 255 150 1 0 255 0 0 0 1
3403 85 75  封地战士 255 150 1 0 255 0 0 0 1
3403 85 75  变异巨人【精英】 255 150 1 0 251 0 0 0 1
3403 85 75  封地护法【精英】 255 150 1 0 251 0 0 0 1



3403 40 63  蚀地岩龙【统领】 0 1 5 2 10 146 0 0 0 1
3403 60 39  蚀地绿龙【领主】 0 1 5 10 255 0 0 0 1
3403 75 28  金岩魔【BOSS】 0 1 5 10 249 0 0 0 1




;------------------------>封魔宫
;------------------>01层
;---------->普通
4101 60 60  剧毒蝎 255 50 1 0 255 0 0 0 1
4101 60 60  铁蜈蚣女 255 50 1 0 255 0 0 0 1
4101 60 60  三头悍魔 255 50 1 0 255 0 0 0 1
4101 60 60  嗜血虹魔 255 50 1 0 255 0 0 0 1
4101 60 60  白毛虹魔 255 50 1 0 255 0 0 0 1
4101 60 60  虹魔将军 255 50 1 0 255 0 0 0 1
4101 60 60  虹魔蝎卫 255 50 1 0 255 0 0 0 1
4101 60 60  红眼牛魔 255 50 1 0 255 0 0 0 1
4101 60 60  虹魔猪卫 255 50 1 0 255 0 0 0 1
4101 60 60  翼魔 255 50 1 0 255 0 0 0 1

;---------->精英
4101 60 60  虹魔白猪卫【精英】 255 50 1 0 251 0 0 0 1
4101 60 60  三头悍魔【精英】 255 50 1 0 251 0 0 0 1 
4101 60 60  嗜血虹魔【精英】 255 50 1 0 251 0 0 0 1
4101 60 60  虹魔将军【精英】 255 50 2 10 251 0 0 0 
4101 60 60  虹魔蝎卫【精英】 255 50 1 0 251 0 0 0 1
4101 60 60  虹魔蝎卫二【精英】 255 50 1 0 251 0 0 0 1
4101 60 60  翼魔【精英】 255 50 1 0 251 0 0 0 1
4101 60 60  红眼牛魔【精英】 255 50 1 0 251 0 0 0 1
4101 60 60  虹魔猪卫【精英】 255 50 1 0 251 0 0 0 1
4101 60 60  虹魔猪卫二【精英】 255 50 1 0 251 0 0 0 1




;------------------>02层
;---------->普通
4102 50 44  剧毒蝎 255 150 1 0 255 0 0 0 1
4102 50 44  铁蜈蚣女 255 150 1 0 255 0 0 0 1
4102 50 44  翼魔 255 150 1 0 255 0 0 0 1
4102 50 44  三头悍魔 255 150 1 0 255 0 0 0 1
4102 50 44  嗜血虹魔 255 150 1 0 255 0 0 0 1
4102 50 44  白毛虹魔 255 150 1 0 255 0 0 0 1
4102 50 44  虹魔将军 255 150 1 0 255 0 0 0 1
4102 50 44  虹魔蝎卫 255 150 1 0 255 0 0 0 1
4102 50 44  红眼牛魔 255 150 1 0 255 0 0 0 1
4102 50 44  虹魔猪卫 255 150 1 0 255 0 0 0 1

;---------->精英
4102 50 44  虹魔白猪卫【精英】 255 150 1 0 251 0 0 0 1
4102 50 44  三头悍魔【精英】 255 150 1 0 251 0 0 0 1
4102 50 44  嗜血虹魔【精英】 255 150 1 0 251 0 0 0 1
4102 50 44  虹魔将军【精英】 255 150 1 0 251 0 0 0 1
4102 50 44  虹魔蝎卫【精英】 255 150 1 0 251 0 0 0 1
4102 50 44  虹魔蝎卫二【精英】 255 150 1 0 251 0 0 0 1
4102 50 44  翼魔【精英】 255 150 1 0 251 0 0 0 1
4102 50 44  红眼牛魔【精英】 255 150 1 0 251 0 0 0 1
4102 50 44  虹魔猪卫【精英】 255 150 1 0 251 0 0 0 1
4102 50 44  虹魔猪卫二【精英】 255 150 1 0 251 0 0 0 1




;------------------>03层
;---------->普通
4103 32 32  剧毒蝎 255 30 1 0 255 0 0 0 1
4103 32 32  铁蜈蚣女 255 30 1 0 255 0 0 0 1
4103 32 32  翼魔 255 30 1 0 255 0 0 0 1
4103 32 32  三头悍魔 255 30 1 0 255 0 0 0 1
4103 32 32  嗜血虹魔 255 30 1 0 255 0 0 0 1
4103 32 32  白毛虹魔 255 30 1 0 255 0 0 0 1
4103 32 32  虹魔将军 255 30 1 0 255 0 0 0 1
4103 32 32  虹魔蝎卫 255 30 1 0 255 0 0 0 1
4103 32 32  红眼牛魔 255 30 1 0 255 0 0 0 1
4103 32 32  虹魔猪卫 255 30 1 0 255 0 0 0 1

;---------->精英
4103 32 32  虹魔白猪卫【精英】 255 20 1 0 251 0 0 0 1
4103 32 32  三头悍魔【精英】 255 20 1 0 251 0 0 0 1
4103 32 32  嗜血虹魔【精英】 255 20 1 0 251 0 0 0 1
4103 32 32  虹魔将军【精英】 255 20 1 0 251 0 0 0 1
4103 32 32  虹魔蝎卫【精英】 255 20 1 0 251 0 0 0 1
4103 32 32  虹魔蝎卫二【精英】 255 20 1 0 251 0 0 0 1
4103 32 32  翼魔【精英】 255 20 1 0 251 0 0 0 1
4103 32 32  红眼牛魔【精英】 255 20 1 0 251 0 0 0 1
4103 32 32  虹魔猪卫【精英】 255 20 1 0 251 0 0 0 1
4103 32 32  虹魔猪卫二【精英】 255 20 1 0 251 0 0 0 1
4103 32 32  翼魔【精英】 255 20 1 0 251 0 0 0 1


4103 20 40  白毛虹魔【统领】 0 1 5 10 146 0 0 0 1
4103 44 23  白毛虹魔【领主】 0 1 5 10 255 0 0 0 1
4103 32 32  嗜血虹魔【BOSS】 0 1 5 10 249 0 0 0 1




;=================第五大陆===================

--------------> 主城刷怪
05 48 131  火麒麟【龙祖城主】 0 1 30 0 249 0 0 0 1

;---------->1
05 171 21  飞天魔龙【统领】 0 1 5 10 146 0 0 0 1
05 171 16  魔火龙教主【领主】 0 1 5 10 253 0 0 0 1
05 183 19  魔火龙【BOSS】 0 1 5 10 249 0 0 0 1

;---------->2

05 160 164  地底树妖【统领】 0 1 5 10 146 0 0 0 1
05 152 164  地底树王【领主】 0 1 5 10 253 0 0 0 1
05 164 168  地底石魔【BOSS】 0 1 5 10 249 0 0 0 1

;---------->3
05 36 165  魔化悟空【统领】 0 1 5 10 146 0 0 0 1
05 20 159  生化携带者【领主】 0 1 5 10 253 0 0 0 1
05 26 157  魔化血魔【BOSS】 0 1 5 10 249 0 0 0 1
;---------->4

05 33 30  三头火龙【统领】 0 1 5 10 146 0 0 0 1
05 22 30  炼狱火龙【领主】 0 1 5 10 253 0 0 0 1
05 24 23  火龙神【BOSS】 0 1 5 10 249 0 0 0 1





;------------------------>魔龙谷
;------------------>01层
;---------->普通
4201 88 82  魔龙刺蛙 255 200 1 0 255 0 0 0 1
4201 88 82  魔龙刀兵 255 200 1 0 255 0 0 0 1
4201 88 82  魔龙破甲兵 255 200 1 0 255 0 0 0 1
4201 88 82  魔龙射手 255 200 1 0 255 0 0 0 1
4201 88 82  魔龙巨蛾 255 200 1 0 255 0 0 0 1
4201 88 82  魔龙力士 255 200 1 0 255 0 0 0 1
4201 88 82  魔龙战将 255 200 1 0 255 0 0 0 1
4201 88 82  魔龙蛮兵 255 200 1 0 255 0 0 0 1
4201 88 82  魔龙蛮人 255 200 1 0 255 0 0 0 1
4201 88 82  魔龙眼怪 255 200 1 0 255 0 0 0 1
4201 88 82  魔龙异虫 255 200 1 0 255 0 0 0 1
4201 88 82  魔龙刀兵【精英】 255 200 1 0 251 0 0 0 1
4201 88 82  魔龙破甲兵【精英】 255 200 1 0 251 0 0 0 1
4201 88 82  魔龙力士【精英】 255 200 1 0 251 0 0 0 1
4201 88 82  魔龙射手【精英】 255 200 1 0 251 0 0 0 1
4201 88 82  魔龙铁甲兵【精英】 255 200 1 0 251 0 0 0 1
4201 88 82  铁甲魔龙箭手【精英】 255 200 1 0 251 0 0 0 1
4201 88 82  铁甲魔龙斧兵【精英】 255 200 1 0 251 0 0 0 1
4201 88 82  魔龙巨蛾【精英】 255 200 1 0 251 0 0 0 1
4201 88 82  魔龙蛮人【精英】 255 200 1 0 251 0 0 0 1
4201 88 82  魔龙蛮兵【精英】 255 200 1 0 251 0 0 0 1


;------------------>02层
;---------->普通
4202 88 82  魔龙刺蛙 255 200 1 0 255 0 0 0 1
4202 88 82  魔龙刀兵 255 200 1 0 255 0 0 0 1
4202 88 82  魔龙破甲兵 255 200 1 0 255 0 0 0 1
4202 88 82  魔龙射手 255 200 1 0 255 0 0 0 1
4202 88 82  魔龙巨蛾 255 200 1 0 255 0 0 0 1
4202 88 82  魔龙力士 255 200 1 0 255 0 0 0 1
4202 88 82  魔龙战将 255 200 1 0 255 0 0 0 1
4202 88 82  魔龙蛮兵 255 200 1 0 255 0 0 0 1
4202 88 82  魔龙蛮人 255 200 1 0 255 0 0 0 1
4202 88 82  魔龙眼怪 255 200 1 0 255 0 0 0 1
4202 88 82  魔龙异虫 255 200 1 0 255 0 0 0 1
4202 88 82  魔龙刀兵【精英】 255 200 1 0 251 0 0 0 1
4202 88 82  魔龙破甲兵【精英】 255 200 1 0 251 0 0 0 1
4202 88 82  魔龙力士【精英】 255 200 1 0 251 0 0 0 1
4202 88 82  魔龙射手【精英】 255 200 1 0 251 0 0 0 1
4202 88 82  魔龙铁甲兵【精英】 255 200 1 0 251 0 0 0 1
4202 88 82  铁甲魔龙箭手【精英】 255 200 1 0 251 0 0 0 1
4202 88 82  铁甲魔龙斧兵【精英】 255 200 1 0 251 0 0 0 1
4202 88 82  魔龙巨蛾【精英】 255 200 1 0 251 0 0 0 1
4202 88 82  魔龙蛮人【精英】 255 200 1 0 251 0 0 0 1
4202 88 82  魔龙蛮兵【精英】 255 120000 1 0 251 0 0 0 1



;------------------>03层
;---------->普通
4203 88 82  魔龙刺蛙 255 200 1 0 255 0 0 0 1
4203 88 82  魔龙刀兵 255 200 1 0 255 0 0 0 1
4203 88 82  魔龙破甲兵 255 200 1 0 255 0 0 0 1
4203 88 82  魔龙射手 255 200 1 0 255 0 0 0 1
4203 88 82  魔龙巨蛾 255 200 1 0 255 0 0 0 1
4203 88 82  魔龙力士 255 200 1 0 255 0 0 0 1
4203 88 82  魔龙战将 255 200 1 0 255 0 0 0 1
4203 88 82  魔龙蛮兵 255 200 1 0 255 0 0 0 1
4203 88 82  魔龙蛮人 255 200 1 0 255 0 0 0 1
4203 88 82  魔龙眼怪 255 200 1 0 255 0 0 0 1
4203 88 82  魔龙异虫 255 200 1 0 255 0 0 0 1
4203 88 82  魔龙刀兵【精英】 255 200 1 0 251 0 0 0 1
4203 88 82  魔龙破甲兵【精英】 255 200 1 0 251 0 0 0 1
4203 88 82  魔龙力士【精英】 255 200 1 0 251 0 0 0 1
4203 88 82  魔龙射手【精英】 255 200 1 0 251 0 0 0 1
4203 88 82  魔龙铁甲兵【精英】 255 200 1 0 251 0 0 0 1
4203 88 82  铁甲魔龙箭手【精英】 255 200 1 0 251 0 0 0 1
4203 88 82  铁甲魔龙斧兵【精英】 255 200 1 0 251 0 0 0 1
4203 88 82  魔龙巨蛾【精英】 255 200 1 0 251 0 0 0 1
4203 88 82  魔龙蛮人【精英】 255 200 1 0 251 0 0 0 1
4203 88 82  魔龙蛮兵【精英】 255 200 1 0 251 0 0 0 1




;------------------>04层
;---------->普通
4204 88 82  魔龙刺蛙 255 200 1 0 255 0 0 0 1
4204 88 82  魔龙刀兵 255 200 1 0 255 0 0 0 1
4204 88 82  魔龙破甲兵 255 200 1 0 255 0 0 0 1
4204 88 82  魔龙射手 255 200 1 0 255 0 0 0 1
4204 88 82  魔龙巨蛾 255 200 1 0 255 0 0 0 1
4204 88 82  魔龙力士 255 200 1 0 255 0 0 0 1
4204 88 82  魔龙战将 255 200 1 0 255 0 0 0 1
4204 88 82  魔龙蛮兵 255 200 1 0 255 0 0 0 1
4204 88 82  魔龙蛮人 255 200 1 0 255 0 0 0 1
4204 88 82  魔龙眼怪 255 200 1 0 255 0 0 0 1
4204 88 82  魔龙异虫 255 200 1 0 255 0 0 0 1
4204 88 82  魔龙刀兵【精英】 255 200 1 0 251 0 0 0 1
4204 88 82  魔龙破甲兵【精英】 255 200 1 0 251 0 0 0 1
4204 88 82  魔龙力士【精英】 255 200 1 0 251 0 0 0 1
4204 88 82  魔龙射手【精英】 255 200 1 0 251 0 0 0 1
4204 88 82  魔龙铁甲兵【精英】 255 200 1 0 251 0 0 0 1
4204 88 82  铁甲魔龙箭手【精英】 255 200 1 0 251 0 0 0 1
4204 88 82  铁甲魔龙斧兵【精英】 255 200 1 0 251 0 0 0 1
4204 88 82  魔龙巨蛾【精英】 255 200 1 0 251 0 0 0 1
4204 88 82  魔龙蛮人【精英】 255 200 1 0 251 0 0 0 1
4204 88 82  魔龙蛮兵【精英】 255 200 1 0 251 0 0 0 1




;------------------>05层
;---------->普通
4205 88 82  魔龙刺蛙 255 200 1 0 255 0 0 0 1
4205 88 82  魔龙刀兵 255 200 1 0 255 0 0 0 1
4205 88 82  魔龙破甲兵 255 200 1 0 255 0 0 0 1
4205 88 82  魔龙射手 255 200 1 0 255 0 0 0 1
4205 88 82  魔龙巨蛾 255 200 1 0 255 0 0 0 1
4205 88 82  魔龙力士 255 200 1 0 255 0 0 0 1
4205 88 82  魔龙战将 255 200 1 0 255 0 0 0 1
4205 88 82  魔龙蛮兵 255 200 1 0 255 0 0 0 1
4205 88 82  魔龙蛮人 255 200 1 0 255 0 0 0 1
4205 88 82  魔龙眼怪 255 200 1 0 255 0 0 0 1
4205 88 82  魔龙异虫 255 200 1 0 255 0 0 0 1
4205 88 82  魔龙刀兵【精英】 255 200 1 0 251 0 0 0 1
4205 88 82  魔龙破甲兵【精英】 255 200 1 0 251 0 0 0 1
4205 88 82  魔龙力士【精英】 255 200 1 0 251 0 0 0 1
4205 88 82  魔龙射手【精英】 255 200 1 0 251 0 0 0 1
4205 88 82  魔龙铁甲兵【精英】 255 200 1 0 251 0 0 0 1
4205 88 82  铁甲魔龙箭手【精英】 255 200 1 0 251 0 0 0 1
4205 88 82  铁甲魔龙斧兵【精英】 255 200 1 0 251 0 0 0 1
4205 88 82  魔龙巨蛾【精英】 255 200 1 0 251 0 0 0 1
4205 88 82  魔龙蛮人【精英】 255 200 1 0 251 0 0 0 1
4205 88 82  魔龙蛮兵【精英】 255 200 1 0 251 0 0 0 1






;------------------>06层
;---------->普通
4206 88 82  魔龙刺蛙 255 200 1 0 255 0 0 0 1
4206 88 82  魔龙刀兵 255 200 1 0 255 0 0 0 1
4206 88 82  魔龙破甲兵 255 200 1 0 255 0 0 0 1
4206 88 82  魔龙射手 255 200 1 0 255 0 0 0 1
4206 88 82  魔龙巨蛾 255 200 1 0 255 0 0 0 1
4206 88 82  魔龙力士 255 200 1 0 255 0 0 0 1
4206 88 82  魔龙战将 255 200 1 0 255 0 0 0 1
4206 88 82  魔龙蛮兵 255 200 1 0 255 0 0 0 1
4206 88 82  魔龙蛮人 255 200 1 0 255 0 0 0 1
4206 88 82  魔龙眼怪 255 200 1 0 255 0 0 0 1
4206 88 82  魔龙异虫 255 200 1 0 255 0 0 0 1
4206 88 82  魔龙刀兵【精英】 255 200 1 0 251 0 0 0 1
4206 88 82  魔龙破甲兵【精英】 255 200 1 0 251 0 0 0 1
4206 88 82  魔龙力士【精英】 255 200 1 0 251 0 0 0 1
4206 88 82  魔龙射手【精英】 255 200 1 0 251 0 0 0 1
4206 88 82  魔龙铁甲兵【精英】 255 200 1 0 251 0 0 0 1
4206 88 82  铁甲魔龙箭手【精英】 255 200 1 0 251 0 0 0 1
4206 88 82  铁甲魔龙斧兵【精英】 255 200 1 0 251 0 0 0 1
4206 88 82  魔龙巨蛾【精英】 255 200 1 0 251 0 0 0 1
4206 88 82  魔龙蛮人【精英】 255 200 1 0 251 0 0 0 1
4206 88 82  魔龙蛮兵【精英】 255 200 1 0 251 0 0 0 1



4206 92 104  飞天魔龙【统领】 0 1 5 10 146 0 0 0 1
4206 41 121  魔火龙教主【领主】 0 1 5 10 253 0 0 0 1
4206 32 42  魔火龙【BOSS】 0 1 5 10 249 0 0 0 1





;------------------------>幽暗地底
;------------------>01层
;---------->普通
4301 75 70  岩火蜥蜴 255 200 1 0 255 0 0 0 1
4301 75 70  地宫卫士 255 200 1 0 255 0 0 0 1
4301 75 70  黑牙蜘蛛 255 200 1 0 255 0 0 0 1
4301 75 70  蓝背蜘蛛 255 200 1 0 255 0 0 0 1
4301 75 70  恶魔蜘蛛 255 200 1 0 255 0 0 0 1
4301 75 70  黑镰蜘妖 255 200 1 0 255 0 0 0 1
4301 75 70  金杖蛛妖 255 200 1 0 255 0 0 0 1
4301 75 70  绿魔蛛 255 200 1 0 255 0 0 0 1
4301 75 70  黑魔鼠工 255 200 1 0 255 0 0 0 1
4301 75 70  黑魔鼠战士 255 200 1 0 255 0 0 0 1
4301 75 70  黑魔鼠斗士 255 200 1 0 255 0 0 0 1
4301 75 70  绿树妖 255 200 1 0 255 0 0 0 1
4301 75 70  魔龙毒娃 255 200 1 0 255 0 0 0 1
4301 75 70  雷炎蛛王【精英】 255 200 1 0 251 0 0 0 1
4301 75 70  圣殿鼠管【精英】 255 200 1 0 251 0 0 0 1
4301 75 70  圣殿鼠卫【精英】 255 200 1 0 251 0 0 0 1
4301 75 70  圣殿僧徒【精英】 255 200 1 0 251 0 0 0 1
4301 75 70  圣殿卫士【精英】 255 200 1 0 251 0 0 0 1
4301 75 70  烈焰石魔【精英】 255 200 1 0 251 0 0 0 1
4301 75 70  绿树妖【精英】 255 200 1 0 251 0 0 0 1




;------------------>02层
;---------->普通
4302 75 70  岩火蜥蜴 255 200 1 0 255 0 0 0 1
4302 75 70  地宫卫士 255 200 1 0 255 0 0 0 1
4302 75 70  黑牙蜘蛛 255 200 1 0 255 0 0 0 1
4302 75 70  蓝背蜘蛛 255 200 1 0 255 0 0 0 1
4302 75 70  恶魔蜘蛛 255 200 1 0 255 0 0 0 1
4302 75 70  黑镰蜘妖 255 200 1 0 255 0 0 0 1
4302 75 70  金杖蛛妖 255 200 1 0 255 0 0 0 1
4302 75 70  绿魔蛛 255 200 1 0 255 0 0 0 1
4302 75 70  黑魔鼠工 255 200 1 0 255 0 0 0 1
4302 75 70  黑魔鼠战士 255 200 1 0 255 0 0 0 1
4302 75 70  黑魔鼠斗士 255 200 1 0 255 0 0 0 1
4302 75 70  绿树妖 255 200 1 0 255 0 0 0 1
4302 75 70  魔龙毒娃 255 200 1 0 255 0 0 0 1
4302 75 70  雷炎蛛王【精英】 255 200 1 0 251 0 0 0 1
4302 75 70  圣殿鼠管【精英】 255 200 1 0 251 0 0 0 1
4302 75 70  圣殿鼠卫【精英】 255 200 1 0 251 0 0 0 1
4302 75 70  圣殿僧徒【精英】 255 200 1 0 251 0 0 0 1
4302 75 70  圣殿卫士【精英】 255 200 1 0 251 0 0 0 1
4302 75 70  烈焰石魔【精英】 255 200 1 0 251 0 0 0 1
4302 75 70  绿树妖【精英】 255 200 1 0 251 0 0 0 1





;------------------>03层
;---------->普通
4303 75 70  岩火蜥蜴 255 50 1 0 255 0 0 0 1
4303 75 70  地宫卫士 255 50 1 0 255 0 0 0 1
4303 75 70  黑牙蜘蛛 255 50 1 0 255 0 0 0 1
4303 75 70  蓝背蜘蛛 255 50 1 0 255 0 0 0 1
4303 75 70  恶魔蜘蛛 255 50 1 0 255 0 0 0 1
4303 75 70  黑镰蜘妖 255 50 1 0 255 0 0 0 1
4303 75 70  金杖蛛妖 255 50 1 0 255 0 0 0 1
4303 75 70  绿魔蛛 255 50 1 0 255 0 0 0 1
4303 75 70  黑魔鼠工 255 50 1 0 255 0 0 0 1
4303 75 70  黑魔鼠战士 255 50 1 0 255 0 0 0 1
4303 75 70  黑魔鼠斗士 255 50 1 0 255 0 0 0 1
4303 75 70  绿树妖 255 50 1 0 255 0 0 0 1
4303 75 70  魔龙毒娃 255 50 1 0 255 0 0 0 1
4303 75 70  雷炎蛛王【精英】 255 50 1 0 251 0 0 0 1
4303 75 70  圣殿鼠管【精英】 255 50 1 0 251 0 0 0 1
4303 75 70  圣殿鼠卫【精英】 255 50 1 0 251 0 0 0 1
4303 75 70  圣殿僧徒【精英】 255 50 1 0 251 0 0 0 1
4303 75 70  圣殿卫士【精英】 255 50 1 0 251 0 0 0 1
4303 75 70  烈焰石魔【精英】 255 50 1 0 251 0 0 0 1
4303 75 70  绿树妖【精英】 255 50 1 0 251 0 0 0 1




;------------------>04层
;---------->普通
4304 75 70  岩火蜥蜴 255 50 1 0 255 0 0 0 1
4304 75 70  地宫卫士 255 50 1 0 255 0 0 0 1
4304 75 70  黑牙蜘蛛 255 50 1 0 255 0 0 0 1
4304 75 70  蓝背蜘蛛 255 50 1 0 255 0 0 0 1
4304 75 70  恶魔蜘蛛 255 50 1 0 255 0 0 0 1
4304 75 70  黑镰蜘妖 255 50 1 0 255 0 0 0 1
4304 75 70  金杖蛛妖 255 50 1 0 255 0 0 0 1
4304 75 70  绿魔蛛 255 50 1 0 255 0 0 0 1
4304 75 70  黑魔鼠工 255 50 1 0 255 0 0 0 1
4304 75 70  黑魔鼠战士 255 50 1 0 255 0 0 0 1
4304 75 70  黑魔鼠斗士 255 50 1 0 255 0 0 0 1
4304 75 70  绿树妖 255 50 1 0 255 0 0 0 1
4304 75 70  魔龙毒娃 255 50 1 0 255 0 0 0 1
4304 75 70  雷炎蛛王【精英】 255 50 1 0 251 0 0 0 1
4304 75 70  圣殿鼠管【精英】 255 50 1 0 251 0 0 0 1
4304 75 70  圣殿鼠卫【精英】 255 50 1 0 251 0 0 0 1
4304 75 70  圣殿僧徒【精英】 255 50 1 0 251 0 0 0 1
4304 75 70  圣殿卫士【精英】 255 50 1 0 251 0 0 0 1
4304 75 70  烈焰石魔【精英】 255 50 1 0 251 0 0 0 1
4304 75 70  绿树妖【精英】 255 50 1 0 251 0 0 0 1



4304 37 26  地底树妖【统领】 0 1 5 10 146 0 0 0 1
4304 38 18  地底树王【领主】 0 1 5 10 253 0 0 0 1
4304 16 26  地底石魔【BOSS】 0 1 5 10 249 0 0 0 1







;------------------------>魔化工厂
;------------------>01层
;---------->普通
4401 52 70  异星技员 255 150 1 0 255 0 0 0 1
4401 52 70  异星科学家 255 150 1 0 255 0 0 0 1
4401 52 70  僵尸背工 255 150 1 0 255 0 0 0 1
4401 52 70  僵尸奴隶 255 150 1 0 255 0 0 0 1
4401 52 70  僵尸监工 255 150 1 0 255 0 0 0 1
4401 52 70  僵尸苦力 255 150 1 0 255 0 0 0 1
4401 52 70  强化人魔 255 150 1 0 255 0 0 0 1
4401 52 70  工厂负责人 255 150 1 0 255 0 0 0 1
4401 52 70  强化人魔【精英】 255 150 1 0 251 0 0 0 1
4401 52 70  魔化异僵【精英】 255 150 1 0 251 0 0 0 1
4401 52 70  强化机甲魔【精英】 255 150 1 0 251 0 0 0 1
4401 52 70  强化斧兵【精英】 255 150 1 0 251 0 0 0 1





;------------------>02层
;---------->普通
4402 52 70  异星技员 255 150 1 0 255 0 0 0 1
4402 52 70  异星科学家 255 150 1 0 255 0 0 0 1
4402 52 70  僵尸背工 255 150 1 0 255 0 0 0 1
4402 52 70  僵尸奴隶 255 150 1 0 255 0 0 0 1
4402 52 70  僵尸监工 255 150 1 0 255 0 0 0 1
4402 52 70  僵尸苦力 255 150 1 0 255 0 0 0 1
4402 52 70  强化人魔 255 150 1 0 255 0 0 0 1
4402 52 70  工厂负责人 255 150 1 0 255 0 0 0 1
4402 52 70  强化人魔【精英】 255 150 1 0 251 0 0 0 1
4402 52 70  魔化异僵【精英】 255 150 1 0 251 0 0 0 1
4402 52 70  强化机甲魔【精英】 255 150 1 0 251 0 0 0 1
4402 52 70  强化斧兵【精英】 255 150 1 0 251 0 0 0 1





;------------------>03层
;---------->普通
4403 52 70  异星技员 255 150 1 0 255 0 0 0 1
4403 52 70  异星科学家 255 150 1 0 255 0 0 0 1
4403 52 70  僵尸背工 255 150 1 0 255 0 0 0 1
4403 52 70  僵尸奴隶 255 150 1 0 255 0 0 0 1
4403 52 70  僵尸监工 255 150 1 0 255 0 0 0 1
4403 52 70  僵尸苦力 255 150 1 0 255 0 0 0 1
4403 52 70  强化人魔 255 150 1 0 255 0 0 0 1
4403 52 70  工厂负责人 255 150 1 0 255 0 0 0 1
4403 52 70  强化人魔【精英】 255 150 1 0 251 0 0 0 1
4403 52 70  魔化异僵【精英】 255 150 1 0 251 0 0 0 1
4403 52 70  强化机甲魔【精英】 255 150 1 0 251 0 0 0 1
4403 52 70  强化斧兵【精英】 255 150 1 0 251 0 0 0 1



;------------------>04层
;---------->普通
4404 52 70  异星技员 255 150 1 0 255 0 0 0 1
4404 52 70  异星科学家 255 150 1 0 255 0 0 0 1
4404 52 70  僵尸背工 255 150 1 0 255 0 0 0 1
4404 52 70  僵尸奴隶 255 150 1 0 255 0 0 0 1
4404 52 70  僵尸监工 255 150 1 0 255 0 0 0 1
4404 52 70  僵尸苦力 255 150 1 0 255 0 0 0 1
4404 52 70  强化人魔 255 150 1 0 255 0 0 0 1
4404 52 70  工厂负责人 255 150 1 0 255 0 0 0 1
4404 52 70  强化人魔【精英】 255 150 1 0 251 0 0 0 1
4404 52 70  魔化异僵【精英】 255 150 1 0 251 0 0 0 1
4404 52 70  强化机甲魔【精英】 255 150 1 0 251 0 0 0 1
4404 52 70  强化斧兵【精英】 255 150 1 0 251 0 0 0 1


4404 95 75  魔化悟空【统领】 0 1 5 10 146 0 0 0 1
4404 60 115  生化携带者【领主】 0 1 5 10 253 0 0 0 1
4404 35 54  魔化血魔【BOSS】 0 1 5 10 249 0 0 0 1






;------------------------>火龙地宫
;------------------>01层
;---------->普通
5301 110 96  圣殿战将 255 400 1 0 255 0 0 0 1
5301 110 96  圣殿战士 255 400 1 0 255 0 0 0 1
5301 110 96  圣殿侍卫 255 400 1 0 255 0 0 0 1
5301 110 96  圣殿卫士 255 400 1 0 255 0 0 0 1
5301 110 96  灵魂收割者 255 400 1 0 255 0 0 0 1
5301 110 96  蓝影刀客 255 400 1 0 255 0 0 0 1
5301 110 96  蛇卫 255 400 1 0 255 0 0 0 1
5301 110 96  火屠【精英】 255 400 1 0 251 0 0 0 1
5301 110 96  火巫【精英】 255 400 1 0 251 0 0 0 1
5301 110 96  狱火兽【精英】 255 400 1 0 251 0 0 0 1


;------------------>02层
;---------->普通
5302 110 96  圣殿战将 255 400 1 0 255 0 0 0 1
5302 110 96  圣殿战士 255 400 1 0 255 0 0 0 1
5302 110 96  圣殿侍卫 255 400 1 0 255 0 0 0 1
5302 110 96  圣殿卫士 255 400 1 0 255 0 0 0 1
5302 110 96  灵魂收割者 255 400 1 0 255 0 0 0 1
5302 110 96  蓝影刀客 255 400 1 0 255 0 0 0 1
5302 110 96  蛇卫 255 400 1 0 255 0 0 0 1
5302 110 96  火屠【精英】 255 400 1 0 251 0 0 0 1
5302 110 96  火巫【精英】 255 400 1 0 251 0 0 0 1
5302 110 96  狱火兽【精英】 255 400 1 0 251 0 0 0 1


;------------------>03层
;---------->普通
5303 110 96  圣殿战将 255 400 1 0 255 0 0 0 1
5303 110 96  圣殿战士 255 400 1 0 255 0 0 0 1
5303 110 96  圣殿侍卫 255 400 1 0 255 0 0 0 1
5303 110 96  圣殿卫士 255 400 1 0 255 0 0 0 1
5303 110 96  灵魂收割者 255 400 1 0 255 0 0 0 1
5303 110 96  蓝影刀客 255 400 1 0 255 0 0 0 1
5303 110 96  蛇卫 255 400 1 0 255 0 0 0 1
5303 110 96  火屠【精英】 255 400 1 0 251 0 0 0 1
5303 110 96  火巫【精英】 255 400 1 0 251 0 0 0 1
5303 110 96  狱火兽【精英】 255 400 1 0 251 0 0 0 1



;------------------>04层
;---------->普通
5304 110 96  圣殿战将 255 400 1 0 255 0 0 0 1
5304 110 96  圣殿战士 255 400 1 0 255 0 0 0 1
5304 110 96  圣殿侍卫 255 400 1 0 255 0 0 0 1
5304 110 96  圣殿卫士 255 400 1 0 255 0 0 0 1
5304 110 96  灵魂收割者 255 400 1 0 255 0 0 0 1
5304 110 96  蓝影刀客 255 400 1 0 255 0 0 0 1
5304 110 96  蛇卫 255 400 1 0 255 0 0 0 1
5304 110 96  火屠【精英】 255 400 1 0 251 0 0 0 1
5304 110 96  火巫【精英】 255 400 1 0 251 0 0 0 1
5304 110 96  狱火兽【精英】 255 400 1 0 251 0 0 0 1


5304 65 35 三头火龙【统领】 0 1 5 10 146 0 0 0 1
5304 54 135  炼狱火龙【领主】 0 1 5 10 253 0 0 0 1
5304 156 38  火龙神【BOSS】 0 1 5 10 249 0 0 0 1










;=================第六大陆===================

;--------------> 主城刷怪
06 96 69  深渊章鱼【冰雪城主】 0 1 30 0 249 0 0 0 1
;---------->统领
06 224 121  雪域魔王【统领】 0 1 30 0 146 0 0 0 1
06 129 37  冰锤猿魔【统领】 0 1 30 0 146 0 0 0 1
06 26 221  战狐【统领】 0 1 30 0 146 0 0 0 1
06 232 222  地宫紫锤【统领】 0 1 2 0 146 0 0 0 1
;---------->领主
06 224 121  雪域魔王【领主】 0 1 30 0 253 0 0 0 1
06 129 37  寒冰龙【领主】 0 1 30 0 253 0 0 0 1
06 26 221  法狐【领主】 0 1 30 0 253 0 0 0 1
06 232 222  地宫金锤【领主】 0 1 2 0 253 0 0 0 1
;---------->BOSS
06 224 121  雪域魔王【BOSS】 0 1 30 0 249 0 0 0 1
06 129 37  困龙柱【BOSS】 0 1 5 0 249 0 0 0 1
06 26 221  九尾妖狐【BOSS】 0 1 5 0 249 0 0 0 1
06 232 222  地宫金兽神【BOSS】 0 1 5 0 249 0 0 0 1




;------------------------>雪域圣地
;------------------>01层
;---------->普通
5101 56 60  雪域蜘蛛 500 100 1 0 255 0 0 0 1
5101 56 60  雪域战将 500 100 1 0 255 0 0 0 1
5101 56 60  雪域侍卫 500 100 1 0 255 0 0 0 1
5101 56 60  雪域天将 500 100 1 0 255 0 0 0 1
;5101 56 60  雪域野人 255 30 1 0 255 0 0 0 1
;5101 56 60  雪域羊人 255 30 1 0 255 0 0 0 1
;5101 56 60  雪域冰甲虫 255 30 1 0 255 0 0 0 1
;5101 56 60  雪域冰狼 255 30 1 0 255 0 0 0 1
;5101 56 60  雪域力士 255 30 1 0 255 0 0 0 1
;5101 56 60  雪域卫士 255 30 1 0 255 0 0 0 1
;5101 56 60  雪域毛人 255 30 1 0 255 0 0 0 1
;---------->精英
5101 56 60  雪域战将【精英】 500 100 1 0 251 0 0 0 1
5101 56 60  雪域侍卫【精英】 500 100 1 0 251 0 0 0 1
;5101 56 60  雪域天将【精英】 255 20 1 0 251 0 0 0 1
;5101 56 60  雪域冰狼【精英】 255 20 1 0 251 0 0 0 1
;5101 56 60  雪域力士【精英】 255 20 1 0 251 0 0 0 1
;5101 56 60  雪域卫士【精英】 255 20 1 0 251 0 0 0 1


;------------------>02层
;---------->普通
;5102 42 52  雪域蜘蛛 255 30 1 0 255 0 0 0 1
;5102 42 52  雪域战将 255 30 1 0 255 0 0 0 1
;5102 42 52  雪域侍卫 255 30 1 0 255 0 0 0 1
;5102 42 52  雪域天将 255 30 1 0 255 0 0 0 1
5102 42 52  雪域野人 500 300 1 0 255 0 0 0 1
5102 42 52  雪域羊人 500 300 1 0 255 0 0 0 1
5102 42 52  雪域冰甲虫 500 300 1 0 255 0 0 0 1
5102 42 52  雪域冰狼 500 300 1 0 255 0 0 0 1
5102 42 52  雪域力士 500 300 1 0 255 0 0 0 1
5102 42 52  雪域卫士 500 300 1 0 255 0 0 0 1
5102 42 52  雪域毛人 500 300 1 0 255 0 0 0 1

;---------->精英
;5102 42 52  雪域战将【精英】 255 20 1 0 251 0 0 0 1
;5102 42 52  雪域侍卫【精英】 255 20 1 0 251 0 0 0 1
;5102 42 52  雪域天将【精英】 255 20 1 0 251 0 0 0 1
5102 42 52  雪域冰狼【精英】 500 300 1 0 251 0 0 0 1
5102 42 52  雪域力士【精英】 500 300 1 0 251 0 0 0 1
5102 42 52  雪域卫士【精英】 500 300 1 0 251 0 0 0 1


;------------------>03层
;---------->普通
;5103 54 60  雪域蜘蛛 255 30 1 0 255 0 0 0 1
5103 54 60  雪域战将 500 100 1 0 255 0 0 0 1
;5103 54 60  雪域侍卫 255 30 1 0 255 0 0 0 1
;5103 54 60  雪域天将 255 30 1 0 255 0 0 0 1
5103 54 60  雪域野人 500 100 1 0 255 0 0 0 1
;5103 54 60  雪域羊人 255 30 1 0 255 0 0 0 1
;5103 54 60  雪域冰甲虫 255 30 1 0 255 0 0 0 1
;5103 54 60  雪域冰狼 255 30 1 0 255 0 0 0 1
;5103 54 60  雪域力士 255 30 1 0 255 0 0 0 1
5103 54 60  雪域卫士 500 100 1 0 255 0 0 0 1
;5103 54 60  雪域毛人 255 30 1 0 255 0 0 0 1

;---------->精英
5103 54 60  雪域战将【精英】 500 100 1 0 251 0 0 0 1
5103 54 60  雪域侍卫【精英】 500 100 1 0 251 0 0 0 1
5103 54 60  雪域天将【精英】 500 100 1 0 251 0 0 0 1
5103 54 60  雪域冰狼【精英】 500 100 1 0 251 0 0 0 1
5103 54 60  雪域力士【精英】 500 100 1 0 251 0 0 0 1
5103 54 60  雪域卫士【精英】 500 100 1 0 251 0 0 0 1
5103 54 60  雪域魔王【BOSS】 0 1 5 0 249 0 0 0 1
5103 54 60  雪域魔王【领主】 0 1 5 0 253 0 0 0 1
5103 54 60  雪域魔王【统领】 0 1 5 0 146 0 0 0 1


;------------------------>冰晶宫
;------------------>01层
;---------->普通
5104 72 76  海兽战士  500 100 1 0 255 0 0 0 1
5104 72 76  海兽祭司  500 100 1 0 255 0 0 0 1
5104 72 76  珊瑚怪  500 100 1 0 255 0 0 0 1
5104 72 76  海甲虫  500 100 1 0 255 0 0 0 1
5104 72 76  砗磲  500 100 1 0 255 0 0 0 1
5104 72 76  海爬虫  500 100 1 0 255 0 0 0 1
5104 72 76  冰原地魔  500 100 1 0 255 0 0 0 1
5104 72 76  冰原狮狼  500 100 1 0 255 0 0 0 1
5104 72 76  北境蛮人  500 100 1 0 255 0 0 0 1
5104 72 76  北境战士  500 100 1 0 255 0 0 0 1
;---------->精英
5104 72 76  海兽将领【精英】  500 100 1 0 251 0 0 0 1
5104 72 76  北境战将【精英】  500 100 1 0 251 0 0 0 1
5104 72 76  北境狂人【精英】  500 100 1 0 251 0 0 0 1
;5104 72 76  北境将军【精英】 255 20 1 0 251 0 0 0 1
;5104 72 76  北境军主【精英】 255 20 1 0 251 0 0 0 1
;5104 72 76  北境斧王【精英】 255 20 1 0 251 0 0 0 1
;5104 72 76  北境刺客【精英】 255 20 1 0 251 0 0 0 1



;------------------>02层
;---------->普通
5105 94 92  海兽战士  500 100 1 0 255 0 0 0 1
5105 94 92  海兽祭司  500 100 1 0 255 0 0 0 1
5105 94 92  珊瑚怪  500 100 1 0 255 0 0 0 1
;5105 94 92  海甲虫 255 30 1 0 255 0 0 0 1
;5105 94 92  砗磲 255 30 1 0 255 0 0 0 1
;5105 94 92  海爬虫 255 30 1 0 255 0 0 0 1
5105 94 92  冰原地魔  500 100 1 0 255 0 0 0 1
5105 94 92  冰原狮狼  500 100 1 0 255 0 0 0 1
5105 94 92  北境蛮人  500 100 1 0 255 0 0 0 1
5105 94 92  北境战士  500 100 1 0 255 0 0 0 1
;---------->精英
;5105 94 92  海兽将领【精英】 255 20 1 0 251 0 0 0 1
5105 94 92  北境战将【精英】  500 100 1 0 251 0 0 0 1
5105 94 92  北境狂人【精英】  500 100 1 0 251 0 0 0 1
5105 94 92  北境将军【精英】  500 100 1 0 251 0 0 0 1
5105 94 92  北境军主【精英】  500 100 1 0 251 0 0 0 1
5105 94 92  北境斧王【精英】  500 100 1 0 251 0 0 0 1
5105 94 92  北境刺客【精英】  500 100 1 0 251 0 0 0 1

;------------------>03层
;---------->普通
;5106 50 50  海兽战士 255 30 1 0 255 0 0 0 1
;5106 50 50  海兽祭司 255 30 1 0 255 0 0 0 1
;5106 50 50  珊瑚怪 255 30 1 0 255 0 0 0 1
;5106 50 50  海甲虫 255 30 1 0 255 0 0 0 1
;5106 50 50  砗磲 255 30 1 0 255 0 0 0 1
;5106 50 50  海爬虫 255 30 1 0 255 0 0 0 1
;5106 50 50  冰原地魔 255 30 1 0 255 0 0 0 1
;5106 50 50  冰原狮狼 255 30 1 0 255 0 0 0 1
;5106 50 50  北境蛮人 255 30 1 0 255 0 0 0 1
;5106 50 50  北境战士 255 30 1 0 255 0 0 0 1
;---------->精英
;5106 50 50  海兽将领【精英】 255 20 1 0 251 0 0 0 1
5106 50 50  北境战将【精英】  500 100 1 0 251 0 0 0 1
5106 50 50  北境狂人【精英】  500 100 1 0 251 0 0 0 1
5106 50 50  北境将军【精英】  500 100 1 0 251 0 0 0 1
5106 50 50  北境军主【精英】  500 100 1 0 251 0 0 0 1
5106 50 50  北境斧王【精英】  500 100 1 0 251 0 0 0 1 
5106 50 50  北境刺客【精英】  500 100 1 0 251 0 0 0 1
5106 120 127  冰锤猿魔【统领】 0 1 5 0 146 0 0 0 1
5106 120 127  寒冰龙【领主】 0 1 5 0 253 0 0 0 1
5106 120 127  困龙柱【BOSS】 0 1 5 0 249 0 0 0 1

;------------------------>狐月秘境
;------------------>01层
;---------->普通
;5201 97 69  火尾黑狐王 255 30 1 0 255 0 0 0 1
5201 97 69  黑狐  500 300 1 0 255 0 0 0 1
;5201 97 69  金爪赤狐王 255 30 1 0 255 0 0 0 1
5201 97 69  赤狐  500 300 1 0 255 0 0 0 1
;5201 97 69  玉面素狐王 255 30 1 0 255 0 0 0 1
5201 97 69  素狐  500 300 1 0 255 0 0 0 1
;5201 97 69  狐月之眼 255 30 1 0 255 0 0 0 1

;---------->精英
;5201 97 69  火尾黑狐王【精英】 255 20 1 0 251 0 0 0 1
5201 97 69  黑狐【精英】  500 300 1 0 251 0 0 0 1
;5201 97 69  金爪赤狐王【精英】 255 20 1 0 251 0 0 0 1
5201 97 69  赤狐【精英】  500 300 1 0 251 0 0 0 1
;5201 97 69  玉面素狐王【精英】 255 20 1 0 251 0 0 0 1
5201 97 69  素狐【精英】  500 300 1 0 251 0 0 0 1
;5201 97 69  狐月魔眼【精英】 255 20 1 0 251 0 0 0 1
5201 97 69  道狐【精英】  500 300 1 0 251 0 0 0 1
5201 97 69  法狐【精英】  500 300 1 0 251 0 0 0 1
5201 97 69  战狐【精英】  500 300 1 0 251 0 0 0 1



;------------------>02层
;---------->普通
5202 103 76  火尾黑狐王 500 300 1 0 255 0 0 0 1
;5202 103 76  黑狐 255 30 1 0 255 0 0 0 1
5202 103 76  金爪赤狐王 500 300 1 0 255 0 0 0 1
;5202 103 76  赤狐 255 30 1 0 255 0 0 0 1
5202 103 76  玉面素狐王 500 300 1 0 255 0 0 0 1
;5202 103 76  素狐 255 30 1 0 255 0 0 0 1
5202 103 76  狐月之眼 500 300 1 0 255 0 0 0 1


;---------->精英
5202 103 76  火尾黑狐王【精英】 500 300 1 0 251 0 0 0 1
;5202 103 76  黑狐【精英】 255 20 1 0 251 0 0 0 1
5202 103 76  金爪赤狐王【精英】 500 300 1 0 251 0 0 0 1
;5202 103 76  赤狐【精英】 255 20 1 0 251 0 0 0 1
5202 103 76  玉面素狐王【精英】 500 300 1 0 251 0 0 0 1
;5202 103 76  素狐【精英】 255 20 1 0 251 0 0 0 1
5202 103 76  狐月魔眼【精英】 500 300 1 0 251 0 0 0 1
5202 103 76  道狐【精英】 500 300 1 0 251 0 0 0 1
5202 103 76  法狐【精英】 500 300 1 0 251 0 0 0 1
5202 103 76  战狐【精英】 500 300 1 0 251 0 0 0 1



;------------------>03层
;---------->普通
5203 62 49  火尾黑狐王 500 300 1 0 255 0 0 0 1
;5203 62 49  黑狐 255 30 1 0 255 0 0 0 1
5203 62 49  金爪赤狐王 500 300 1 0 255 0 0 0 1
;5203 62 49  赤狐 255 30 1 0 255 0 0 0 1
5203 62 49  玉面素狐王 500 300 1 0 255 0 0 0 1
;5203 62 49  素狐 255 30 1 0 255 0 0 0 1
5203 62 49  狐月之眼 500 300 1 0 255 0 0 0 1


;---------->精英
5203 62 49  火尾黑狐王【精英】 500 50 1 0 251 0 0 0 1
5203 62 49  黑狐【精英】 500 50 1 0 251 0 0 0 1
5203 62 49  金爪赤狐王【精英】 500 50 1 0 251 0 0 0 1
5203 62 49  赤狐【精英】 500 50 1 0 251 0 0 0 1
5203 62 49  玉面素狐王【精英】 500 50 1 0 251 0 0 0 1
5203 62 49  素狐【精英】 500 50 1 0 251 0 0 0 1
5201 97 69  狐月魔眼【精英】 500 50 1 0 251 0 0 0 1
5203 62 49  道狐【精英】 500 50 1 0 251 0 0 0 1
5203 62 49  法狐【精英】 500 50 1 0 251 0 0 0 1
5201 97 69  战狐【精英】 500 50 1 0 251 0 0 0 1
5203 120 127  战狐【统领】 0 2 5 0 146 0 0 0 1
5203 120 127  法狐【领主】 0 2 5 0 253 0 0 0 1
5203 120 127  九尾妖狐【BOSS】 0 2 5 0 249 0 0 0 1




;------------------>04层
;---------->普通
;5204 18 15  火尾黑狐王 255 30 1 0 255 0 0 0 1
;5204 18 15  黑狐 255 30 1 0 255 0 0 0 1
;5204 18 15  金爪赤狐王 255 30 1 0 255 0 0 0 1
;5204 18 15  赤狐 255 30 1 0 255 0 0 0 1
;5204 18 15  玉面素狐王 255 30 1 0 255 0 0 0 1
;5204 18 15  素狐 255 30 1 0 255 0 0 0 1
;5204 18 15  狐月之眼 255 30 1 0 255 0 0 0 1


;---------->精英
;5204 18 15  火尾黑狐王【精英】 255 20 1 0 251 0 0 0 1
;5204 18 15  黑狐【精英】 255 20 1 0 251 0 0 0 1
;5204 18 15  金爪赤狐王【精英】 255 20 1 0 251 0 0 0 1
;5204 18 15  赤狐【精英】 255 20 1 0 251 0 0 0 1
5204 18 15  玉面素狐王【精英】 500 50 1 0 251 0 0 0 1
5204 18 15  素狐【精英】 500 50 1 0 251 0 0 0 1
5204 18 15  狐月魔眼【精英】 500 50 1 0 251 0 0 0 1
5204 18 15  道狐【精英】 500 50 1 0 251 0 0 0 1
5204 18 15  法狐【精英】 500 50 1 0 251 0 0 0 1
5204 18 15  战狐【精英】 500 50 1 0 251 0 0 0 1




;------------------------>万劫地宫
;------------------>01层
;---------->普通
5401 69 50  焕彩地魔 500 300 1 0 255 0 0 0 1
5401 69 50  火刀骑士 500 300 1 0 255 0 0 0 1
5401 69 50  收割者 500 300 1 0 255 0 0 0 1
5401 69 50  双刀鼠妖 500 300 1 0 255 0 0 0 1
;5401 69 50  狂暴火牛魔 255 30 1 0 255 0 0 0 1
;5401 69 50  恶狼骑士 255 30 1 0 255 0 0 0 1
;5401 69 50  侏儒铁拳 255 30 1 0 255 0 0 0 1
;5401 69 50  火巫 255 30 1 0 255 0 0 0 1

;---------->精英
5401 69 50  绿刀【精英】 500 300 1 0 251 0 0 0 1
5401 69 50  冰巫【精英】 500 300 1 0 251 0 0 0 1
;5401 69 50  地宫守护者【精英】 255 20 1 0 251 0 0 0 1
;5401 69 50  地宫火法【精英】 255 20 1 0 251 0 0 0 1
;5401 69 50  地宫女法【精英】 255 20 1 0 251 0 0 0 1




;------------------>02层
;---------->普通
;5402 82 78  焕彩地魔 255 30 1 0 255 0 0 0 1
;5402 82 78  火刀骑士 255 30 1 0 255 0 0 0 1
5402 82 78  收割者 500 300 1 0 255 0 0 0 1
5402 82 78  双刀鼠妖 500 300 1 0 255 0 0 0 1
5402 82 78  狂暴火牛魔 500 300 1 0 255 0 0 0 1
5402 82 78  恶狼骑士 500 300 1 0 255 0 0 0 1
;5402 82 78  侏儒铁拳 255 30 1 0 255 0 0 0 1
;5402 82 78  火巫 255 30 1 0 255 0 0 0 1

;---------->精英
;5402 82 78  绿刀【精英】 255 20 1 0 251 0 0 0 1
;5402 82 78  冰巫【精英】 255 20 1 0 251 0 0 0 1
5402 82 78  地宫守护者【精英】 500 300 1 0 251 0 0 0 1
5402 82 78  地宫火法【精英】 500 300 1 0 251 0 0 0 1
5402 82 78  地宫女法【精英】 500 300 1 0 251 0 0 0 1




;------------------>03层
;---------->普通
5403 26 32  焕彩地魔 500 150 1 0 255 0 0 0 1
5403 26 32  火刀骑士 500 150 1 0 255 0 0 0 1
5403 26 32  收割者 500 150 1 0 255 0 0 0 1
5403 26 32  双刀鼠妖 500 150 1 0 255 0 0 0 1
5403 26 32  狂暴火牛魔 500 150 1 0 255 0 0 0 1
;5403 26 32  恶狼骑士 255 30 1 0 255 0 0 0 1
;5403 26 32  侏儒铁拳 255 30 1 0 255 0 0 0 1
;5403 26 32  火巫 255 30 1 0 255 0 0 0 1

;---------->精英
5403 26 32  绿刀【精英】 500 150 1 0 251 0 0 0 1
5403 26 32  冰巫【精英】 500 150 1 0 251 0 0 0 1
5403 26 32  地宫守护者【精英】 500 150 1 0 251 0 0 0 1
5403 26 32  地宫火法【精英】 500 150 1 0 251 0 0 0 1
5403 26 32  地宫女法【精英】 500 150 1 0 251 0 0 0 1


;------------------>04层
;---------->普通
;5404 40 51  焕彩地魔 255 30 1 0 255 0 0 0 1
;5404 40 51  火刀骑士 255 30 1 0 255 0 0 0 1
;5404 40 51  收割者 255 30 1 0 255 0 0 0 1
5404 40 51  双刀鼠妖 500 300 1 0 255 0 0 0 1
5404 40 51  狂暴火牛魔 500 300 1 0 255 0 0 0 1
5404 40 51  恶狼骑士 500 300 1 0 255 0 0 0 1
5404 40 51  侏儒铁拳 500 300 1 0 255 0 0 0 1
5404 40 51  火巫 500 300 1 0 255 0 0 0 1

;---------->精英
5404 40 51  绿刀【精英】 500 300 1 0 251 0 0 0 1
5404 40 51  冰巫【精英】 500 300 1 0 251 0 0 0 1
5404 40 51  地宫守护者【精英】 500 300 1 0 251 0 0 0 1
5404 40 51  地宫火法【精英】 500 300 1 0 251 0 0 0 1
5404 40 51  地宫女法【精英】 500 300 1 0 251 0 0 0 1


;------------------>05层
;---------->普通
;5405 40 44  焕彩地魔 255 30 1 0 255 0 0 0 1
5405 40 44  火刀骑士 500 300 1 0 255 0 0 0 1
;5405 40 44  收割者 255 30 1 0 255 0 0 0 1
;5405 40 44  双刀鼠妖 255 30 1 0 255 0 0 0 1
5405 40 44  狂暴火牛魔 500 300 1 0 255 0 0 0 1
5405 40 44  恶狼骑士 500 300 1 0 255 0 0 0 1
;5405 40 44  侏儒铁拳 255 30 1 0 255 0 0 0 1
;5405 40 44  火巫 255 30 1 0 255 0 0 0 1

;---------->精英
5405 40 44  绿刀【精英】 500 300 1 0 251 0 0 0 1
5405 40 44  冰巫【精英】 500 300 1 0 251 0 0 0 1
5405 40 44  地宫守护者【精英】 500 300 1 0 251 0 0 0 1
5405 40 44  地宫火法【精英】 500 300 1 0 251 0 0 0 1
5405 40 44  地宫女法【精英】 500 300 1 0 251 0 0 0 1


;------------------>06层
;---------->普通
;5406 40 44  焕彩地魔 255 30 1 0 255 0 0 0 1
;5406 40 44  火刀骑士 255 30 1 0 255 0 0 0 1
;5406 40 44  收割者 255 30 1 0 255 0 0 0 1
5406 40 44  双刀鼠妖 500 300 1 0 255 0 0 0 1
5406 40 44  狂暴火牛魔 500 300 1 0 255 0 0 0 1
5406 40 44  恶狼骑士 500 300 1 0 255 0 0 0 1
;5406 40 44  侏儒铁拳 255 30 1 0 255 0 0 0 1
;5406 40 44  火巫 255 30 1 0 255 0 0 0 1

;---------->精英
5406 40 44  绿刀【精英】 500 300 1 0 251 0 0 0 1
5406 40 44  冰巫【精英】 500 300 1 0 251 0 0 0 1
5406 40 44  地宫守护者【精英】 500 300 1 0 251 0 0 0 1
5406 40 44  地宫火法【精英】 500 300 1 0 251 0 0 0 1
5406 40 44  地宫女法【精英】 500 300 1 0 251 0 0 0 1
5406 120 127  地宫紫锤【统领】 0 1 5 0 146 0 0 0 1
5406 120 127  地宫金锤【领主】 0 1 5 0 253 0 0 0 1
5406 120 127  地宫金兽神【BOSS】 0 1 5 0 249 0 0 0 1



;=================第七大陆===================

;--------------> 主城刷怪
07 31 87  焚燃之主【兰陵城主】 0 1 30 10 249 0 0 0 1
;---------->统领
07 120 127 精绝狂兽【统领】 255 1 5 10 146 0 0 0 1
07 120 127 焚燃骨魔【统领】 255 1 5 10 146 0 0 0 1
07 120 127 岩浆狗怪【统领】 255 1 5 10 146 0 0 0 1
07 120 127 血海火妖【统领】 255 1 5 10 146 0 0 0 1
;---------->领主
07 120 127 精绝墓魔【领主】 255 1 5 10 253 0 0 0 1
07 120 127 焚燃火刀【领主】 255 1 5 10 253 0 0 0 1
07 120 127 岩浆墨火【领主】 255 1 5 10 253 0 0 0 1
07 120 127 血海电魔【领主】 255 1 5 10 253 0 0 0 1
;---------->BOSS
07 120 127  精绝国王【BOSS】 255 1 5 0 249 0 0 0 1
07 120 127  焚燃战神【BOSS】 255 1 5 0 249 0 0 0 1
07 120 127  岩浆力魔【BOSS】 255 1 5 0 249 0 0 0 1
07 120 127  血海石魔【BOSS】 255 1 5 0 249 0 0 0 1


;------------------------>精绝古墓
;------------------>01层
;---------->普通
7101 66 82  古墓守卫 255 150 1 0 255 0 0 0 1
7101 66 82  古墓护卫 255 150 1 0 255 0 0 0 1
;7101 66 82  古墓巫卫 255 30 1 0 255 0 0 0 1
;7101 66 82  古墓刀卫 255 30 1 0 255 0 0 0 1
7101 66 82  古墓斧卫 255 150 1 0 255 0 0 0 1
;---------->精英
7101 66 82  侏儒金主【精英】 255 150 1 0 251 0 0 0 1
7101 66 82  飞天吸血鬼【精英】 255 150 1 0 251 0 0 0 1
;7101 66 82  紫金骑士【精英】 255 20 1 0 251 0 0 0 1
;7101 66 82  双刀狐妖【精英】 255 20 1 0 251 0 0 0 1
;7101 66 82  三面六臂魔【精英】 255 20 1 0 251 0 0 0 1
7101 120 127 精绝狂兽【统领】 255 1 5 10 146 0 0 0 1
7101 120 127 精绝墓魔【领主】 255 1 5 10 253 0 0 0 1
7101 120 127  精绝国王【BOSS】 255 1 5 0 249 0 0 0 1

;------------------>02层
;---------->普通
;7102 52 70  古墓守卫 255 30 1 0 255 0 0 0 1
;7102 52 70  古墓护卫 255 30 1 0 255 0 0 0 1
7102 52 70  古墓巫卫 255 150 1 0 255 0 0 0 1
7102 52 70  古墓刀卫 255 150 1 0 255 0 0 0 1
7102 52 70  古墓斧卫 255 150 1 0 255 0 0 0 1
;---------->精英
;7102 52 70  侏儒金主【精英】 255 20 1 0 251 0 0 0 1
;7102 52 70  飞天吸血鬼【精英】 255 20 1 0 251 0 0 0 1
7102 52 70  紫金骑士【精英】 255 150 1 0 251 0 0 0 1
7102 52 70  双刀狐妖【精英】 255 150 1 0 251 0 0 0 1
7102 52 70  三面六臂魔【精英】 255 150 1 0 251 0 0 0 1
7102 120 127 精绝狂兽【统领】 255 1 5 10 146 0 0 0 1
7102 120 127 精绝墓魔【领主】 255 1 5 10 253 0 0 0 1
7102 120 127  精绝国王【BOSS】 255 1 5 0 249 0 0 0 1


;------------------>03层
;---------->普通
7103 35 55  古墓守卫 255 150 1 0 255 0 0 0 1
7103 35 55  古墓护卫 255 150 1 0 255 0 0 0 1
7103 35 55  古墓巫卫 255 150 1 0 255 0 0 0 1
7103 35 55  古墓刀卫 255 150 1 0 255 0 0 0 1
7103 35 55  古墓斧卫 255 150 1 0 255 0 0 0 1
;---------->精英
;7103 35 55  侏儒金主【精英】 255 20 1 0 251 0 0 0 1
;7103 35 55  飞天吸血鬼【精英】 255 20 1 0 251 0 0 0 1
7103 35 55  紫金骑士【精英】 255 150 1 0 251 0 0 0 1
7103 35 55  双刀狐妖【精英】 255 150 1 0 251 0 0 0 1
7103 35 55  三面六臂魔【精英】 255 150 1 0 251 0 0 0 1
7103 120 127 精绝狂兽【统领】 255 1 5 10 146 0 0 0 1
7103 120 127 精绝墓魔【领主】 255 1 5 10 253 0 0 0 1
7103 120 127  精绝国王【BOSS】 255 1 5 0 249 0 0 0 1

;------------------>04层
;---------->普通
;7104 31 33  古墓守卫 255 30 1 0 255 0 0 0 1
;7104 31 33  古墓护卫 255 30 1 0 255 0 0 0 1
;7104 31 33  古墓巫卫 255 30 1 0 255 0 0 0 1
;7104 31 33  古墓刀卫 255 30 1 0 255 0 0 0 1
;7104 31 33  古墓斧卫 255 30 1 0 255 0 0 0 1
;---------->精英
7104 31 33  侏儒金主【精英】 255 150 1 0 251 0 0 0 1
7104 31 33  飞天吸血鬼【精英】 255 150 1 0 251 0 0 0 1
7104 31 33  紫金骑士【精英】 255 150 1 0 251 0 0 0 1
7104 31 33  双刀狐妖【精英】 255 150 1 0 251 0 0 0 1
7104 31 33  三面六臂魔【精英】 255 150 1 0 251 0 0 0 1
7104 120 127 精绝狂兽【统领】 255 1 5 10 146 0 0 0 1
7104 120 127 精绝墓魔【领主】 255 1 5 10 253 0 0 0 1
7104 120 127  精绝国王【BOSS】 255 1 5 0 249 0 0 0 1



;------------------------>燃焚之地
;------------------>01层
;---------->普通
7201 165 165  猩红恶魔 255 150 1 0 255 0 0 0 1
7201 165 165  杀人恶屠 255 150 1 0 255 0 0 0 1
7201 165 165  狂怒巨吼 255 150 1 0 255 0 0 0 1
7201 165 165  金轮战魔 255 150 1 0 255 0 0 0 1
7201 165 165  半人蛛妖 255 150 1 0 255 0 0 0 1
;---------->精英
7201 165 165  石魔【精英】 255 150 1 0 251 0 0 0 1
7201 165 165  鹿角恶道【精英】 255 150 1 0 251 0 0 0 1
;7201 165 165  半人多足妖【精英】 255 20 1 0 251 0 0 0 1
7201 120 127 焚燃骨魔【统领】 255 1 5 10 146 0 0 0 1
7201 120 127 焚燃火刀【领主】 255 1 5 10 253 0 0 0 1
7201 120 127  焚燃战神【BOSS】 255 1 5 0 249 0 0 0 1

;------------------>02层
;---------->普通
7202 78 67  猩红恶魔 255 150 1 0 255 0 0 0 1
7202 78 67  杀人恶屠 255 150 1 0 255 0 0 0 1
7202 78 67  狂怒巨吼 255 150 1 0 255 0 0 0 1
7202 78 67  金轮战魔 255 150 1 0 255 0 0 0 1
;7202 78 67  半人蛛妖 255 60 1 0 255 0 0 0 1
;---------->精英
7202 78 67  石魔【精英】 255 150 1 0 251 0 0 0 1
;7202 78 67  鹿角恶道【精英】 255 20 1 0 251 0 0 0 1
7202 78 67  半人多足妖【精英】 255 150 1 0 251 0 0 0 1
7202 120 127 焚燃骨魔【统领】 255 1 5 10 146 0 0 0 1
7202 120 127 焚燃火刀【领主】 255 1 5 10 253 0 0 0 1
7202 120 127  焚燃战神【BOSS】 255 1 5 0 249 0 0 0 1


;------------------------>岩浆地宫
;------------------>01层
;---------->普通
7301 176 174  玄火鸟 255 150 1 0 255 0 0 0 1
7301 176 174  赤翼夜魔 255 150 1 0 255 0 0 0 1
7301 176 174  困火妖 255 150 1 0 255 0 0 0 1
7301 176 174  烈焰刀魔 255 150 1 0 255 0 0 0 1
;7301 176 174  雷炎地魔 255 30 1 0 255 0 0 0 1
;---------->精英
7301 176 174  离火悍牛【精英】 255 150 1 0 251 0 0 0 1
7301 176 174  紫翼夜魔【精英】 255 150 1 0 251 0 0 0 1
;7301 176 174  蓝翼夜魔【精英】 255 20 1 0 251 0 0 0 1
7301 120 127 岩浆狗怪【统领】 255 1 5 10 146 0 0 0 1
7301 120 127 岩浆墨火【领主】 255 1 5 10 253 0 0 0 1
7301 120 127  岩浆力魔【BOSS】 255 1 5 0 249 0 0 0 1
;------------------>02层
;---------->普通
;7302 141 107  玄火鸟 255 30 1 0 255 0 0 0 1
;7302 141 107  赤翼夜魔 255 30 1 0 255 0 0 0 1
7302 141 107  困火妖 255 150 1 0 255 0 0 0 1
7302 141 107  烈焰刀魔 255 150 1 0 255 0 0 0 1
7302 141 107  雷炎地魔 255 150 1 0 255 0 0 0 1
;---------->精英
7302 141 107  离火悍牛【精英】 255 150 1 0 251 0 0 0 1
;7302 141 107  紫翼夜魔【精英】 255 20 1 0 251 0 0 0 1
;7302 141 107  蓝翼夜魔【精英】 255 20 1 0 251 0 0 0 1
7302 120 127 岩浆狗怪【统领】 255 1 5 10 146 0 0 0 1
7302 120 127 岩浆墨火【领主】 255 1 5 10 253 0 0 0 1
7302 120 127  岩浆力魔【BOSS】 255 1 5 0 249 0 0 0 1

;------------------>03层
;---------->普通
;7303 95 95  玄火鸟 255 30 1 0 255 0 0 0 1
7303 95 95  赤翼夜魔 255 150 1 0 255 0 0 0 1
7303 95 95  困火妖 255 150 1 0 255 0 0 0 1
7303 95 95  烈焰刀魔 255 150 1 0 255 0 0 0 1
7303 95 95  雷炎地魔 255 150 1 0 255 0 0 0 1
;---------->精英
7303 95 95  离火悍牛【精英】 255 150 1 0 251 0 0 0 1
7303 95 95  紫翼夜魔【精英】 255 150 1 0 251 0 0 0 1
7303 95 95  蓝翼夜魔【精英】 255 150 1 0 251 0 0 0 1
7303 120 127 岩浆狗怪【统领】 255 1 5 10 146 0 0 0 1
7303 120 127 岩浆墨火【领主】 255 1 5 10 253 0 0 0 1
7303 120 127  岩浆力魔【BOSS】 255 1 5 0 249 0 0 0 1



;------------------------>血海魔宫
;------------------>01层
;---------->普通

7401 40 52  地煞魔狼 255 150 1 0 255 0 0 0 1
;---------->精英
7401 40 52  天耀贪狼【精英】 255 150 1 0 251 0 0 0 1
7401 40 52  鬼面蛛王【精英】 255 150 1 0 251 0 0 0 1
7401 120 127 血海火妖【统领】 255 1 5 10 146 0 0 0 1
7401 120 127 血海电魔【领主】 255 1 5 10 253 0 0 0 1
7401 120 127  血海石魔【BOSS】 255 1 5 0 249 0 0 0 1
;------------------>02层
;---------->普通

7402 40 52  地煞魔狼 255 150 1 0 255 0 0 0 1
;---------->精英
7402 40 52  天耀贪狼【精英】 255 150 1 0 251 0 0 0 1
7402 40 52  鬼面蛛王【精英】 255 150 1 0 251 0 0 0 1
7402 120 127 血海火妖【统领】 255 1 5 10 146 0 0 0 1
7402 120 127 血海电魔【领主】 255 1 5 10 253 0 0 0 1
7402 120 127  血海石魔【BOSS】 255 1 5 0 249 0 0 0 1
;------------------>03层
;---------->普通

7403 27 35  地煞魔狼 255 150 1 0 255 0 0 0 1
;---------->精英
7403 27 35  天耀贪狼【精英】 255 150 1 0 251 0 0 0 1
7403 27 35  鬼面蛛王【精英】 255 150 1 0 251 0 0 0 1
7403 120 127 血海火妖【统领】 255 1 5 10 146 0 0 0 1
7403 120 127 血海电魔【领主】 255 1 5 10 253 0 0 0 1
7403 120 127  血海石魔【BOSS】 255 1 5 0 249 0 0 0 1

;=================第八大陆===================

;--------------> 主城刷怪
08 120 127  暗黑魔王【冰火城主】 0 1 2 10 249 0 0 0 1
;---------->统领
08 120 127 修罗鬼王【统领】 255 2 2 10 146 0 0 0 1
08 120 127 炼狱狂魔【统领】 255 2 2 10 146 0 0 0 1
08 120 127 瘟疫蛇法【统领】 255 2 2 10 146 0 0 0 1
08 120 127 暗黑爪魔【统领】 255 2 2 10 146 0 0 0 1
;---------->领主
08 120 127 幽冥骑士【领主】 255 2 2 10 253 0 0 0 1
08 120 127 炼狱魔尊【领主】 255 2 2 10 253 0 0 0 1
08 120 127 瘟疫蛇后【领主】 255 2 2 10 253 0 0 0 1
08 120 127 暗黑巫王【领主】 255 2 2 10 253 0 0 0 1
;---------->BOSS
08 120 127  冥府军主【BOSS】 255 5 2 10 249 0 0 0 1
08 120 127  炼狱之主【BOSS】 255 5 2 10 249 0 0 0 1
08 120 127  瘟疫蛟王【BOSS】 255 5 2 10 249 0 0 0 1
08 120 127  暗黑之主【BOSS】 255 5 2 10 249 0 0 0 1

;------------------------>炼狱之路
;------------------>01层
;---------->普通
8101 76 66  炼狱鞭魔 255 60 1 0 255 0 0 0 1
8101 76 66  撩牙兽 255 60 1 0 255 0 0 0 1
8101 76 66  憎恶龟 255 60 1 0 255 0 0 0 1
;---------->精英
8101 76 66  青面纹魔【精英】 255 20 1 0 251 0 0 0 1
8101 76 66  蛮荒野锤【精英】 255 20 1 0 251 0 0 0 1
8101 76 66  独眼魔【精英】 255 20 1 0 251 0 0 0 1

;------------------>02层
;---------->普通
8102 60 42  炼狱鞭魔 255 60 1 0 255 0 0 0 1
8102 60 42  撩牙兽 255 60 1 0 255 0 0 0 1
8102 60 42  憎恶龟 255 60 1 0 255 0 0 0 1
;---------->精英
8102 60 42  青面纹魔【精英】 255 20 1 0 251 0 0 0 1
8102 60 42  蛮荒野锤【精英】 255 20 1 0 251 0 0 0 1
8102 60 42  独眼魔【精英】 255 20 1 0 251 0 0 0 1

;------------------>03层
;---------->普通
8103 38 35  炼狱鞭魔 255 60 1 0 255 0 0 0 1
8103 38 35  撩牙兽 255 60 1 0 255 0 0 0 1
8103 38 35  憎恶龟 255 60 1 0 255 0 0 0 1
;---------->精英
8103 38 35  青面纹魔【精英】 255 20 1 0 251 0 0 0 1
8103 38 35  蛮荒野锤【精英】 255 20 1 0 251 0 0 0 1
8103 38 35  独眼魔【精英】 255 20 1 0 251 0 0 0 1
8103 38 35  冥府军主【BOSS】 255 1 5 0 251 0 0 0 1
8103 38 35  修罗鬼王【统领】 255 1 5 0 251 0 0 0 1
8103 38 35  幽冥骑士【领主】 255 5 1 0 251 0 0 0 1



;------------------------>冥府之路
;------------------>01层
;---------->普通
8201 50 75  铁甲镰刀手 255 60 1 0 255 0 0 0 1
8201 50 75  招魂鬼道 255 60 1 0 255 0 0 0 1
8201 50 75  索命死神 255 60 1 0 255 0 0 0 1
8201 50 75  幽冥战士 255 60 1 0 255 0 0 0 1
8201 50 75  幽冥战将 255 60 1 0 255 0 0 0 1
;---------->精英
8201 50 75  三面鬼吼【精英】 255 20 1 0 251 0 0 0 1
8201 50 75  幽冥铁甲【精英】 255 20 1 0 251 0 0 0 1


;------------------>02层
;---------->普通
8202 68 75  铁甲镰刀手 255 60 1 0 255 0 0 0 1
8202 68 75  招魂鬼道 255 60 1 0 255 0 0 0 1
8202 68 75  索命死神 255 60 1 0 255 0 0 0 1
8202 68 75  幽冥战士 255 60 1 0 255 0 0 0 1
8202 68 75  幽冥战将 255 60 1 0 255 0 0 0 1
;---------->精英
8202 68 75  三面鬼吼【精英】 255 20 1 0 251 0 0 0 1
8202 68 75  幽冥铁甲【精英】 255 20 1 0 251 0 0 0 1


;------------------>03层
;---------->普通
8203 90 110  铁甲镰刀手 255 60 1 0 255 0 0 0 1
8203 90 110  招魂鬼道 255 60 1 0 255 0 0 0 1
8203 90 110  索命死神 255 60 1 0 255 0 0 0 1
8203 90 110  幽冥战士 255 60 1 0 255 0 0 0 1
8203 90 110  幽冥战将 255 60 1 0 255 0 0 0 1
;--------->精英
8203 90 110  三面鬼吼【精英】 255 20 1 0 251 0 0 0 1
8203 90 110  幽冥铁甲【精英】 255 20 1 0 251 0 0 0 1

8203 90 110 炼狱狂魔【统领】 255 1 5 0 251 0 0 0 1
8203 90 110  炼狱魔尊【领主】 255 5 1 0 251 0 0 0 1
8203 90 110  炼狱之主【BOSS】 255 1 5 0 251 0 0 0 1


;------------------------>瘟疫之地
;------------------>01层
;---------->普通
8301 177 138  虎蛇 255 60 1 0 255 0 0 0 1
8301 177 138  三头蛇 255 60 1 0 255 0 0 0 1
8301 177 138  红皮肉蛇 255 60 1 0 255 0 0 0 1
8301 177 138  绿皮肉蛇 255 60 1 0 255 0 0 0 1
8301 177 138  鸡眼蛇 255 60 1 0 255 0 0 0 1
8301 177 138  细蟒 255 60 1 0 255 0 0 0 1
;---------->精英
8301 177 138  蛇力士【精英】 255 20 1 0 251 0 0 0 1
8301 177 138  黑鄂毒蛇【精英】 255 20 1 0 251 0 0 0 1
8301 177 138  肌腹蛇【精英】 255 20 1 0 251 0 0 0 1

;------------------>02层
;---------->普通
8302 45 51  虎蛇 255 60 1 0 255 0 0 0 1
8302 45 51  三头蛇 255 60 1 0 255 0 0 0 1
8302 45 51  红皮肉蛇 255 60 1 0 255 0 0 0 1
8302 45 51  绿皮肉蛇 255 60 1 0 255 0 0 0 1
8302 45 51  鸡眼蛇 255 60 1 0 255 0 0 0 1
8302 45 51  细蟒 255 60 1 0 255 0 0 0 1
;---------->精英
8302 45 51  蛇力士【精英】 255 20 1 0 251 0 0 0 1
8302 45 51  黑鄂毒蛇【精英】 255 20 1 0 251 0 0 0 1
8302 45 51  肌腹蛇【精英】 255 20 1 0 251 0 0 0 1
8302 45 51 瘟疫蛟王【BOSS】 255 1 5 0 251 0 0 0 1
8302 45 51  瘟疫蛇后【领主】 255 1 5 0 251 0 0 0 1
8302 45 51  瘟疫蛇法【统领】 255 1 5 0 251 0 0 0 1

;------------------------>暗黑之地
;------------------>01层
;---------->普通
8401 67 81  马面人怪 255 60 1 0 255 0 0 0 1
8401 67 81  草人之灵 255 60 1 0 255 0 0 0 1
8401 67 81  魔化蛮兵 255 60 1 0 255 0 0 0 1
8401 67 81  暗黑蛮魔 255 60 1 0 255 0 0 0 1
;---------->精英
8401 67 81  暗黑蝠魔【精英】 255 20 1 0 251 0 0 0 1
8401 67 81  暗黑蓝魔【精英】 255 20 1 0 251 0 0 0 1
8401 67 81  暗黑人屠【精英】 255 20 1 0 251 0 0 0 1
8401 67 81  暗黑魔人【精英】 255 20 1 0 251 0 0 0 1


;------------------>02层
;---------->普通
8402 28 40  马面人怪 255 60 1 0 255 0 0 0 1
8402 28 40  草人之灵 255 60 1 0 255 0 0 0 1
8402 28 40  魔化蛮兵 255 60 1 0 255 0 0 0 1
8402 28 40  暗黑蛮魔 255 60 1 0 255 0 0 0 1
;---------->精英
8402 28 40  暗黑蝠魔【精英】 255 20 1 0 251 0 0 0 1
8402 28 40  暗黑蓝魔【精英】 255 20 1 0 251 0 0 0 1
8402 28 40  暗黑人屠【精英】 255 20 1 0 251 0 0 0 1
8402 28 40  暗黑魔人【精英】 255 20 1 0 251 0 0 0 1


;------------------>03层
;---------->普通
8403 30 35  马面人怪 255 60 1 0 255 0 0 0 1
8403 30 35  草人之灵 255 60 1 0 255 0 0 0 1
8403 30 35  魔化蛮兵 255 60 1 0 255 0 0 0 1
8403 30 35  暗黑蛮魔 255 60 1 0 255 0 0 0 1
;---------->精英
8403 30 35  暗黑蝠魔【精英】 255 2 1 0 251 0 0 0 1
8403 30 35  暗黑蓝魔【精英】 255 2 1 0 251 0 0 0 1
8403 30 35  暗黑人屠【精英】 255 2 1 0 251 0 0 0 1
8403 30 35  暗黑魔人【精英】 255 2 1 0 251 0 0 0 1
8403 30 35  暗黑之主【BOSS】 255 2 1 0 251 0 0 0 1
8403 30 35  暗黑巫王【领主】 255 2 1 0 251 0 0 0 1
8403 30 35  暗黑爪魔【统领】 255 2 1 0 251 0 0 0 1


;=================第九大陆===================
09 100 105  修罗杀神【暴风城主】 0 1 2 10 249 0 0 0 1
;--------------> 主城刷怪
;---------->统领
09 100 105 杀戮魔君【统领】 255 2 2 10 146 0 0 0 1
09 100 105 地底锤猪【统领】 255 2 2 10 146 0 0 0 1
09 100 105 不死魔头【统领】 255 2 2 10 146 0 0 0 1
09 100 105 暴风魔君【统领】 255 2 2 10 146 0 0 0 1
;---------->领主
09 100 105 杀戮金刀【领主】 255 2 2 10 253 0 0 0 1
09 100 105 暴风金兽【领主】 255 2 2 10 253 0 0 0 1
09 100 105 地底龙蛇【领主】 255 2 2 10 253 0 0 0 1
09 100 105 上古魔君【领主】 255 2 2 10 253 0 0 0 1
;---------->BOSS
09 100 105  杀戮人王【BOSS】 255 5 2 10 249 0 0 0 1
09 100 105  暴风之子【BOSS】 255 5 2 10 249 0 0 0 1
09 100 105  地底蛇僧【BOSS】 255 5 2 10 249 0 0 0 1
09 100 105  上古魔神【BOSS】 255 5 2 10 249 0 0 0 1


;------------------------>杀戮战场
;------------------>01层
;---------->普通
9101 65 103  红袍枪兵 255 60 1 0 255 0 0 0 1
9101 65 103  人马火巫 255 60 1 0 255 0 0 0 1
9101 65 103  杀戮游魔 255 60 1 0 255 0 0 0 1
9101 65 103  杀戮斧魔 255 60 1 0 255 0 0 0 1
;---------->精英
9101 65 103  杀戮双刀【精英】 255 20 1 0 251 0 0 0 1
9101 65 103  杀戮狂战【精英】 255 20 1 0 251 0 0 0 1
9101 65 103  杀戮骑将【精英】 255 20 1 0 251 0 0 0 1

;------------------>02层
;---------->普通
9102 55 42  红袍枪兵 255 60 1 0 255 0 0 0 1
9102 55 42  人马火巫 255 60 1 0 255 0 0 0 1
9102 55 42  杀戮游魔 255 60 1 0 255 0 0 0 1
9102 55 42  杀戮斧魔 255 60 1 0 255 0 0 0 1
;---------->精英
9102 55 42  杀戮双刀【精英】 255 20 1 0 251 0 0 0 1
9102 55 42  杀戮狂战【精英】 255 20 1 0 251 0 0 0 1
9102 55 42  杀戮骑将【精英】 255 20 1 0 251 0 0 0 1

;------------------>03层
;---------->普通
9103 72 99  红袍枪兵 255 60 1 0 255 0 0 0 1
9103 72 99  人马火巫 255 60 1 0 255 0 0 0 1
9103 72 99  杀戮游魔 255 60 1 0 255 0 0 0 1
9103 72 99  杀戮斧魔 255 60 1 0 255 0 0 0 1
;---------->精英
9103 72 99  杀戮双刀【精英】 255 20 1 0 251 0 0 0 1
9103 72 99  杀戮狂战【精英】 255 20 1 0 251 0 0 0 1
9103 72 99  杀戮骑将【精英】 255 20 1 0 251 0 0 0 1




;------------------------>暴风金墓
;------------------>01层
;---------->普通
9201 76 88  鳄鱼骑士 255 60 1 0 255 0 0 0 1
9201 76 88  红蓬魔战士 255 60 1 0 255 0 0 0 1
9201 76 88  暴风妖猪 255 60 1 0 255 0 0 0 1
9201 76 88  暴风金牛 255 60 1 0 255 0 0 0 1
9201 76 88  暴风冰熊 255 60 1 0 255 0 0 0 1
9201 76 88  暴风火狼 255 60 1 0 255 0 0 0 1
9201 76 88  暴风毒蝎 255 60 1 0 255 0 0 0 1
9201 76 88  暴风巫妖 255 60 1 0 255 0 0 0 1
;---------->精英
9201 76 88  冷面魔战【精英】 255 20 1 0 251 0 0 0 1
9201 76 88  暴风绿牛【精英】 255 20 1 0 251 0 0 0 1
9201 76 88  暴风金魔【精英】 255 20 1 0 251 0 0 0 1
9201 76 88  暴风紫魔【精英】 255 20 1 0 251 0 0 0 1



;------------------>02层
;---------->普通
9202 66 94  鳄鱼骑士 255 60 1 0 255 0 0 0 1
9202 66 94  红蓬魔战士 255 60 1 0 255 0 0 0 1
9202 66 94  暴风妖猪 255 60 1 0 255 0 0 0 1
9202 66 94  暴风金牛 255 60 1 0 255 0 0 0 1
9202 66 94  暴风冰熊 255 60 1 0 255 0 0 0 1
9202 66 94  暴风火狼 255 60 1 0 255 0 0 0 1
9202 66 94  暴风毒蝎 255 60 1 0 255 0 0 0 1
9202 66 94  暴风巫妖 255 60 1 0 255 0 0 0 1

;---------->精英
9202 66 94  冷面魔战【精英】 255 20 1 0 251 0 0 0 1
9202 66 94  暴风绿牛【精英】 255 20 1 0 251 0 0 0 1
9202 66 94  暴风金魔【精英】 255 20 1 0 251 0 0 0 1
9202 66 94  暴风紫魔【精英】 255 20 1 0 251 0 0 0 1


;------------------>03层
;---------->普通
9203 45 50  鳄鱼骑士 255 60 1 0 255 0 0 0 1
9203 45 50  红蓬魔战士 255 60 1 0 255 0 0 0 1
9203 45 50  暴风妖猪 255 60 1 0 255 0 0 0 1
9203 45 50  暴风金牛 255 60 1 0 255 0 0 0 1
9203 45 50  暴风冰熊 255 60 1 0 255 0 0 0 1
9203 45 50  暴风火狼 255 60 1 0 255 0 0 0 1
9203 45 50  暴风毒蝎 255 60 1 0 255 0 0 0 1
9203 45 50  暴风巫妖 255 60 1 0 255 0 0 0 1

;---------->精英
9203 45 50  冷面魔战【精英】 255 20 1 0 251 0 0 0 1
9203 45 50  暴风绿牛【精英】 255 20 1 0 251 0 0 0 1
9203 45 50  暴风金魔【精英】 255 20 1 0 251 0 0 0 1
9203 45 50  暴风紫魔【精英】 255 20 1 0 251 0 0 0 1





;------------------------>地底晶矿
;------------------>01层
;---------->普通
9301 55 73  迅影蛇妖 255 60 1 0 255 0 0 0 1
9301 55 73  魅惑蛇妖 255 60 1 0 255 0 0 0 1
9301 55 73  蓝翅蛇妖 255 60 1 0 255 0 0 0 1
9301 55 73  三头龙蛇 255 60 1 0 255 0 0 0 1

;---------->精英
9301 55 73  控火蛇巫【精英】 255 20 1 0 251 0 0 0 1
9301 55 73  噬魂蛇妖【精英】 255 20 1 0 251 0 0 0 1


;------------------>02层
;---------->普通
9302 24 24  迅影蛇妖 255 60 1 0 255 0 0 0 1
9302 24 24  魅惑蛇妖 255 60 1 0 255 0 0 0 1
9302 24 24  蓝翅蛇妖 255 60 1 0 255 0 0 0 1
9302 24 24  三头龙蛇 255 60 1 0 255 0 0 0 1

;---------->精英
9302 24 24  控火蛇巫【精英】 255 20 1 0 251 0 0 0 1
9302 24 24  噬魂蛇妖【精英】 255 20 1 0 251 0 0 0 1



;------------------------>上古遗迹
;------------------>01层
;---------->普通
9401 55 45  不死战士 255 60 1 0 255 0 0 0 1
9401 55 45  玉面剑客 255 60 1 0 255 0 0 0 1
9401 55 45  白发刀客 255 60 1 0 255 0 0 0 1
9401 55 45  红袍战士 255 60 1 0 255 0 0 0 1
9401 55 45  铠甲勇士 255 60 1 0 255 0 0 0 1
9401 55 45  巨剑斗士 255 60 1 0 255 0 0 0 1

;---------->精英
9401 55 45  不死战将【精英】 255 20 1 0 251 0 0 0 1
9401 55 45  黑魔战士【精英】 255 20 1 0 251 0 0 0 1
9401 55 45  黑天使【精英】 255 20 1 0 251 0 0 0 1



;------------------>02层
;---------->普通
9402 28 26  不死战士 255 60 1 0 255 0 0 0 1
9402 28 26  玉面剑客 255 60 1 0 255 0 0 0 1
9402 28 26  白发刀客 255 60 1 0 255 0 0 0 1
9402 28 26  红袍战士 255 60 1 0 255 0 0 0 1
9402 28 26  铠甲勇士 255 60 1 0 255 0 0 0 1
9402 28 26  巨剑斗士 255 60 1 0 255 0 0 0 1

;---------->精英
9402 28 26  不死战将【精英】 255 20 1 0 251 0 0 0 1
9402 28 26  黑魔战士【精英】 255 20 1 0 251 0 0 0 1
9402 28 26  黑天使【精英】 255 20 1 0 251 0 0 0 1




;------------------>03层
;---------->普通
9403 44 37  不死战士 255 60 1 0 255 0 0 0 1
9403 44 37  玉面剑客 255 60 1 0 255 0 0 0 1
9403 44 37  白发刀客 255 60 1 0 255 0 0 0 1
9403 44 37  红袍战士 255 60 1 0 255 0 0 0 1
9403 44 37  铠甲勇士 255 60 1 0 255 0 0 0 1
9403 44 37  巨剑斗士 255 60 1 0 255 0 0 0 1

;---------->精英
9403 44 37  不死战将【精英】 255 20 1 0 251 0 0 0 1
9403 44 37  黑魔战士【精英】 255 20 1 0 251 0 0 0 1
9403 44 37  黑天使【精英】 255 20 1 0 251 0 0 0 1



;=================第十大陆===================

;--------------> 主城刷怪
10 114 139  北冥魔王【荒漠城主】 0 1 2 0 249 0 0 0 1
;---------->统领
10 114 139 荒漠蝎魔【统领】 255 30 2 10 146 0 0 0 1
10 114 139 熔岩蛟妖【统领】 255 30 2 10 146 0 0 0 1
10 114 139 孤城骑兽【统领】 255 30 2 10 146 0 0 0 1
10 114 139 深渊异形【统领】 255 30 2 10 146 0 0 0 1
;---------->领主
10 114 139 荒漠骑魔【领主】 255 20 2 10 253 0 0 0 1
10 114 139 熔岩翅魔【领主】 255 20 2 10 253 0 0 0 1
10 114 139 孤城孤狼【领主】 255 20 2 10 253 0 0 0 1
10 114 139 深渊荒诞兽【领主】 255 20 2 10 253 0 0 0 1
;---------->BOSS
10 114 139  荒漠石魔【BOSS】 255 3 2 10 249 0 0 0 1
10 114 139  熔岩金纹兽【BOSS】 255 3 2 10 249 0 0 0 1
10 114 139  孤城野主【BOSS】 255 3 2 10 249 0 0 0 1
10 114 139  深渊紫鳞兽【BOSS】 255 3 2 10 249 0 0 0 1

;------------------------>荒漠遗迹
;------------------>01层
;---------->普通
10101 73 83  小绿魔 255 60 1 0 255 0 0 0 1
10101 73 83  绿魔骑士 255 60 1 0 255 0 0 0 1
10101 73 83  荒漠土著 255 60 1 0 255 0 0 0 1
;10101 73 83  荒漠铁镰 255 60 1 0 255 0 0 0 1
;10101 73 83  荒漠飞镰 255 60 1 0 255 0 0 0 1
;10101 73 83  荒漠刀兽 255 60 1 0 255 0 0 0 1

;---------->精英
10101 73 83  荒漠铁犀【精英】 255 60 1 0 251 0 0 0 1
10101 73 83  荒漠蛮将【精英】 255 60 1 0 251 0 0 0 1
10101 73 83  荒漠蛮箭【精英】 255 60 1 0 251 0 0 0 1
;10101 73 83  荒漠蛮斧【精英】 255 60 1 0 251 0 0 0 1
;10101 73 83  遗迹刀魔【精英】 255 60 1 0 251 0 0 0 1
;10101 73 83  远古战士【精英】 255 60 1 0 251 0 0 0 1



;------------------>02层
;---------->普通
;10102 59 70  小绿魔 255 60 1 0 255 0 0 0 1
;10102 59 70  绿魔骑士 255 60 1 0 255 0 0 0 1
;10102 59 70  荒漠土著 255 60 1 0 255 0 0 0 1
10102 59 70  荒漠铁镰 255 60 1 0 255 0 0 0 1
10102 59 70  荒漠飞镰 255 60 1 0 255 0 0 0 1
10102 59 70  荒漠刀兽 255 60 1 0 255 0 0 0 1

;---------->精英
;10102 59 70  荒漠铁犀【精英】 255 60 1 0 251 0 0 0 1
;10102 59 70  荒漠蛮将【精英】 255 60 1 0 251 0 0 0 1
;10102 59 70  荒漠蛮箭【精英】 255 60 1 0 251 0 0 0 1
10102 59 70  荒漠蛮斧【精英】 255 60 1 0 251 0 0 0 1
10102 59 70  遗迹刀魔【精英】 255 60 1 0 251 0 0 0 1
10102 59 70  远古战士【精英】 255 60 1 0 251 0 0 0 1


;------------------>03层
;---------->普通
10103 69 75  小绿魔 255 60 1 0 255 0 0 0 1
10103 69 75  绿魔骑士 255 60 1 0 255 0 0 0 1
10103 69 75  荒漠土著 255 60 1 0 255 0 0 0 1
10103 69 75  荒漠铁镰 255 60 1 0 255 0 0 0 1
10103 69 75  荒漠飞镰 255 60 1 0 255 0 0 0 1
10103 69 75  荒漠刀兽 255 60 1 0 255 0 0 0 1

;---------->精英
10103 69 75  荒漠铁犀【精英】 255 60 1 0 251 0 0 0 1
10103 69 75  荒漠蛮将【精英】 255 60 1 0 251 0 0 0 1
10103 69 75  荒漠蛮箭【精英】 255 60 1 0 251 0 0 0 1
10103 69 75  荒漠蛮斧【精英】 255 60 1 0 251 0 0 0 1
10103 69 75  遗迹刀魔【精英】 255 60 1 0 251 0 0 0 1
10103 69 75  远古战士【精英】 255 60 1 0 251 0 0 0 1




;------------------------>熔岩秘境
;------------------>01层
;---------->普通
10201 60 72  秘境异魔 255 60 1 0 255 0 0 0 1
10201 60 72  秘境巫妖 255 60 1 0 255 0 0 0 1
10201 60 72  秘境异鼠 255 60 1 0 255 0 0 0 1
10201 60 72  秘境绿妖 255 60 1 0 255 0 0 0 1

;---------->精英
10201 60 72  熔岩骑兽【精英】 255 60 1 0 251 0 0 0 1
10201 60 72  秘境白兽【精英】 255 60 1 0 251 0 0 0 1
10201 60 72  幻彩骑士【精英】 255 60 1 0 251 0 0 0 1
10201 60 72  熔岩翅魔【精英】 255 60 1 0 251 0 0 0 1

;------------------>02层
;---------->普通
10202 67 86  秘境异魔 255 60 1 0 255 0 0 0 1
10202 67 86  秘境巫妖 255 60 1 0 255 0 0 0 1
10202 67 86  秘境异鼠 255 60 1 0 255 0 0 0 1
10202 67 86  秘境绿妖 255 60 1 0 255 0 0 0 1

;---------->精英
10202 67 86  熔岩骑兽【精英】 255 60 1 0 251 0 0 0 1
10202 67 86  秘境白兽【精英】 255 60 1 0 251 0 0 0 1
10202 67 86  幻彩骑士【精英】 255 60 1 0 251 0 0 0 1
10202 67 86  熔岩翅魔【精英】 255 60 1 0 251 0 0 0 1


;------------------>03层
;---------->普通
10203 30 44  秘境异魔 255 60 1 0 255 0 0 0 1
10203 30 44  秘境巫妖 255 60 1 0 255 0 0 0 1
10203 30 44  秘境异鼠 255 60 1 0 255 0 0 0 1
10203 30 44  秘境绿妖 255 60 1 0 255 0 0 0 1

;---------->精英
10203 30 44  熔岩骑兽【精英】 255 60 1 0 251 0 0 0 1
10203 30 44  秘境白兽【精英】 255 60 1 0 251 0 0 0 1
10203 30 44  幻彩骑士【精英】 255 60 1 0 251 0 0 0 1
10203 30 44  熔岩翅魔【精英】 255 60 1 0 251 0 0 0 1



;------------------------>沙漠孤城
;------------------>01层
;---------->普通
10301 80 89  孤城牛魔 255 60 1 0 255 0 0 0 1
10301 80 89  孤城孤狼 255 60 1 0 255 0 0 0 1
;10301 80 89  四臂荒魔 255 60 1 0 255 0 0 0 1

;---------->精英
;10301 80 89  荒漠蛇王【精英】 255 60 1 0 251 0 0 0 1
;10301 80 89  孤骨翼魔【精英】 255 60 1 0 251 0 0 0 1
;10301 80 89  狼牙豪猪【精英】 255 60 1 0 251 0 0 0 1
10301 80 89  符文翼魔【精英】 255 60 1 0 251 0 0 0 1
10301 80 89  镰翅血魔【精英】 255 60 1 0 251 0 0 0 1
10301 80 89  黑翅羊怪【精英】 255 60 1 0 251 0 0 0 1


;------------------>02层
;---------->普通
10302 82 77  孤城牛魔 255 60 1 0 255 0 0 0 1
;10302 82 77  孤城孤狼 255 60 1 0 255 0 0 0 1
10302 82 77  四臂荒魔 255 60 1 0 255 0 0 0 1

;---------->精英
10302 82 77  荒漠蛇王【精英】 255 60 1 0 251 0 0 0 1
10302 82 77  孤骨翼魔【精英】 255 60 1 0 251 0 0 0 1
10302 82 77  狼牙豪猪【精英】 255 60 1 0 251 0 0 0 1
;10302 82 77  符文翼魔【精英】 255 60 1 0 251 0 0 0 1
;10302 82 77  镰翅血魔【精英】 255 60 1 0 251 0 0 0 1
;10302 82 77  黑翅羊怪【精英】 255 60 1 0 251 0 0 0 1


;------------------>03层
;---------->普通
10303 77 72  孤城牛魔 255 60 1 0 255 0 0 0 1
10303 77 72  孤城孤狼 255 60 1 0 255 0 0 0 1
10303 77 72  四臂荒魔 255 60 1 0 255 0 0 0 1

;---------->精英
10303 77 72  荒漠蛇王【精英】 255 60 1 0 251 0 0 0 1
10303 77 72  孤骨翼魔【精英】 255 60 1 0 251 0 0 0 1
10303 77 72  狼牙豪猪【精英】 255 60 1 0 251 0 0 0 1
10303 77 72  符文翼魔【精英】 255 60 1 0 251 0 0 0 1
10303 77 72  镰翅血魔【精英】 255 60 1 0 251 0 0 0 1
10303 77 72  黑翅羊怪【精英】 255 60 1 0 251 0 0 0 1



;------------------------>深渊密道
;------------------>01层
;---------->普通
10401 66 84  深渊魂妖 255 1 1 0 255 0 0 0 1
10401 66 84  深渊刀魔 255 1 1 0 255 0 0 0 1
;10401 66 84  深渊爪魔 255 60 1 0 255 0 0 0 1
;10401 66 84  金塔伏地魔 255 60 1 0 255 0 0 0 1

;---------->精英
;10401 66 84  深渊镰屠【精英】 255 60 1 0 251 0 0 0 1
;10401 66 84  金锤魔僧【精英】 255 60 1 0 251 0 0 0 1
;10401 66 84  深渊巨魔【精英】 255 60 1 0 251 0 0 0 1
10401 66 84  背鼓魔妖【精英】 255 60 1 0 251 0 0 0 1
10401 66 84  骨龙尸魔【精英】 255 60 1 0 251 0 0 0 1


;------------------>02层
;---------->普通
;10402 69 75  深渊魂妖 255 60 1 0 255 0 0 0 1
;10402 69 75  深渊刀魔 255 60 1 0 255 0 0 0 1
10402 69 75  深渊爪魔 255 1 60 0 255 0 0 0 1
10402 69 75  金塔伏地魔 255 60 1 0 255 0 0 0 1

;---------->精英
10402 69 75  深渊镰屠【精英】 255 60 1 0 251 0 0 0 1
10402 69 75  金锤魔僧【精英】 255 60 1 0 251 0 0 0 1
10402 69 75  深渊巨魔【精英】 255 60 1 0 251 0 0 0 1
;10402 69 75  背鼓魔妖【精英】 255 60 1 0 251 0 0 0 1
;10402 69 75  骨龙尸魔【精英】 255 60 1 0 251 0 0 0 1


;------------------>03层
;---------->普通
10403 36 36  深渊魂妖 255 60 1 0 255 0 0 0 1
;10403 36 36  深渊刀魔 255 60 1 0 255 0 0 0 1
10403 36 36  深渊爪魔 255 60 1 0 255 0 0 0 1
;10403 36 36  金塔伏地魔 255 60 1 0 255 0 0 0 1

;---------->精英
10403 36 36  深渊镰屠【精英】 255 60 1 0 251 0 0 0 1
;10403 36 36  金锤魔僧【精英】 255 60 1 0 251 0 0 0 1
10403 36 36  深渊巨魔【精英】 255 60 1 0 251 0 0 0 1
;10403 36 36  背鼓魔妖【精英】 255 60 1 0 251 0 0 0 1
10403 36 36  骨龙尸魔【精英】 255 60 1 0 251 0 0 0 1


;------------------>04层
;---------->普通
;10404 35 40  深渊魂妖 255 60 1 0 255 0 0 0 1
10404 35 40  深渊刀魔 255 60 1 0 255 0 0 0 1
;10404 35 40  深渊爪魔 255 60 1 0 255 0 0 0 1
10404 35 40  金塔伏地魔 255 60 1 0 255 0 0 0 1

;---------->精英
;10404 35 40  深渊镰屠【精英】 255 60 1 0 251 0 0 0 1
10404 35 40  金锤魔僧【精英】 255 60 1 0 251 0 0 0 1
;10404 35 40  深渊巨魔【精英】 255 60 1 0 251 0 0 0 1
10404 35 40  背鼓魔妖【精英】 255 60 1 0 251 0 0 0 1
;10404 35 40  骨龙尸魔【精英】 255 60 1 0 251 0 0 0 1


;------------------>05层
;---------->普通
;10405 58 80  深渊魂妖 255 60 1 0 255 0 0 0 1
;10405 58 80  深渊刀魔 255 60 1 0 255 0 0 0 1
10405 58 80  深渊爪魔 255 60 1 0 255 0 0 0 1
10405 58 80  金塔伏地魔 255 60 1 0 255 0 0 0 1

;---------->精英
10405 58 80  深渊镰屠【精英】 255 60 1 0 251 0 0 0 1
10405 58 80  金锤魔僧【精英】 255 60 1 0 251 0 0 0 1
10405 58 80  深渊巨魔【精英】 255 60 1 0 251 0 0 0 1
10405 58 80  背鼓魔妖【精英】 255 60 1 0 251 0 0 0 1
10405 58 80  骨龙尸魔【精英】 255 60 1 0 251 0 0 0 1



MAP067  94 101  天庭战神 0 1 15 0 251 0 0 0 1
MAP067  94 101   剑仙正宗 0 1 15 0 251 0 0 0 1
MAP067  94 101   多面蟹魔 0 1 15 0 251 0 0 0 1
MAP067  94 101  半兽战神 0 1 15 0 251 0 0 0 1
MAP067  94 101 斗战圣王 0 1 15 0 251 0 0 0 1
MAP067  94 101 龙族领袖 0 1 15 0 251 0 0 0 1
MAP067  94 101  恶魔之手 0 1 15 0 251 0 0 0 1
MAP067  94 101  巨力吼王 0 1 15 0 251 0 0 0 1












VIP4  56 159  嗜血黄泉【BOSS】 0 1 30 0 251 0 0 0 1
VIP4  123 158  古刹翼魔【领主】 0 1 30 0 251 0 0 0 1
VIP4  153 108  古刹悍妖【统领】 0 1 30 0 251 0 0 0 1
VIP4  136 59  巨斧牛魔【BOSS】 0 1 30 0 251 0 0 0 1
VIP4  92 28  牛魔王【领主】 0 1 30 0 251 0 0 0 1
VIP4  45 58  红眼牛魔【统领】 0 1 30 0 251 0 0 0 1
VIP4  28 108  金岩魔【BOSS】 0 1 30 0 251 0 0 0 1
VIP4  94 101  蚀地绿龙【领主】 0 1 30 0 251 0 0 0 1
VIP4  97 82  蚀地岩龙【统领】 0 1 30 0 251 0 0 0 1
VIP4  74 110  嗜血虹魔【BOSS】 0 1 30 0 251 0 0 0 1
VIP4  95 122 白毛虹魔【领主】 0 1 30 0 251 0 0 0 1
VIP4  88 78  白毛虹魔【统领】 0 1 30 0 251 0 0 0 1
VIP4  88 78  牛魔天尊【归隐城主】 0 1 30 0 251 0 0 0 1

fumo0 33 34 狂龙战神 0 1 15 0 251 0 0 0 1



MAP010 150 143 雪原异鼠 500 100 30 0 251 0 0 0 1

xianmo1 42 92 雪原异鼠小弟 500 100 10 0 251 0 0 0 1









